  0
SECTION
  2
HEADER
  9
$ACADVER
  1
AC1009
  9
$DWGCODEPAGE
  3
ANSI_1251
  9
$HANDSEED
  5
14E4
  0
ENDSEC
  0
SECTION
  2
TABLES
  0
TABLE
  2
VPORT
 70
        1
  0
VPORT
  2
*ACTIVE
 70
     0
 10
0.0
 20
0.0
 11
1.0
 21
1.0
 12
24.810001373291016
 22
35.069999694824219
 13
0.0
 23
0.0
 14
1.0
 24
1.0
 15
0.0
 25
0.0
 16
0.0
 26
0.0
 36
1.0
 17
0.0
 27
0.0
 37
1.0
 40
70.1399993896484375
 41
0.70744230365512617
 42
50.0
 43
0.0
 44
0.0
 50
0.0
 51
0.0
 71
     0
 72
   100
 73
     1
 74
     0
 75
     1
 76
     0
 77
     0
 78
     0
  0
ENDTAB
  0
TABLE
  2
LTYPE
 70
        3
  0
LTYPE
  2
CONTINUOUS
 70
     0
  3
Solid line
 72
    65
 73
     0
 40
0.0
  0
LTYPE
  2
1
 70
     0
  3

 72
    65
 73
     4
 40
8.75
 49
10.0
 49
-1.25
 49
1.25
 49
-1.25
  0
LTYPE
  2
2
 70
     0
  3

 72
    65
 73
     2
 40
3.75
 49
5.0
 49
-1.25
  0
ENDTAB
  0
TABLE
  2
LAYER
 70
        1
  0
LAYER
  2
0
 70
     0
 62
     7
  6
CONTINUOUS
  0
ENDTAB
  0
TABLE
  2
STYLE
 70
        1
  0
STYLE
  2
Standard
 70
     0
 40
0.0
 41
0.0
 50
0.0
 71
     0
 42
0.0
  3
txt
  0
ENDTAB
  0
TABLE
  2
VIEW
 70
        0
  0
ENDTAB
  0
TABLE
  2
UCS
 70
        0
  0
ENDTAB
  0
TABLE
  2
APPID
 70
        1
  0
APPID
  2
ACAD
 70
     0
  0
ENDTAB
  0
TABLE
  2
DIMSTYLE
 70
        0
  0
ENDTAB
  0
TABLE
  2
BLOCK_RECORD
 70
        0
  0
ENDTAB
  0
ENDSEC
  0
SECTION
  2
ENTITIES
  0
POLYLINE
  5
01
100
AcDbEntity
  8
0
 62
     3
100
AcDb2dPolyline
 66
     1
 10
0.0
 20
0.0
 30
0.0
  0
VERTEX
  5
02
100
AcDbEntity
  8
0
 62
     3
100
AcDbVertex
100
AcDb2dVertex
 10
24.964651334867835
 20
25.459872644655483
  0
VERTEX
  5
03
100
AcDbEntity
  8
0
 62
     3
100
AcDbVertex
100
AcDb2dVertex
 10
24.964651334867835
 20
22.057939155378723
  0
SEQEND
  5
04
100
AcDbEntity
  8
0
  0
POLYLINE
  5
05
100
AcDbEntity
  8
0
 62
     3
100
AcDb2dPolyline
 66
     1
 10
0.0
 20
0.0
 30
0.0
  0
VERTEX
  5
06
100
AcDbEntity
  8
0
 62
     3
100
AcDbVertex
100
AcDb2dVertex
 10
37.599431877026973
 20
25.39793744591941
  0
VERTEX
  5
07
100
AcDbEntity
  8
0
 62
     3
100
AcDbVertex
100
AcDb2dVertex
 10
37.599431877026973
 20
22.057939155378723
  0
SEQEND
  5
08
100
AcDbEntity
  8
0
  0
POLYLINE
  5
09
100
AcDbEntity
  8
0
 62
     3
100
AcDb2dPolyline
 66
     1
 10
0.0
 20
0.0
 30
0.0
  0
VERTEX
  5
0A
100
AcDbEntity
  8
0
 62
     3
100
AcDbVertex
100
AcDb2dVertex
 10
25.584003322228579
 20
22.305679950323018
  0
VERTEX
  5
0B
100
AcDbEntity
  8
0
 62
     3
100
AcDbVertex
100
AcDb2dVertex
 10
36.980079889666229
 20
22.305679950323018
  0
SEQEND
  5
0C
100
AcDbEntity
  8
0
  0
POLYLINE
  5
0D
100
AcDbEntity
  8
0
 62
     3
100
AcDb2dPolyline
 66
     1
 10
0.0
 20
0.0
 30
0.0
  0
VERTEX
  5
0E
100
AcDbEntity
  8
0
 62
     3
100
AcDbVertex
100
AcDb2dVertex
 10
25.584003322228579
 20
22.408905364130074
  0
VERTEX
  5
0F
100
AcDbEntity
  8
0
 62
     3
100
AcDbVertex
100
AcDb2dVertex
 10
25.584003322228579
 20
22.202454784256759
  0
VERTEX
  5
10
100
AcDbEntity
  8
0
 62
     3
100
AcDbVertex
100
AcDb2dVertex
 10
24.964651334867835
 20
22.305679950323018
  0
VERTEX
  5
11
100
AcDbEntity
  8
0
 62
     3
100
AcDbVertex
100
AcDb2dVertex
 10
24.964651334867835
 20
22.305679950323018
  0
VERTEX
  5
12
100
AcDbEntity
  8
0
 62
     3
100
AcDbVertex
100
AcDb2dVertex
 10
25.584003322228579
 20
22.408905364130074
  0
SEQEND
  5
13
100
AcDbEntity
  8
0
  0
POLYLINE
  5
14
100
AcDbEntity
  8
0
 62
     3
100
AcDb2dPolyline
 66
     1
 10
0.0
 20
0.0
 30
0.0
  0
VERTEX
  5
15
100
AcDbEntity
  8
0
 62
     3
100
AcDbVertex
100
AcDb2dVertex
 10
36.980079889666229
 20
22.408905364130074
  0
VERTEX
  5
16
100
AcDbEntity
  8
0
 62
     3
100
AcDbVertex
100
AcDb2dVertex
 10
36.980079889666229
 20
22.202454784256759
  0
VERTEX
  5
17
100
AcDbEntity
  8
0
 62
     3
100
AcDbVertex
100
AcDb2dVertex
 10
37.599431877026973
 20
22.305679950323018
  0
VERTEX
  5
18
100
AcDbEntity
  8
0
 62
     3
100
AcDbVertex
100
AcDb2dVertex
 10
37.599431877026973
 20
22.305679950323018
  0
VERTEX
  5
19
100
AcDbEntity
  8
0
 62
     3
100
AcDbVertex
100
AcDb2dVertex
 10
36.980079889666229
 20
22.408905364130074
  0
SEQEND
  5
1A
100
AcDbEntity
  8
0
  0
POLYLINE
  5
1B
100
AcDbEntity
  8
0
 62
     2
100
AcDb2dPolyline
 66
     1
 10
0.0
 20
0.0
 30
0.0
 40
0.000000247740786108
 41
0.000000247740786108
  0
VERTEX
  5
1C
100
AcDbEntity
  8
0
 62
     2
100
AcDbVertex
100
AcDb2dVertex
 10
30.608358991223259
 20
22.681448328013417
  0
VERTEX
  5
1D
100
AcDbEntity
  8
0
 62
     2
100
AcDbVertex
100
AcDb2dVertex
 10
30.720146536110764
 20
22.69091182387691
  0
VERTEX
  5
1E
100
AcDbEntity
  8
0
 62
     2
100
AcDbVertex
100
AcDb2dVertex
 10
30.732074474444143
 20
22.640998539824455
  0
VERTEX
  5
1F
100
AcDbEntity
  8
0
 62
     2
100
AcDbVertex
100
AcDb2dVertex
 10
30.75129721302859
 20
22.60008853697353
  0
VERTEX
  5
20
100
AcDbEntity
  8
0
 62
     2
100
AcDbVertex
100
AcDb2dVertex
 10
30.777814714028924
 20
22.56818211189724
  0
VERTEX
  5
21
100
AcDbEntity
  8
0
 62
     2
100
AcDbVertex
100
AcDb2dVertex
 10
30.81004973176135
 20
22.545344950930101
  0
VERTEX
  5
22
100
AcDbEntity
  8
0
 62
     2
100
AcDbVertex
100
AcDb2dVertex
 10
30.846425064123689
 20
22.531642489756781
  0
VERTEX
  5
23
100
AcDbEntity
  8
0
 62
     2
100
AcDbVertex
100
AcDb2dVertex
 10
30.886940650704819
 20
22.527075051740194
  0
VERTEX
  5
24
100
AcDbEntity
  8
0
 62
     2
100
AcDbVertex
100
AcDb2dVertex
 10
30.935572479396019
 20
22.533515584111061
  0
VERTEX
  5
25
100
AcDbEntity
  8
0
 62
     2
100
AcDbVertex
100
AcDb2dVertex
 10
30.978946867193617
 20
22.552836779831608
  0
VERTEX
  5
26
100
AcDbEntity
  8
0
 62
     2
100
AcDbVertex
100
AcDb2dVertex
 10
31.017063718827846
 20
22.585038963904086
  0
VERTEX
  5
27
100
AcDbEntity
  8
0
 62
     2
100
AcDbVertex
100
AcDb2dVertex
 10
31.046637107410898
 20
22.62788766197081
  0
VERTEX
  5
28
100
AcDbEntity
  8
0
 62
     2
100
AcDbVertex
100
AcDb2dVertex
 10
31.064381203949207
 20
22.679148165421569
  0
VERTEX
  5
29
100
AcDbEntity
  8
0
 62
     2
100
AcDbVertex
100
AcDb2dVertex
 10
31.070295883059988
 20
22.738820771685841
  0
VERTEX
  5
2A
100
AcDbEntity
  8
0
 62
     2
100
AcDbVertex
100
AcDb2dVertex
 10
31.064611173899852
 20
22.795273231047009
  0
VERTEX
  5
2B
100
AcDbEntity
  8
0
 62
     2
100
AcDbVertex
100
AcDb2dVertex
 10
31.047557208903743
 20
22.843182094794098
  0
VERTEX
  5
2C
100
AcDbEntity
  8
0
 62
     2
100
AcDbVertex
100
AcDb2dVertex
 10
31.019133858547985
 20
22.882547615112635
  0
VERTEX
  5
2D
100
AcDbEntity
  8
0
 62
     2
100
AcDbVertex
100
AcDb2dVertex
 10
30.981509856056231
 20
22.911792512052493
  0
VERTEX
  5
2E
100
AcDbEntity
  8
0
 62
     2
100
AcDbVertex
100
AcDb2dVertex
 10
30.936854020062324
 20
22.929339337294373
  0
VERTEX
  5
2F
100
AcDbEntity
  8
0
 62
     2
100
AcDbVertex
100
AcDb2dVertex
 10
30.885166245230419
 20
22.935188310853313
  0
VERTEX
  5
30
100
AcDbEntity
  8
0
 62
     2
100
AcDbVertex
100
AcDb2dVertex
 10
30.851978268096129
 20
22.932592483733494
  0
VERTEX
  5
31
100
AcDbEntity
  8
0
 62
     2
100
AcDbVertex
100
AcDb2dVertex
 10
30.821024773701549
 20
22.924804744055564
  0
VERTEX
  5
32
100
AcDbEntity
  8
0
 62
     2
100
AcDbVertex
100
AcDb2dVertex
 10
30.792305692069899
 20
22.911825305440313
  0
VERTEX
  5
33
100
AcDbEntity
  8
0
 62
     2
100
AcDbVertex
100
AcDb2dVertex
 10
30.766675375719689
 20
22.894705643299691
  0
VERTEX
  5
34
100
AcDbEntity
  8
0
 62
     2
100
AcDbVertex
100
AcDb2dVertex
 10
30.744988212993992
 20
22.874497061634649
  0
VERTEX
  5
35
100
AcDbEntity
  8
0
 62
     2
100
AcDbVertex
100
AcDb2dVertex
 10
30.727244158008386
 20
22.851199785064814
  0
VERTEX
  5
36
100
AcDbEntity
  8
0
 62
     2
100
AcDbVertex
100
AcDb2dVertex
 10
30.627285982950244
 20
22.864212091877118
  0
VERTEX
  5
37
100
AcDbEntity
  8
0
 62
     2
100
AcDbVertex
100
AcDb2dVertex
 10
30.711274508738743
 20
23.309587865952736
  0
VERTEX
  5
38
100
AcDbEntity
  8
0
 62
     2
100
AcDbVertex
100
AcDb2dVertex
 10
31.142455039019122
 20
23.309587865952736
  0
VERTEX
  5
39
100
AcDbEntity
  8
0
 62
     2
100
AcDbVertex
100
AcDb2dVertex
 10
31.142455039019122
 20
23.207855285420191
  0
VERTEX
  5
3A
100
AcDbEntity
  8
0
 62
     2
100
AcDbVertex
100
AcDb2dVertex
 10
30.79644597151017
 20
23.207855285420191
  0
VERTEX
  5
3B
100
AcDbEntity
  8
0
 62
     2
100
AcDbVertex
100
AcDb2dVertex
 10
30.749719960684178
 20
22.974816699781687
  0
VERTEX
  5
3C
100
AcDbEntity
  8
0
 62
     2
100
AcDbVertex
100
AcDb2dVertex
 10
30.802623518135302
 20
23.005047369613344
  0
VERTEX
  5
3D
100
AcDbEntity
  8
0
 62
     2
100
AcDbVertex
100
AcDb2dVertex
 10
30.857235794985012
 20
23.023185672335554
  0
VERTEX
  5
3E
100
AcDbEntity
  8
0
 62
     2
100
AcDbVertex
100
AcDb2dVertex
 10
30.913556732820897
 20
23.029231800996769
  0
VERTEX
  5
3F
100
AcDbEntity
  8
0
 62
     2
100
AcDbVertex
100
AcDb2dVertex
 10
30.985321548538831
 20
23.020491265118292
  0
VERTEX
  5
40
100
AcDbEntity
  8
0
 62
     2
100
AcDbVertex
100
AcDb2dVertex
 10
31.049200182242682
 20
22.994269431649226
  0
VERTEX
  5
41
100
AcDbEntity
  8
0
 62
     2
100
AcDbVertex
100
AcDb2dVertex
 10
31.105192524056616
 20
22.950566491631488
  0
VERTEX
  5
42
100
AcDbEntity
  8
0
 62
     2
100
AcDbVertex
100
AcDb2dVertex
 10
31.148566836088552
 20
22.893128391314356
  0
VERTEX
  5
43
100
AcDbEntity
  8
0
 62
     2
100
AcDbVertex
100
AcDb2dVertex
 10
31.174591501102125
 20
22.825700907313692
  0
VERTEX
  5
44
100
AcDbEntity
  8
0
 62
     2
100
AcDbVertex
100
AcDb2dVertex
 10
31.183266364930436
 20
22.748284267549334
  0
VERTEX
  5
45
100
AcDbEntity
  8
0
 62
     2
100
AcDbVertex
100
AcDb2dVertex
 10
31.175642943742123
 20
22.673365005619292
  0
VERTEX
  5
46
100
AcDbEntity
  8
0
 62
     2
100
AcDbVertex
100
AcDb2dVertex
 10
31.152772882333
 20
22.605543189117707
  0
VERTEX
  5
47
100
AcDbEntity
  8
0
 62
     2
100
AcDbVertex
100
AcDb2dVertex
 10
31.114656019920108
 20
22.544819106484244
  0
VERTEX
  5
48
100
AcDbEntity
  8
0
 62
     2
100
AcDbVertex
100
AcDb2dVertex
 10
31.052288911014411
 20
22.486329542463992
  0
VERTEX
  5
49
100
AcDbEntity
  8
0
 62
     2
100
AcDbVertex
100
AcDb2dVertex
 10
30.976383829143462
 20
22.451235632461479
  0
VERTEX
  5
4A
100
AcDbEntity
  8
0
 62
     2
100
AcDbVertex
100
AcDb2dVertex
 10
30.886940650704819
 20
22.439537715002889
  0
VERTEX
  5
4B
100
AcDbEntity
  8
0
 62
     2
100
AcDbVertex
100
AcDb2dVertex
 10
30.812908489271823
 20
22.446898317000986
  0
VERTEX
  5
4C
100
AcDbEntity
  8
0
 62
     2
100
AcDbVertex
100
AcDb2dVertex
 10
30.748537021426035
 20
22.468979690793631
  0
VERTEX
  5
4D
100
AcDbEntity
  8
0
 62
     2
100
AcDbVertex
100
AcDb2dVertex
 10
30.693826188240426
 20
22.505782186047337
  0
VERTEX
  5
4E
100
AcDbEntity
  8
0
 62
     2
100
AcDbVertex
100
AcDb2dVertex
 10
30.651076154132728
 20
22.554742731880108
  0
VERTEX
  5
4F
100
AcDbEntity
  8
0
 62
     2
100
AcDbVertex
100
AcDb2dVertex
 10
30.622587093153069
 20
22.613298006481489
  0
VERTEX
  5
50
100
AcDbEntity
  8
0
 62
     2
100
AcDbVertex
100
AcDb2dVertex
 10
30.608358991223259
 20
22.681448328013417
  0
SEQEND
  5
51
100
AcDbEntity
  8
0
  0
POLYLINE
  5
52
100
AcDbEntity
  8
0
 62
     2
100
AcDb2dPolyline
 66
     1
 10
0.0
 20
0.0
 30
0.0
 40
0.000000247740786108
 41
0.000000247740786108
  0
VERTEX
  5
53
100
AcDbEntity
  8
0
 62
     2
100
AcDbVertex
100
AcDb2dVertex
 10
31.282041603005634
 20
22.881956146621167
  0
VERTEX
  5
54
100
AcDbEntity
  8
0
 62
     2
100
AcDbVertex
100
AcDb2dVertex
 10
31.285557497121676
 20
22.977806966135052
  0
VERTEX
  5
55
100
AcDbEntity
  8
0
 62
     2
100
AcDbVertex
100
AcDb2dVertex
 10
31.296105417842195
 20
23.060316754347813
  0
VERTEX
  5
56
100
AcDbEntity
  8
0
 62
     2
100
AcDbVertex
100
AcDb2dVertex
 10
31.313685167299187
 20
23.129485710300642
  0
VERTEX
  5
57
100
AcDbEntity
  8
0
 62
     2
100
AcDbVertex
100
AcDb2dVertex
 10
31.338198189696985
 20
23.18721965124751
  0
VERTEX
  5
58
100
AcDbEntity
  8
0
 62
     2
100
AcDbVertex
100
AcDb2dVertex
 10
31.369546091002324
 20
23.235424287037475
  0
VERTEX
  5
59
100
AcDbEntity
  8
0
 62
     2
100
AcDbVertex
100
AcDb2dVertex
 10
31.40772865744265
 20
23.27409975646464
  0
VERTEX
  5
5A
100
AcDbEntity
  8
0
 62
     2
100
AcDbVertex
100
AcDb2dVertex
 10
31.452910209202383
 20
23.302358839124839
  0
VERTEX
  5
5B
100
AcDbEntity
  8
0
 62
     2
100
AcDbVertex
100
AcDb2dVertex
 10
31.505255253285991
 20
23.31931423361462
  0
VERTEX
  5
5C
100
AcDbEntity
  8
0
 62
     2
100
AcDbVertex
100
AcDb2dVertex
 10
31.56476354192748
 20
23.324966046730911
  0
VERTEX
  5
5D
100
AcDbEntity
  8
0
 62
     2
100
AcDbVertex
100
AcDb2dVertex
 10
31.609386470771636
 20
23.321844436474365
  0
VERTEX
  5
5E
100
AcDbEntity
  8
0
 62
     2
100
AcDbVertex
100
AcDb2dVertex
 10
31.650197893578646
 20
23.312479484998025
  0
VERTEX
  5
5F
100
AcDbEntity
  8
0
 62
     2
100
AcDbVertex
100
AcDb2dVertex
 10
31.687197519661414
 20
23.296871293386168
  0
VERTEX
  5
60
100
AcDbEntity
  8
0
 62
     2
100
AcDbVertex
100
AcDb2dVertex
 10
31.720253943328093
 20
23.275381303356095
  0
VERTEX
  5
61
100
AcDbEntity
  8
0
 62
     2
100
AcDbVertex
100
AcDb2dVertex
 10
31.749236006866678
 20
23.24837087058005
  0
VERTEX
  5
62
100
AcDbEntity
  8
0
 62
     2
100
AcDbVertex
100
AcDb2dVertex
 10
31.774143387907248
 20
23.215840110055012
  0
VERTEX
  5
63
100
AcDbEntity
  8
0
 62
     2
100
AcDbVertex
100
AcDb2dVertex
 10
31.795370434587621
 20
23.177986165724633
  0
VERTEX
  5
64
100
AcDbEntity
  8
0
 62
     2
100
AcDbVertex
100
AcDb2dVertex
 10
31.813311760133889
 20
23.135006074120469
  0
VERTEX
  5
65
100
AcDbEntity
  8
0
 62
     2
100
AcDbVertex
100
AcDb2dVertex
 10
31.827967020630862
 20
23.086899978914929
  0
VERTEX
  5
66
100
AcDbEntity
  8
0
 62
     2
100
AcDbVertex
100
AcDb2dVertex
 10
31.838810504934305
 20
23.030349069594671
  0
VERTEX
  5
67
100
AcDbEntity
  8
0
 62
     2
100
AcDbVertex
100
AcDb2dVertex
 10
31.845316776983143
 20
22.962034395990329
  0
VERTEX
  5
68
100
AcDbEntity
  8
0
 62
     2
100
AcDbVertex
100
AcDb2dVertex
 10
31.847485480849318
 20
22.881956146621167
  0
VERTEX
  5
69
100
AcDbEntity
  8
0
 62
     2
100
AcDbVertex
100
AcDb2dVertex
 10
31.844002282466608
 20
22.786762648377643
  0
VERTEX
  5
6A
100
AcDbEntity
  8
0
 62
     2
100
AcDbVertex
100
AcDb2dVertex
 10
31.833553124578483
 20
22.704647021162927
  0
VERTEX
  5
6B
100
AcDbEntity
  8
0
 62
     2
100
AcDbVertex
100
AcDb2dVertex
 10
31.816137650801497
 20
22.635609519924625
  0
VERTEX
  5
6C
100
AcDbEntity
  8
0
 62
     2
100
AcDbVertex
100
AcDb2dVertex
 10
31.791788761547114
 20
22.57784285359493
  0
VERTEX
  5
6D
100
AcDbEntity
  8
0
 62
     2
100
AcDbVertex
100
AcDb2dVertex
 10
31.760539623107295
 20
22.529539488447803
  0
VERTEX
  5
6E
100
AcDbEntity
  8
0
 62
     2
100
AcDbVertex
100
AcDb2dVertex
 10
31.722389894903774
 20
22.490699739514895
  0
VERTEX
  5
6F
100
AcDbEntity
  8
0
 62
     2
100
AcDbVertex
100
AcDb2dVertex
 10
31.677142460740466
 20
22.462276494061797
  0
VERTEX
  5
70
100
AcDbEntity
  8
0
 62
     2
100
AcDbVertex
100
AcDb2dVertex
 10
31.624600445275657
 20
22.445222370181725
  0
VERTEX
  5
71
100
AcDbEntity
  8
0
 62
     2
100
AcDbVertex
100
AcDb2dVertex
 10
31.56476354192748
 20
22.439537715002889
  0
VERTEX
  5
72
100
AcDbEntity
  8
0
 62
     2
100
AcDbVertex
100
AcDb2dVertex
 10
31.48714965235482
 20
22.449527065969473
  0
VERTEX
  5
73
100
AcDbEntity
  8
0
 62
     2
100
AcDbVertex
100
AcDb2dVertex
 10
31.421496734691498
 20
22.479494686980942
  0
VERTEX
  5
74
100
AcDbEntity
  8
0
 62
     2
100
AcDbVertex
100
AcDb2dVertex
 10
31.36780453426854
 20
22.529440925706069
  0
VERTEX
  5
75
100
AcDbEntity
  8
0
 62
     2
100
AcDbVertex
100
AcDb2dVertex
 10
31.320158398035549
 20
22.616715483876529
  0
VERTEX
  5
76
100
AcDbEntity
  8
0
 62
     2
100
AcDbVertex
100
AcDb2dVertex
 10
31.291570823890471
 20
22.734220459372562
  0
VERTEX
  5
77
100
AcDbEntity
  8
0
 62
     2
100
AcDbVertex
100
AcDb2dVertex
 10
31.282041603005634
 20
22.881956146621167
  0
SEQEND
  5
78
100
AcDbEntity
  8
0
  0
POLYLINE
  5
79
100
AcDbEntity
  8
0
 62
     2
100
AcDb2dPolyline
 66
     1
 10
0.0
 20
0.0
 30
0.0
 40
0.000000247740786108
 41
0.000000247740786108
  0
VERTEX
  5
7A
100
AcDbEntity
  8
0
 62
     2
100
AcDbVertex
100
AcDb2dVertex
 10
31.391463273927268
 20
22.881956146621167
  0
VERTEX
  5
7B
100
AcDbEntity
  8
0
 62
     2
100
AcDbVertex
100
AcDb2dVertex
 10
31.397016439133548
 20
22.75548053834245
  0
VERTEX
  5
7C
100
AcDbEntity
  8
0
 62
     2
100
AcDbVertex
100
AcDb2dVertex
 10
31.413676212016785
 20
22.660746914636192
  0
VERTEX
  5
7D
100
AcDbEntity
  8
0
 62
     2
100
AcDbVertex
100
AcDb2dVertex
 10
31.441442361456343
 20
22.597755536470654
  0
VERTEX
  5
7E
100
AcDbEntity
  8
0
 62
     2
100
AcDbVertex
100
AcDb2dVertex
 10
31.477357570766568
 20
22.55848869322638
  0
VERTEX
  5
7F
100
AcDbEntity
  8
0
 62
     2
100
AcDbVertex
100
AcDb2dVertex
 10
31.518464715627541
 20
22.534928425428781
  0
VERTEX
  5
80
100
AcDbEntity
  8
0
 62
     2
100
AcDbVertex
100
AcDb2dVertex
 10
31.56476354192748
 20
22.527075051740194
  0
VERTEX
  5
81
100
AcDbEntity
  8
0
 62
     2
100
AcDbVertex
100
AcDb2dVertex
 10
31.611062298082356
 20
22.534961396043723
  0
VERTEX
  5
82
100
AcDbEntity
  8
0
 62
     2
100
AcDbVertex
100
AcDb2dVertex
 10
31.652169455214914
 20
22.55862002773463
  0
VERTEX
  5
83
100
AcDbEntity
  8
0
 62
     2
100
AcDbVertex
100
AcDb2dVertex
 10
31.688084722398617
 20
22.59805127071639
  0
VERTEX
  5
84
100
AcDbEntity
  8
0
 62
     2
100
AcDbVertex
100
AcDb2dVertex
 10
31.715850788807838
 20
22.661141334152809
  0
VERTEX
  5
85
100
AcDbEntity
  8
0
 62
     2
100
AcDbVertex
100
AcDb2dVertex
 10
31.732510591111573
 20
22.755776198764927
  0
VERTEX
  5
86
100
AcDbEntity
  8
0
 62
     2
100
AcDbVertex
100
AcDb2dVertex
 10
31.738063809927684
 20
22.881956146621167
  0
VERTEX
  5
87
100
AcDbEntity
  8
0
 62
     2
100
AcDbVertex
100
AcDb2dVertex
 10
31.732510481092636
 20
23.008727623213193
  0
VERTEX
  5
88
100
AcDbEntity
  8
0
 62
     2
100
AcDbVertex
100
AcDb2dVertex
 10
31.715850892951554
 20
23.103559673637648
  0
VERTEX
  5
89
100
AcDbEntity
  8
0
 62
     2
100
AcDbVertex
100
AcDb2dVertex
 10
31.688084722398617
 20
23.166452491017413
  0
VERTEX
  5
8A
100
AcDbEntity
  8
0
 62
     2
100
AcDbVertex
100
AcDb2dVertex
 10
31.652037912011199
 20
23.205555171519382
  0
VERTEX
  5
8B
100
AcDbEntity
  8
0
 62
     2
100
AcDbVertex
100
AcDb2dVertex
 10
31.610536639531436
 20
23.229016709869569
  0
VERTEX
  5
8C
100
AcDbEntity
  8
0
 62
     2
100
AcDbVertex
100
AcDb2dVertex
 10
31.563580604944537
 20
23.236837241502137
  0
VERTEX
  5
8D
100
AcDbEntity
  8
0
 62
     2
100
AcDbVertex
100
AcDb2dVertex
 10
31.517971731866314
 20
23.22993681214226
  0
VERTEX
  5
8E
100
AcDbEntity
  8
0
 62
     2
100
AcDbVertex
100
AcDb2dVertex
 10
31.478934899256604
 20
23.20923537177724
  0
VERTEX
  5
8F
100
AcDbEntity
  8
0
 62
     2
100
AcDbVertex
100
AcDb2dVertex
 10
31.446469843633817
 20
23.174733049897966
  0
VERTEX
  5
90
100
AcDbEntity
  8
0
 62
     2
100
AcDbVertex
100
AcDb2dVertex
 10
31.415910567608709
 20
23.106977090729611
  0
VERTEX
  5
91
100
AcDbEntity
  8
0
 62
     2
100
AcDbVertex
100
AcDb2dVertex
 10
31.397575122921008
 20
23.009384732758171
  0
VERTEX
  5
92
100
AcDbEntity
  8
0
 62
     2
100
AcDbVertex
100
AcDb2dVertex
 10
31.391463273927268
 20
22.881956146621167
  0
SEQEND
  5
93
100
AcDbEntity
  8
0
  0
POLYLINE
  5
94
100
AcDbEntity
  8
0
 62
     3
100
AcDb2dPolyline
 66
     1
 10
0.0
 20
0.0
 30
0.0
  0
VERTEX
  5
95
100
AcDbEntity
  8
0
 62
     3
100
AcDbVertex
100
AcDb2dVertex
 10
4.6746802289299367
 20
45.348503662783621
  0
VERTEX
  5
96
100
AcDbEntity
  8
0
 62
     3
100
AcDbVertex
100
AcDb2dVertex
 10
4.6746802289299367
 20
50.507404216951159
  0
SEQEND
  5
97
100
AcDbEntity
  8
0
  0
POLYLINE
  5
98
100
AcDbEntity
  8
0
 62
     3
100
AcDb2dPolyline
 66
     1
 10
0.0
 20
0.0
 30
0.0
  0
VERTEX
  5
99
100
AcDbEntity
  8
0
 62
     3
100
AcDbVertex
100
AcDb2dVertex
 10
49.243249239408925
 20
42.492052297075887
  0
VERTEX
  5
9A
100
AcDbEntity
  8
0
 62
     3
100
AcDbVertex
100
AcDb2dVertex
 10
49.243249239408925
 20
50.507404216951159
  0
SEQEND
  5
9B
100
AcDbEntity
  8
0
  0
POLYLINE
  5
9C
100
AcDbEntity
  8
0
 62
     3
100
AcDb2dPolyline
 66
     1
 10
0.0
 20
0.0
 30
0.0
  0
VERTEX
  5
9D
100
AcDbEntity
  8
0
 62
     3
100
AcDbVertex
100
AcDb2dVertex
 10
5.2940322162906774
 20
50.259663422006859
  0
VERTEX
  5
9E
100
AcDbEntity
  8
0
 62
     3
100
AcDbVertex
100
AcDb2dVertex
 10
48.623897252048181
 20
50.259663422006859
  0
SEQEND
  5
9F
100
AcDbEntity
  8
0
  0
POLYLINE
  5
A0
100
AcDbEntity
  8
0
 62
     3
100
AcDb2dPolyline
 66
     1
 10
0.0
 20
0.0
 30
0.0
  0
VERTEX
  5
A1
100
AcDbEntity
  8
0
 62
     3
100
AcDbVertex
100
AcDb2dVertex
 10
5.2940322162906774
 20
50.362888588073119
  0
VERTEX
  5
A2
100
AcDbEntity
  8
0
 62
     3
100
AcDbVertex
100
AcDb2dVertex
 10
5.2940322162906774
 20
50.1564380081998
  0
VERTEX
  5
A3
100
AcDbEntity
  8
0
 62
     3
100
AcDbVertex
100
AcDb2dVertex
 10
4.6746802289299367
 20
50.259663422006859
  0
VERTEX
  5
A4
100
AcDbEntity
  8
0
 62
     3
100
AcDbVertex
100
AcDb2dVertex
 10
4.6746802289299367
 20
50.259663422006859
  0
VERTEX
  5
A5
100
AcDbEntity
  8
0
 62
     3
100
AcDbVertex
100
AcDb2dVertex
 10
5.2940322162906774
 20
50.362888588073119
  0
SEQEND
  5
A6
100
AcDbEntity
  8
0
  0
POLYLINE
  5
A7
100
AcDbEntity
  8
0
 62
     3
100
AcDb2dPolyline
 66
     1
 10
0.0
 20
0.0
 30
0.0
  0
VERTEX
  5
A8
100
AcDbEntity
  8
0
 62
     3
100
AcDbVertex
100
AcDb2dVertex
 10
48.623897252048181
 20
50.362888588073119
  0
VERTEX
  5
A9
100
AcDbEntity
  8
0
 62
     3
100
AcDbVertex
100
AcDb2dVertex
 10
48.623897252048181
 20
50.1564380081998
  0
VERTEX
  5
AA
100
AcDbEntity
  8
0
 62
     3
100
AcDbVertex
100
AcDb2dVertex
 10
49.243249239408925
 20
50.259663422006859
  0
VERTEX
  5
AB
100
AcDbEntity
  8
0
 62
     3
100
AcDbVertex
100
AcDb2dVertex
 10
49.243249239408925
 20
50.259663422006859
  0
VERTEX
  5
AC
100
AcDbEntity
  8
0
 62
     3
100
AcDbVertex
100
AcDb2dVertex
 10
48.623897252048181
 20
50.362888588073119
  0
SEQEND
  5
AD
100
AcDbEntity
  8
0
  0
POLYLINE
  5
AE
100
AcDbEntity
  8
0
 62
     2
100
AcDb2dPolyline
 66
     1
 10
0.0
 20
0.0
 30
0.0
 40
0.000000247740786108
 41
0.000000247740786108
  0
VERTEX
  5
AF
100
AcDbEntity
  8
0
 62
     2
100
AcDbVertex
100
AcDb2dVertex
 10
26.267833767943085
 20
50.40830789897344
  0
VERTEX
  5
B0
100
AcDbEntity
  8
0
 62
     2
100
AcDbVertex
100
AcDb2dVertex
 10
26.161369439478793
 20
50.40830789897344
  0
VERTEX
  5
B1
100
AcDbEntity
  8
0
 62
     2
100
AcDbVertex
100
AcDb2dVertex
 10
26.161369439478793
 20
51.086722258687558
  0
VERTEX
  5
B2
100
AcDbEntity
  8
0
 62
     2
100
AcDbVertex
100
AcDb2dVertex
 10
26.133077512188205
 20
51.0622749404871
  0
VERTEX
  5
B3
100
AcDbEntity
  8
0
 62
     2
100
AcDbVertex
100
AcDb2dVertex
 10
26.099462403388852
 20
51.037827522072469
  0
VERTEX
  5
B4
100
AcDbEntity
  8
0
 62
     2
100
AcDbVertex
100
AcDb2dVertex
 10
26.060524061683449
 20
51.013380165745495
  0
VERTEX
  5
B5
100
AcDbEntity
  8
0
 62
     2
100
AcDbVertex
100
AcDb2dVertex
 10
26.02033705499478
 20
50.990970134269567
  0
VERTEX
  5
B6
100
AcDbEntity
  8
0
 62
     2
100
AcDbVertex
100
AcDb2dVertex
 10
25.982975968656515
 20
50.972634550366024
  0
VERTEX
  5
B7
100
AcDbEntity
  8
0
 62
     2
100
AcDbVertex
100
AcDb2dVertex
 10
25.948440782550211
 20
50.958373596038946
  0
VERTEX
  5
B8
100
AcDbEntity
  8
0
 62
     2
100
AcDbVertex
100
AcDb2dVertex
 10
25.948440782550211
 20
51.061289113554423
  0
VERTEX
  5
B9
100
AcDbEntity
  8
0
 62
     2
100
AcDbVertex
100
AcDb2dVertex
 10
26.005484631223066
 20
51.091256897704035
  0
VERTEX
  5
BA
100
AcDbEntity
  8
0
 62
     2
100
AcDbVertex
100
AcDb2dVertex
 10
26.057533864247443
 20
51.125167707467952
  0
VERTEX
  5
BB
100
AcDbEntity
  8
0
 62
     2
100
AcDbVertex
100
AcDb2dVertex
 10
26.104588464297837
 20
51.163021694086972
  0
VERTEX
  5
BC
100
AcDbEntity
  8
0
 62
     2
100
AcDbVertex
100
AcDb2dVertex
 10
26.144808307207281
 20
51.202452965037118
  0
VERTEX
  5
BD
100
AcDbEntity
  8
0
 62
     2
100
AcDbVertex
100
AcDb2dVertex
 10
26.176353312196394
 20
51.24109553323202
  0
VERTEX
  5
BE
100
AcDbEntity
  8
0
 62
     2
100
AcDbVertex
100
AcDb2dVertex
 10
26.199223422932764
 20
51.278949518414755
  0
VERTEX
  5
BF
100
AcDbEntity
  8
0
 62
     2
100
AcDbVertex
100
AcDb2dVertex
 10
26.267833767943085
 20
51.278949518414755
  0
VERTEX
  5
C0
100
AcDbEntity
  8
0
 62
     2
100
AcDbVertex
100
AcDb2dVertex
 10
26.267833767943085
 20
50.40830789897344
  0
SEQEND
  5
C1
100
AcDbEntity
  8
0
  0
POLYLINE
  5
C2
100
AcDbEntity
  8
0
 62
     2
100
AcDb2dPolyline
 66
     1
 10
0.0
 20
0.0
 30
0.0
 40
0.000000247740786108
 41
0.000000247740786108
  0
VERTEX
  5
C3
100
AcDbEntity
  8
0
 62
     2
100
AcDbVertex
100
AcDb2dVertex
 10
26.704337514646678
 20
50.878525349690726
  0
VERTEX
  5
C4
100
AcDbEntity
  8
0
 62
     2
100
AcDbVertex
100
AcDb2dVertex
 10
26.663986156243038
 20
50.896992373520938
  0
VERTEX
  5
C5
100
AcDbEntity
  8
0
 62
     2
100
AcDbVertex
100
AcDb2dVertex
 10
26.631258302266946
 20
50.92005957543315
  0
VERTEX
  5
C6
100
AcDbEntity
  8
0
 62
     2
100
AcDbVertex
100
AcDb2dVertex
 10
26.606153745062944
 20
50.947727163192511
  0
VERTEX
  5
C7
100
AcDbEntity
  8
0
 62
     2
100
AcDbVertex
100
AcDb2dVertex
 10
26.58840963467264
 20
50.979666518652429
  0
VERTEX
  5
C8
100
AcDbEntity
  8
0
 62
     2
100
AcDbVertex
100
AcDb2dVertex
 10
26.577763263956637
 20
51.015548879298755
  0
VERTEX
  5
C9
100
AcDbEntity
  8
0
 62
     2
100
AcDbVertex
100
AcDb2dVertex
 10
26.574214446523658
 20
51.055374428639745
  0
VERTEX
  5
CA
100
AcDbEntity
  8
0
 62
     2
100
AcDbVertex
100
AcDb2dVertex
 10
26.581772046277056
 20
51.115112793039231
  0
VERTEX
  5
CB
100
AcDbEntity
  8
0
 62
     2
100
AcDbVertex
100
AcDb2dVertex
 10
26.604445067469396
 20
51.168147752551008
  0
VERTEX
  5
CC
100
AcDbEntity
  8
0
 62
     2
100
AcDbVertex
100
AcDb2dVertex
 10
26.642233323042507
 20
51.214479452844714
  0
VERTEX
  5
CD
100
AcDbEntity
  8
0
 62
     2
100
AcDbVertex
100
AcDb2dVertex
 10
26.692573803436257
 20
51.25029618935239
  0
VERTEX
  5
CE
100
AcDbEntity
  8
0
 62
     2
100
AcDbVertex
100
AcDb2dVertex
 10
26.75290366271896
 20
51.271786174889343
  0
VERTEX
  5
CF
100
AcDbEntity
  8
0
 62
     2
100
AcDbVertex
100
AcDb2dVertex
 10
26.823222681431805
 20
51.278949518414755
  0
VERTEX
  5
D0
100
AcDbEntity
  8
0
 62
     2
100
AcDbVertex
100
AcDb2dVertex
 10
26.894001667562225
 20
51.27162190980863
  0
VERTEX
  5
D1
100
AcDbEntity
  8
0
 62
     2
100
AcDbVertex
100
AcDb2dVertex
 10
26.954923013570355
 20
51.249638962782178
  0
VERTEX
  5
D2
100
AcDbEntity
  8
0
 62
     2
100
AcDbVertex
100
AcDb2dVertex
 10
27.005986445295502
 20
51.213000781616039
  0
VERTEX
  5
D3
100
AcDbEntity
  8
0
 62
     2
100
AcDbVertex
100
AcDb2dVertex
 10
27.044431805437842
 20
51.165847634690621
  0
VERTEX
  5
D4
100
AcDbEntity
  8
0
 62
     2
100
AcDbVertex
100
AcDb2dVertex
 10
27.067499181761743
 20
51.112319691400323
  0
VERTEX
  5
D5
100
AcDbEntity
  8
0
 62
     2
100
AcDbVertex
100
AcDb2dVertex
 10
27.075188258797294
 20
51.052417086182402
  0
VERTEX
  5
D6
100
AcDbEntity
  8
0
 62
     2
100
AcDbVertex
100
AcDb2dVertex
 10
27.071672210665799
 20
51.013938824341814
  0
VERTEX
  5
D7
100
AcDbEntity
  8
0
 62
     2
100
AcDbVertex
100
AcDb2dVertex
 10
27.061124463833689
 20
50.97894354659315
  0
VERTEX
  5
D8
100
AcDbEntity
  8
0
 62
     2
100
AcDbVertex
100
AcDb2dVertex
 10
27.043544694503741
 20
50.947431428946778
  0
VERTEX
  5
D9
100
AcDbEntity
  8
0
 62
     2
100
AcDbVertex
100
AcDb2dVertex
 10
27.018801502555757
 20
50.919928202338447
  0
VERTEX
  5
DA
100
AcDbEntity
  8
0
 62
     2
100
AcDbVertex
100
AcDb2dVertex
 10
26.986763728507174
 20
50.896959441701021
  0
VERTEX
  5
DB
100
AcDbEntity
  8
0
 62
     2
100
AcDbVertex
100
AcDb2dVertex
 10
26.947431064640146
 20
50.878525349690726
  0
VERTEX
  5
DC
100
AcDbEntity
  8
0
 62
     2
100
AcDbVertex
100
AcDb2dVertex
 10
26.996424284557516
 20
50.857626859937596
  0
VERTEX
  5
DD
100
AcDbEntity
  8
0
 62
     2
100
AcDbVertex
100
AcDb2dVertex
 10
27.036939977362206
 20
50.829630610331023
  0
VERTEX
  5
DE
100
AcDbEntity
  8
0
 62
     2
100
AcDbVertex
100
AcDb2dVertex
 10
27.068977839636876
 20
50.794536823902227
  0
VERTEX
  5
DF
100
AcDbEntity
  8
0
 62
     2
100
AcDbVertex
100
AcDb2dVertex
 10
27.092143592225707
 20
50.753396975686634
  0
VERTEX
  5
E0
100
AcDbEntity
  8
0
 62
     2
100
AcDbVertex
100
AcDb2dVertex
 10
27.106043211816509
 20
50.707262348871453
  0
VERTEX
  5
E1
100
AcDbEntity
  8
0
 62
     2
100
AcDbVertex
100
AcDb2dVertex
 10
27.110676368285393
 20
50.656133196898651
  0
VERTEX
  5
E2
100
AcDbEntity
  8
0
 62
     2
100
AcDbVertex
100
AcDb2dVertex
 10
27.101935678543246
 20
50.58594568677114
  0
VERTEX
  5
E3
100
AcDbEntity
  8
0
 62
     2
100
AcDbVertex
100
AcDb2dVertex
 10
27.075714018791221
 20
50.523644238967528
  0
VERTEX
  5
E4
100
AcDbEntity
  8
0
 62
     2
100
AcDbVertex
100
AcDb2dVertex
 10
27.032011058920109
 20
50.469229153594668
  0
VERTEX
  5
E5
100
AcDbEntity
  8
0
 62
     2
100
AcDbVertex
100
AcDb2dVertex
 10
26.974047054945611
 20
50.427169271851547
  0
VERTEX
  5
E6
100
AcDbEntity
  8
0
 62
     2
100
AcDbVertex
100
AcDb2dVertex
 10
26.905042495218229
 20
50.401933168473327
  0
VERTEX
  5
E7
100
AcDbEntity
  8
0
 62
     2
100
AcDbVertex
100
AcDb2dVertex
 10
26.824997086906212
 20
50.393521186686733
  0
VERTEX
  5
E8
100
AcDbEntity
  8
0
 62
     2
100
AcDbVertex
100
AcDb2dVertex
 10
26.744951611498788
 20
50.401966147634333
  0
VERTEX
  5
E9
100
AcDbEntity
  8
0
 62
     2
100
AcDbVertex
100
AcDb2dVertex
 10
26.675947031009901
 20
50.427300598404742
  0
VERTEX
  5
EA
100
AcDbEntity
  8
0
 62
     2
100
AcDbVertex
100
AcDb2dVertex
 10
26.617983114892308
 20
50.469524887840407
  0
VERTEX
  5
EB
100
AcDbEntity
  8
0
 62
     2
100
AcDbVertex
100
AcDb2dVertex
 10
26.574280109489326
 20
50.52436725822443
  0
VERTEX
  5
EC
100
AcDbEntity
  8
0
 62
     2
100
AcDbVertex
100
AcDb2dVertex
 10
26.548058400936586
 20
50.587555704160245
  0
VERTEX
  5
ED
100
AcDbEntity
  8
0
 62
     2
100
AcDbVertex
100
AcDb2dVertex
 10
26.539317805527023
 20
50.659090539355994
  0
VERTEX
  5
EE
100
AcDbEntity
  8
0
 62
     2
100
AcDbVertex
100
AcDb2dVertex
 10
26.544082362486595
 20
50.712421362488342
  0
VERTEX
  5
EF
100
AcDbEntity
  8
0
 62
     2
100
AcDbVertex
100
AcDb2dVertex
 10
26.558376242638563
 20
50.759640176247117
  0
VERTEX
  5
F0
100
AcDbEntity
  8
0
 62
     2
100
AcDbVertex
100
AcDb2dVertex
 10
26.582199271158476
 20
50.800747243062645
  0
VERTEX
  5
F1
100
AcDbEntity
  8
0
 62
     2
100
AcDbVertex
100
AcDb2dVertex
 10
26.614828561622456
 20
50.834756750373103
  0
VERTEX
  5
F2
100
AcDbEntity
  8
0
 62
     2
100
AcDbVertex
100
AcDb2dVertex
 10
26.655541374761693
 20
50.860682709897482
  0
VERTEX
  5
F3
100
AcDbEntity
  8
0
 62
     2
100
AcDbVertex
100
AcDb2dVertex
 10
26.704337514646678
 20
50.878525349690726
  0
SEQEND
  5
F4
100
AcDbEntity
  8
0
  0
POLYLINE
  5
F5
100
AcDbEntity
  8
0
 62
     2
100
AcDb2dPolyline
 66
     1
 10
0.0
 20
0.0
 30
0.0
 40
0.000000247740786108
 41
0.000000247740786108
  0
VERTEX
  5
F6
100
AcDbEntity
  8
0
 62
     2
100
AcDbVertex
100
AcDb2dVertex
 10
26.683044648953821
 20
51.058923239588552
  0
VERTEX
  5
F7
100
AcDbEntity
  8
0
 62
     2
100
AcDbVertex
100
AcDb2dVertex
 10
26.687447740635296
 20
51.020412117881534
  0
VERTEX
  5
F8
100
AcDbEntity
  8
0
 62
     2
100
AcDbVertex
100
AcDb2dVertex
 10
26.700657275676047
 20
50.986895512096496
  0
VERTEX
  5
F9
100
AcDbEntity
  8
0
 62
     2
100
AcDbVertex
100
AcDb2dVertex
 10
26.722673037882192
 20
50.958373596038946
  0
VERTEX
  5
FA
100
AcDbEntity
  8
0
 62
     2
100
AcDbVertex
100
AcDb2dVertex
 10
26.751720646003601
 20
50.936686475339265
  0
VERTEX
  5
FB
100
AcDbEntity
  8
0
 62
     2
100
AcDbVertex
100
AcDb2dVertex
 10
26.786025896794452
 20
50.923674102959254
  0
VERTEX
  5
FC
100
AcDbEntity
  8
0
 62
     2
100
AcDbVertex
100
AcDb2dVertex
 10
26.825588555397676
 20
50.91933667560204
  0
VERTEX
  5
FD
100
AcDbEntity
  8
0
 62
     2
100
AcDbVertex
100
AcDb2dVertex
 10
26.864132509397724
 20
50.923641311944074
  0
VERTEX
  5
FE
100
AcDbEntity
  8
0
 62
     2
100
AcDbVertex
100
AcDb2dVertex
 10
26.897747723834858
 20
50.936554974128931
  0
VERTEX
  5
FF
100
AcDbEntity
  8
0
 62
     2
100
AcDbVertex
100
AcDb2dVertex
 10
26.926433933193021
 20
50.958077861793207
  0
VERTEX
  5
100
100
AcDbEntity
  8
0
 62
     2
100
AcDbVertex
100
AcDb2dVertex
 10
26.948285323595794
 20
50.98584407765442
  0
VERTEX
  5
101
100
AcDbEntity
  8
0
 62
     2
100
AcDbVertex
100
AcDb2dVertex
 10
26.96139630466104
 20
51.017487581324339
  0
VERTEX
  5
102
100
AcDbEntity
  8
0
 62
     2
100
AcDbVertex
100
AcDb2dVertex
 10
26.96576658787566
 20
51.053008554673866
  0
VERTEX
  5
103
100
AcDbEntity
  8
0
 62
     2
100
AcDbVertex
100
AcDb2dVertex
 10
26.961264768241318
 20
51.089975382929225
  0
VERTEX
  5
104
100
AcDbEntity
  8
0
 62
     2
100
AcDbVertex
100
AcDb2dVertex
 10
26.947759668134029
 20
51.122801833156714
  0
VERTEX
  5
105
100
AcDbEntity
  8
0
 62
     2
100
AcDbVertex
100
AcDb2dVertex
 10
26.925250996210085
 20
51.15148805850334
  0
VERTEX
  5
106
100
AcDbEntity
  8
0
 62
     2
100
AcDbVertex
100
AcDb2dVertex
 10
26.896038941526665
 20
51.173668166209268
  0
VERTEX
  5
107
100
AcDbEntity
  8
0
 62
     2
100
AcDbVertex
100
AcDb2dVertex
 10
26.862423906472227
 20
51.186976163793567
  0
VERTEX
  5
108
100
AcDbEntity
  8
0
 62
     2
100
AcDbVertex
100
AcDb2dVertex
 10
26.82440561841474
 20
51.19141218167745
  0
VERTEX
  5
109
100
AcDbEntity
  8
0
 62
     2
100
AcDbVertex
100
AcDb2dVertex
 10
26.786091529955574
 20
51.187074782511246
  0
VERTEX
  5
10A
100
AcDbEntity
  8
0
 62
     2
100
AcDbVertex
100
AcDb2dVertex
 10
26.752377906755765
 20
51.174062433241708
  0
VERTEX
  5
10B
100
AcDbEntity
  8
0
 62
     2
100
AcDbVertex
100
AcDb2dVertex
 10
26.723264506373663
 20
51.152375261240543
  0
VERTEX
  5
10C
100
AcDbEntity
  8
0
 62
     2
100
AcDbVertex
100
AcDb2dVertex
 10
26.700920075636024
 20
51.124642001317731
  0
VERTEX
  5
10D
100
AcDbEntity
  8
0
 62
     2
100
AcDbVertex
100
AcDb2dVertex
 10
26.687513529576218
 20
51.093491279071408
  0
VERTEX
  5
10E
100
AcDbEntity
  8
0
 62
     2
100
AcDbVertex
100
AcDb2dVertex
 10
26.683044648953821
 20
51.058923239588552
  0
SEQEND
  5
10F
100
AcDbEntity
  8
0
  0
POLYLINE
  5
110
100
AcDbEntity
  8
0
 62
     2
100
AcDb2dPolyline
 66
     1
 10
0.0
 20
0.0
 30
0.0
 40
0.000000247740786108
 41
0.000000247740786108
  0
VERTEX
  5
111
100
AcDbEntity
  8
0
 62
     2
100
AcDbVertex
100
AcDb2dVertex
 10
26.648739476448657
 20
50.658499070864522
  0
VERTEX
  5
112
100
AcDbEntity
  8
0
 62
     2
100
AcDbVertex
100
AcDb2dVertex
 10
26.651138149976266
 20
50.628465698129538
  0
VERTEX
  5
113
100
AcDbEntity
  8
0
 62
     2
100
AcDbVertex
100
AcDb2dVertex
 10
26.658334418199399
 20
50.59908933370756
  0
VERTEX
  5
114
100
AcDbEntity
  8
0
 62
     2
100
AcDbVertex
100
AcDb2dVertex
 10
26.670328076387253
 20
50.570370265635745
  0
VERTEX
  5
115
100
AcDbEntity
  8
0
 62
     2
100
AcDbVertex
100
AcDb2dVertex
 10
26.687053428993149
 20
50.544115726951262
  0
VERTEX
  5
116
100
AcDbEntity
  8
0
 62
     2
100
AcDbVertex
100
AcDb2dVertex
 10
26.708444944628855
 20
50.522132710831009
  0
VERTEX
  5
117
100
AcDbEntity
  8
0
 62
     2
100
AcDbVertex
100
AcDb2dVertex
 10
26.734502407711563
 20
50.504421528837035
  0
VERTEX
  5
118
100
AcDbEntity
  8
0
 62
     2
100
AcDbVertex
100
AcDb2dVertex
 10
26.763615733414671
 20
50.491442177236173
  0
VERTEX
  5
119
100
AcDbEntity
  8
0
 62
     2
100
AcDbVertex
100
AcDb2dVertex
 10
26.794175017964786
 20
50.483654400037423
  0
VERTEX
  5
11A
100
AcDbEntity
  8
0
 62
     2
100
AcDbVertex
100
AcDb2dVertex
 10
26.826180023889147
 20
50.481058523424039
  0
VERTEX
  5
11B
100
AcDbEntity
  8
0
 62
     2
100
AcDbVertex
100
AcDb2dVertex
 10
26.874088895385963
 20
50.486513274931717
  0
VERTEX
  5
11C
100
AcDbEntity
  8
0
 62
     2
100
AcDbVertex
100
AcDb2dVertex
 10
26.916083247778726
 20
50.502877127945204
  0
VERTEX
  5
11D
100
AcDbEntity
  8
0
 62
     2
100
AcDbVertex
100
AcDb2dVertex
 10
26.952162812571888
 20
50.530150408215903
  0
VERTEX
  5
11E
100
AcDbEntity
  8
0
 62
     2
100
AcDbVertex
100
AcDb2dVertex
 10
26.979764588685281
 20
50.565835766494175
  0
VERTEX
  5
11F
100
AcDbEntity
  8
0
 62
     2
100
AcDbVertex
100
AcDb2dVertex
 10
26.996325805553649
 20
50.607435616107892
  0
VERTEX
  5
120
100
AcDbEntity
  8
0
 62
     2
100
AcDbVertex
100
AcDb2dVertex
 10
27.001846165855223
 20
50.654950259915715
  0
VERTEX
  5
121
100
AcDbEntity
  8
0
 62
     2
100
AcDbVertex
100
AcDb2dVertex
 10
26.996161406098683
 20
50.70325360133949
  0
VERTEX
  5
122
100
AcDbEntity
  8
0
 62
     2
100
AcDbVertex
100
AcDb2dVertex
 10
26.979107498227545
 20
50.74564208815805
  0
VERTEX
  5
123
100
AcDbEntity
  8
0
 62
     2
100
AcDbVertex
100
AcDb2dVertex
 10
26.950684141343221
 20
50.782115985581392
  0
VERTEX
  5
124
100
AcDbEntity
  8
0
 62
     2
100
AcDbVertex
100
AcDb2dVertex
 10
26.913717275497188
 20
50.810046512796333
  0
VERTEX
  5
125
100
AcDbEntity
  8
0
 62
     2
100
AcDbVertex
100
AcDb2dVertex
 10
26.871033058432953
 20
50.826804708024277
  0
VERTEX
  5
126
100
AcDbEntity
  8
0
 62
     2
100
AcDbVertex
100
AcDb2dVertex
 10
26.822631212940333
 20
50.832390807356198
  0
VERTEX
  5
127
100
AcDbEntity
  8
0
 62
     2
100
AcDbVertex
100
AcDb2dVertex
 10
26.775412238128961
 20
50.826870501866189
  0
VERTEX
  5
128
100
AcDbEntity
  8
0
 62
     2
100
AcDbVertex
100
AcDb2dVertex
 10
26.733910945409828
 20
50.810309306673325
  0
VERTEX
  5
129
100
AcDbEntity
  8
0
 62
     2
100
AcDbVertex
100
AcDb2dVertex
 10
26.69812709548626
 20
50.782707454072863
  0
VERTEX
  5
12A
100
AcDbEntity
  8
0
 62
     2
100
AcDbVertex
100
AcDb2dVertex
 10
26.670689466177311
 20
50.74682510444056
  0
VERTEX
  5
12B
100
AcDbEntity
  8
0
 62
     2
100
AcDbVertex
100
AcDb2dVertex
 10
26.654226996750719
 20
50.705422224942133
  0
VERTEX
  5
12C
100
AcDbEntity
  8
0
 62
     2
100
AcDbVertex
100
AcDb2dVertex
 10
26.648739476448657
 20
50.658499070864522
  0
SEQEND
  5
12D
100
AcDbEntity
  8
0
  0
POLYLINE
  5
12E
100
AcDbEntity
  8
0
 62
     2
100
AcDb2dPolyline
 66
     1
 10
0.0
 20
0.0
 30
0.0
 40
0.000000247740786108
 41
0.000000247740786108
  0
VERTEX
  5
12F
100
AcDbEntity
  8
0
 62
     2
100
AcDbVertex
100
AcDb2dVertex
 10
27.214183354292341
 20
50.835939618305005
  0
VERTEX
  5
130
100
AcDbEntity
  8
0
 62
     2
100
AcDbVertex
100
AcDb2dVertex
 10
27.21769919776138
 20
50.93179043781889
  0
VERTEX
  5
131
100
AcDbEntity
  8
0
 62
     2
100
AcDbVertex
100
AcDb2dVertex
 10
27.228247175664006
 20
51.014300226031658
  0
VERTEX
  5
132
100
AcDbEntity
  8
0
 62
     2
100
AcDbVertex
100
AcDb2dVertex
 10
27.245826918585895
 20
51.083469181984483
  0
VERTEX
  5
133
100
AcDbEntity
  8
0
 62
     2
100
AcDbVertex
100
AcDb2dVertex
 10
27.27033989033669
 20
51.141203122931351
  0
VERTEX
  5
134
100
AcDbEntity
  8
0
 62
     2
100
AcDbVertex
100
AcDb2dVertex
 10
27.301687848824127
 20
51.189407758721323
  0
VERTEX
  5
135
100
AcDbEntity
  8
0
 62
     2
100
AcDbVertex
100
AcDb2dVertex
 10
27.33987040872935
 20
51.228083228148485
  0
VERTEX
  5
136
100
AcDbEntity
  8
0
 62
     2
100
AcDbVertex
100
AcDb2dVertex
 10
27.38505190984208
 20
51.256342310808684
  0
VERTEX
  5
137
100
AcDbEntity
  8
0
 62
     2
100
AcDbVertex
100
AcDb2dVertex
 10
27.437397011107794
 20
51.273297705298461
  0
VERTEX
  5
138
100
AcDbEntity
  8
0
 62
     2
100
AcDbVertex
100
AcDb2dVertex
 10
27.49690529321418
 20
51.278949518414755
  0
VERTEX
  5
139
100
AcDbEntity
  8
0
 62
     2
100
AcDbVertex
100
AcDb2dVertex
 10
27.541528171411333
 20
51.275827908158213
  0
VERTEX
  5
13A
100
AcDbEntity
  8
0
 62
     2
100
AcDbVertex
100
AcDb2dVertex
 10
27.582339651400442
 20
51.26646295668187
  0
VERTEX
  5
13B
100
AcDbEntity
  8
0
 62
     2
100
AcDbVertex
100
AcDb2dVertex
 10
27.619339270948114
 20
51.250854765070009
  0
VERTEX
  5
13C
100
AcDbEntity
  8
0
 62
     2
100
AcDbVertex
100
AcDb2dVertex
 10
27.652395643967797
 20
51.22936477503994
  0
VERTEX
  5
13D
100
AcDbEntity
  8
0
 62
     2
100
AcDbVertex
100
AcDb2dVertex
 10
27.681377764688481
 20
51.202354342263895
  0
VERTEX
  5
13E
100
AcDbEntity
  8
0
 62
     2
100
AcDbVertex
100
AcDb2dVertex
 10
27.706285139193955
 20
51.169823581738854
  0
VERTEX
  5
13F
100
AcDbEntity
  8
0
 62
     2
100
AcDbVertex
100
AcDb2dVertex
 10
27.727512135227325
 20
51.131969637408467
  0
VERTEX
  5
140
100
AcDbEntity
  8
0
 62
     2
100
AcDbVertex
100
AcDb2dVertex
 10
27.745453517955685
 20
51.08898954580431
  0
VERTEX
  5
141
100
AcDbEntity
  8
0
 62
     2
100
AcDbVertex
100
AcDb2dVertex
 10
27.760108771917569
 20
51.04088345059877
  0
VERTEX
  5
142
100
AcDbEntity
  8
0
 62
     2
100
AcDbVertex
100
AcDb2dVertex
 10
27.770952205574009
 20
50.984332541278512
  0
VERTEX
  5
143
100
AcDbEntity
  8
0
 62
     2
100
AcDbVertex
100
AcDb2dVertex
 10
27.777458534804953
 20
50.916017867674178
  0
VERTEX
  5
144
100
AcDbEntity
  8
0
 62
     2
100
AcDbVertex
100
AcDb2dVertex
 10
27.779627232136018
 20
50.835939618305005
  0
VERTEX
  5
145
100
AcDbEntity
  8
0
 62
     2
100
AcDbVertex
100
AcDb2dVertex
 10
27.776143983106312
 20
50.740746120061488
  0
VERTEX
  5
146
100
AcDbEntity
  8
0
 62
     2
100
AcDbVertex
100
AcDb2dVertex
 10
27.765694882400286
 20
50.658630492846768
  0
VERTEX
  5
147
100
AcDbEntity
  8
0
 62
     2
100
AcDbVertex
100
AcDb2dVertex
 10
27.748279402088205
 20
50.58959299160847
  0
VERTEX
  5
148
100
AcDbEntity
  8
0
 62
     2
100
AcDbVertex
100
AcDb2dVertex
 10
27.723930462186811
 20
50.531826325278772
  0
VERTEX
  5
149
100
AcDbEntity
  8
0
 62
     2
100
AcDbVertex
100
AcDb2dVertex
 10
27.692681380929091
 20
50.483522960131644
  0
VERTEX
  5
14A
100
AcDbEntity
  8
0
 62
     2
100
AcDbVertex
100
AcDb2dVertex
 10
27.654531646190481
 20
50.444683211198736
  0
VERTEX
  5
14B
100
AcDbEntity
  8
0
 62
     2
100
AcDbVertex
100
AcDb2dVertex
 10
27.60928416138017
 20
50.416259965745638
  0
VERTEX
  5
14C
100
AcDbEntity
  8
0
 62
     2
100
AcDbVertex
100
AcDb2dVertex
 10
27.556742203097468
 20
50.399205841865566
  0
VERTEX
  5
14D
100
AcDbEntity
  8
0
 62
     2
100
AcDbVertex
100
AcDb2dVertex
 10
27.49690529321418
 20
50.393521186686733
  0
VERTEX
  5
14E
100
AcDbEntity
  8
0
 62
     2
100
AcDbVertex
100
AcDb2dVertex
 10
27.419291352994517
 20
50.403510537653318
  0
VERTEX
  5
14F
100
AcDbEntity
  8
0
 62
     2
100
AcDbVertex
100
AcDb2dVertex
 10
27.353638492513308
 20
50.433478158664784
  0
VERTEX
  5
150
100
AcDbEntity
  8
0
 62
     2
100
AcDbVertex
100
AcDb2dVertex
 10
27.29994628555524
 20
50.483424397389911
  0
VERTEX
  5
151
100
AcDbEntity
  8
0
 62
     2
100
AcDbVertex
100
AcDb2dVertex
 10
27.252300098675246
 20
50.570698955560367
  0
VERTEX
  5
152
100
AcDbEntity
  8
0
 62
     2
100
AcDbVertex
100
AcDb2dVertex
 10
27.223712581712274
 20
50.6882039310564
  0
VERTEX
  5
153
100
AcDbEntity
  8
0
 62
     2
100
AcDbVertex
100
AcDb2dVertex
 10
27.214183354292341
 20
50.835939618305005
  0
SEQEND
  5
154
100
AcDbEntity
  8
0
  0
POLYLINE
  5
155
100
AcDbEntity
  8
0
 62
     2
100
AcDb2dPolyline
 66
     1
 10
0.0
 20
0.0
 30
0.0
 40
0.000000247740786108
 41
0.000000247740786108
  0
VERTEX
  5
156
100
AcDbEntity
  8
0
 62
     2
100
AcDbVertex
100
AcDb2dVertex
 10
27.323605025213975
 20
50.835939618305005
  0
VERTEX
  5
157
100
AcDbEntity
  8
0
 62
     2
100
AcDbVertex
100
AcDb2dVertex
 10
27.329158139773259
 20
50.709464010026288
  0
VERTEX
  5
158
100
AcDbEntity
  8
0
 62
     2
100
AcDbVertex
100
AcDb2dVertex
 10
27.345817969838581
 20
50.614730386320041
  0
VERTEX
  5
159
100
AcDbEntity
  8
0
 62
     2
100
AcDbVertex
100
AcDb2dVertex
 10
27.373584112743043
 20
50.551739008154499
  0
VERTEX
  5
15A
100
AcDbEntity
  8
0
 62
     2
100
AcDbVertex
100
AcDb2dVertex
 10
27.409499271406272
 20
50.512472164910228
  0
VERTEX
  5
15B
100
AcDbEntity
  8
0
 62
     2
100
AcDbVertex
100
AcDb2dVertex
 10
27.450606473449344
 20
50.488911897112622
  0
VERTEX
  5
15C
100
AcDbEntity
  8
0
 62
     2
100
AcDbVertex
100
AcDb2dVertex
 10
27.49690529321418
 20
50.481058523424039
  0
VERTEX
  5
15D
100
AcDbEntity
  8
0
 62
     2
100
AcDbVertex
100
AcDb2dVertex
 10
27.54320399872206
 20
50.488944867727568
  0
VERTEX
  5
15E
100
AcDbEntity
  8
0
 62
     2
100
AcDbVertex
100
AcDb2dVertex
 10
27.58431121303671
 20
50.512603499418468
  0
VERTEX
  5
15F
100
AcDbEntity
  8
0
 62
     2
100
AcDbVertex
100
AcDb2dVertex
 10
27.620226473685317
 20
50.552034742400231
  0
VERTEX
  5
160
100
AcDbEntity
  8
0
 62
     2
100
AcDbVertex
100
AcDb2dVertex
 10
27.647992489447542
 20
50.615124805836651
  0
VERTEX
  5
161
100
AcDbEntity
  8
0
 62
     2
100
AcDbVertex
100
AcDb2dVertex
 10
27.664652348933377
 20
50.709759670448769
  0
VERTEX
  5
162
100
AcDbEntity
  8
0
 62
     2
100
AcDbVertex
100
AcDb2dVertex
 10
27.670205561214392
 20
50.835939618305005
  0
VERTEX
  5
163
100
AcDbEntity
  8
0
 62
     2
100
AcDbVertex
100
AcDb2dVertex
 10
27.66465218173234
 20
50.962711094897031
  0
VERTEX
  5
164
100
AcDbEntity
  8
0
 62
     2
100
AcDbVertex
100
AcDb2dVertex
 10
27.647992650773364
 20
51.057543145321489
  0
VERTEX
  5
165
100
AcDbEntity
  8
0
 62
     2
100
AcDbVertex
100
AcDb2dVertex
 10
27.620226473685317
 20
51.120435962701251
  0
VERTEX
  5
166
100
AcDbEntity
  8
0
 62
     2
100
AcDbVertex
100
AcDb2dVertex
 10
27.584179612650903
 20
51.159538643203227
  0
VERTEX
  5
167
100
AcDbEntity
  8
0
 62
     2
100
AcDbVertex
100
AcDb2dVertex
 10
27.542678397353239
 20
51.18300018155341
  0
VERTEX
  5
168
100
AcDbEntity
  8
0
 62
     2
100
AcDbVertex
100
AcDb2dVertex
 10
27.495722356231244
 20
51.190820713185978
  0
VERTEX
  5
169
100
AcDbEntity
  8
0
 62
     2
100
AcDbVertex
100
AcDb2dVertex
 10
27.450113432506019
 20
51.183920283826104
  0
VERTEX
  5
16A
100
AcDbEntity
  8
0
 62
     2
100
AcDbVertex
100
AcDb2dVertex
 10
27.4110766570784
 20
51.163218843461081
  0
VERTEX
  5
16B
100
AcDbEntity
  8
0
 62
     2
100
AcDbVertex
100
AcDb2dVertex
 10
27.378611594920525
 20
51.128716521581808
  0
VERTEX
  5
16C
100
AcDbEntity
  8
0
 62
     2
100
AcDbVertex
100
AcDb2dVertex
 10
27.348052268248413
 20
51.060960562413449
  0
VERTEX
  5
16D
100
AcDbEntity
  8
0
 62
     2
100
AcDbVertex
100
AcDb2dVertex
 10
27.329716880742811
 20
50.963368204442013
  0
VERTEX
  5
16E
100
AcDbEntity
  8
0
 62
     2
100
AcDbVertex
100
AcDb2dVertex
 10
27.323605025213975
 20
50.835939618305005
  0
SEQEND
  5
16F
100
AcDbEntity
  8
0
  0
POLYLINE
  5
170
100
AcDbEntity
  8
0
  6
1
 62
     4
100
AcDb2dPolyline
 66
     1
 10
0.0
 20
0.0
 30
0.0
  0
VERTEX
  5
171
100
AcDbEntity
  8
0
  6
1
 62
     4
100
AcDbVertex
100
AcDb2dVertex
 10
42.306506980968621
 20
41.996570707187296
  0
VERTEX
  5
172
100
AcDbEntity
  8
0
  6
1
 62
     4
100
AcDbVertex
100
AcDb2dVertex
 10
18.278247929088412
 20
41.996570707187296
  0
SEQEND
  5
173
100
AcDbEntity
  8
0
  6
1
  0
POLYLINE
  5
174
100
AcDbEntity
  8
0
 62
     7
100
AcDb2dPolyline
 66
     1
 10
0.0
 20
0.0
 30
0.0
  0
VERTEX
  5
175
100
AcDbEntity
  8
0
 62
     7
100
AcDbVertex
100
AcDb2dVertex
 10
41.811025391080022
 20
37.537236398189954
  0
VERTEX
  5
176
100
AcDbEntity
  8
0
 62
     7
100
AcDbVertex
100
AcDb2dVertex
 10
23.416271366465988
 20
37.537236398189954
  0
SEQEND
  5
177
100
AcDbEntity
  8
0
  0
POLYLINE
  5
178
100
AcDbEntity
  8
0
 62
     7
100
AcDb2dPolyline
 66
     1
 10
0.0
 20
0.0
 30
0.0
  0
VERTEX
  5
179
100
AcDbEntity
  8
0
 62
     7
100
AcDbVertex
100
AcDb2dVertex
 10
41.811025391080022
 20
46.45590501618463
  0
VERTEX
  5
17A
100
AcDbEntity
  8
0
 62
     7
100
AcDbVertex
100
AcDb2dVertex
 10
23.416271366465988
 20
46.45590501618463
  0
SEQEND
  5
17B
100
AcDbEntity
  8
0
  0
POLYLINE
  5
17C
100
AcDbEntity
  8
0
 62
     7
100
AcDb2dPolyline
 66
     1
 10
0.0
 20
0.0
 30
0.0
  0
VERTEX
  5
17D
100
AcDbEntity
  8
0
 62
     7
100
AcDbVertex
100
AcDb2dVertex
 10
22.796919379105244
 20
46.208164221240338
  0
VERTEX
  5
17E
100
AcDbEntity
  8
0
 62
     7
100
AcDbVertex
100
AcDb2dVertex
 10
22.796919379105244
 20
37.784977193134246
  0
SEQEND
  5
17F
100
AcDbEntity
  8
0
  0
POLYLINE
  5
180
100
AcDbEntity
  8
0
 62
     7
100
AcDb2dPolyline
 66
     1
 10
0.0
 20
0.0
 30
0.0
  0
VERTEX
  5
181
100
AcDbEntity
  8
0
 62
     7
100
AcDbVertex
100
AcDb2dVertex
 10
23.416271366465988
 20
37.537236398189954
  0
VERTEX
  5
182
100
AcDbEntity
  8
0
 62
     7
100
AcDbVertex
100
AcDb2dVertex
 10
23.416271366465988
 20
46.45590501618463
  0
SEQEND
  5
183
100
AcDbEntity
  8
0
  0
POLYLINE
  5
184
100
AcDbEntity
  8
0
 62
     7
100
AcDb2dPolyline
 66
     1
 10
0.0
 20
0.0
 30
0.0
  0
VERTEX
  5
185
100
AcDbEntity
  8
0
 62
     7
100
AcDbVertex
100
AcDb2dVertex
 10
22.487243385424872
 20
37.784977193134246
  0
VERTEX
  5
186
100
AcDbEntity
  8
0
 62
     7
100
AcDbVertex
100
AcDb2dVertex
 10
22.487243385424872
 20
46.208164221240338
  0
SEQEND
  5
187
100
AcDbEntity
  8
0
  0
POLYLINE
  5
188
100
AcDbEntity
  8
0
 62
     7
100
AcDb2dPolyline
 66
     1
 10
0.0
 20
0.0
 30
0.0
  0
VERTEX
  5
189
100
AcDbEntity
  8
0
 62
     7
100
AcDbVertex
100
AcDb2dVertex
 10
22.796919379105244
 20
37.784977193134246
  0
VERTEX
  5
18A
100
AcDbEntity
  8
0
 62
     7
100
AcDbVertex
100
AcDb2dVertex
 10
22.797673740630454
 20
37.763375288317718
  0
VERTEX
  5
18B
100
AcDbEntity
  8
0
 62
     7
100
AcDbVertex
100
AcDb2dVertex
 10
22.799933133580563
 20
37.741878624361497
  0
VERTEX
  5
18C
100
AcDbEntity
  8
0
 62
     7
100
AcDbVertex
100
AcDb2dVertex
 10
22.803686542145019
 20
37.720591936373225
  0
VERTEX
  5
18D
100
AcDbEntity
  8
0
 62
     7
100
AcDbVertex
100
AcDb2dVertex
 10
22.808915714927249
 20
37.699618918422104
  0
VERTEX
  5
18E
100
AcDbEntity
  8
0
 62
     7
100
AcDbVertex
100
AcDb2dVertex
 10
22.815595135411673
 20
37.679061762085794
  0
VERTEX
  5
18F
100
AcDbEntity
  8
0
 62
     7
100
AcDbVertex
100
AcDb2dVertex
 10
22.823692287760696
 20
37.659020613781379
  0
VERTEX
  5
190
100
AcDbEntity
  8
0
 62
     7
100
AcDbVertex
100
AcDb2dVertex
 10
22.833167686347775
 20
37.639593124387112
  0
VERTEX
  5
191
100
AcDbEntity
  8
0
 62
     7
100
AcDbVertex
100
AcDb2dVertex
 10
22.843975230153401
 20
37.620873925031574
  0
VERTEX
  5
192
100
AcDbEntity
  8
0
 62
     7
100
AcDbVertex
100
AcDb2dVertex
 10
22.856062232298175
 20
37.602954213631591
  0
VERTEX
  5
193
100
AcDbEntity
  8
0
 62
     7
100
AcDbVertex
100
AcDb2dVertex
 10
22.869369803971797
 20
37.585921304513974
  0
VERTEX
  5
194
100
AcDbEntity
  8
0
 62
     7
100
AcDbVertex
100
AcDb2dVertex
 10
22.883833105463633
 20
37.569858170653887
  0
VERTEX
  5
195
100
AcDbEntity
  8
0
 62
     7
100
AcDbVertex
100
AcDb2dVertex
 10
22.899381685792275
 20
37.554843074512355
  0
VERTEX
  5
196
100
AcDbEntity
  8
0
 62
     7
100
AcDbVertex
100
AcDb2dVertex
 10
22.915939792802046
 20
37.540949184107191
  0
VERTEX
  5
197
100
AcDbEntity
  8
0
 62
     7
100
AcDbVertex
100
AcDb2dVertex
 10
22.933426757092096
 20
37.528244159550901
  0
VERTEX
  5
198
100
AcDbEntity
  8
0
 62
     7
100
AcDbVertex
100
AcDb2dVertex
 10
22.95175737594543
 20
37.516789902020221
  0
VERTEX
  5
199
100
AcDbEntity
  8
0
 62
     7
100
AcDbVertex
100
AcDb2dVertex
 10
22.970842356323974
 20
37.506642243659492
  0
VERTEX
  5
19A
100
AcDbEntity
  8
0
 62
     7
100
AcDbVertex
100
AcDb2dVertex
 10
22.990588706180883
 20
37.497850622717692
  0
VERTEX
  5
19B
100
AcDbEntity
  8
0
 62
     7
100
AcDbVertex
100
AcDb2dVertex
 10
23.010900229138361
 20
37.490457832517833
  0
VERTEX
  5
19C
100
AcDbEntity
  8
0
 62
     7
100
AcDbVertex
100
AcDb2dVertex
 10
23.031677967482732
 20
37.484499903324995
  0
VERTEX
  5
19D
100
AcDbEntity
  8
0
 62
     7
100
AcDbVertex
100
AcDb2dVertex
 10
23.052820700533868
 20
37.480005866082266
  0
VERTEX
  5
19E
100
AcDbEntity
  8
0
 62
     7
100
AcDbVertex
100
AcDb2dVertex
 10
23.074225417173263
 20
37.476997634278725
  0
VERTEX
  5
19F
100
AcDbEntity
  8
0
 62
     7
100
AcDbVertex
100
AcDb2dVertex
 10
23.095787836363233
 20
37.47548985628444
  0
VERTEX
  5
1A0
100
AcDbEntity
  8
0
 62
     7
100
AcDbVertex
100
AcDb2dVertex
 10
23.117402909208
 20
37.47548985628444
  0
VERTEX
  5
1A1
100
AcDbEntity
  8
0
 62
     7
100
AcDbVertex
100
AcDb2dVertex
 10
23.138965328397969
 20
37.476997634278725
  0
VERTEX
  5
1A2
100
AcDbEntity
  8
0
 62
     7
100
AcDbVertex
100
AcDb2dVertex
 10
23.160370045037364
 20
37.480005866082266
  0
VERTEX
  5
1A3
100
AcDbEntity
  8
0
 62
     7
100
AcDbVertex
100
AcDb2dVertex
 10
23.1815127780885
 20
37.484499903324995
  0
VERTEX
  5
1A4
100
AcDbEntity
  8
0
 62
     7
100
AcDbVertex
100
AcDb2dVertex
 10
23.202290516432871
 20
37.490457832517833
  0
VERTEX
  5
1A5
100
AcDbEntity
  8
0
 62
     7
100
AcDbVertex
100
AcDb2dVertex
 10
23.222602039390349
 20
37.497850622717692
  0
VERTEX
  5
1A6
100
AcDbEntity
  8
0
 62
     7
100
AcDbVertex
100
AcDb2dVertex
 10
23.242348389247258
 20
37.506642243659492
  0
VERTEX
  5
1A7
100
AcDbEntity
  8
0
 62
     7
100
AcDbVertex
100
AcDb2dVertex
 10
23.261433369625802
 20
37.516789902020221
  0
VERTEX
  5
1A8
100
AcDbEntity
  8
0
 62
     7
100
AcDbVertex
100
AcDb2dVertex
 10
23.279763988479136
 20
37.528244159550901
  0
VERTEX
  5
1A9
100
AcDbEntity
  8
0
 62
     7
100
AcDbVertex
100
AcDb2dVertex
 10
23.297250952769186
 20
37.540949184107191
  0
VERTEX
  5
1AA
100
AcDbEntity
  8
0
 62
     7
100
AcDbVertex
100
AcDb2dVertex
 10
23.313809059778958
 20
37.554843074512355
  0
VERTEX
  5
1AB
100
AcDbEntity
  8
0
 62
     7
100
AcDbVertex
100
AcDb2dVertex
 10
23.329357640107599
 20
37.569858170653887
  0
VERTEX
  5
1AC
100
AcDbEntity
  8
0
 62
     7
100
AcDbVertex
100
AcDb2dVertex
 10
23.343820941599436
 20
37.585921304513974
  0
VERTEX
  5
1AD
100
AcDbEntity
  8
0
 62
     7
100
AcDbVertex
100
AcDb2dVertex
 10
23.357128513273057
 20
37.602954213631591
  0
VERTEX
  5
1AE
100
AcDbEntity
  8
0
 62
     7
100
AcDbVertex
100
AcDb2dVertex
 10
23.369215515417832
 20
37.620873925031574
  0
VERTEX
  5
1AF
100
AcDbEntity
  8
0
 62
     7
100
AcDbVertex
100
AcDb2dVertex
 10
23.380023059223458
 20
37.639593124387112
  0
VERTEX
  5
1B0
100
AcDbEntity
  8
0
 62
     7
100
AcDbVertex
100
AcDb2dVertex
 10
23.389498457810536
 20
37.659020613781379
  0
VERTEX
  5
1B1
100
AcDbEntity
  8
0
 62
     7
100
AcDbVertex
100
AcDb2dVertex
 10
23.397595610159559
 20
37.679061762085794
  0
VERTEX
  5
1B2
100
AcDbEntity
  8
0
 62
     7
100
AcDbVertex
100
AcDb2dVertex
 10
23.404275030643984
 20
37.699618918422104
  0
VERTEX
  5
1B3
100
AcDbEntity
  8
0
 62
     7
100
AcDbVertex
100
AcDb2dVertex
 10
23.409504203426213
 20
37.720591936373225
  0
VERTEX
  5
1B4
100
AcDbEntity
  8
0
 62
     7
100
AcDbVertex
100
AcDb2dVertex
 10
23.413257611990669
 20
37.741878624361497
  0
VERTEX
  5
1B5
100
AcDbEntity
  8
0
 62
     7
100
AcDbVertex
100
AcDb2dVertex
 10
23.416271366465988
 20
37.784977193134246
  0
SEQEND
  5
1B6
100
AcDbEntity
  8
0
  0
POLYLINE
  5
1B7
100
AcDbEntity
  8
0
 62
     7
100
AcDb2dPolyline
 66
     1
 10
0.0
 20
0.0
 30
0.0
  0
VERTEX
  5
1B8
100
AcDbEntity
  8
0
 62
     7
100
AcDbVertex
100
AcDb2dVertex
 10
22.796919379105244
 20
37.784977193134246
  0
VERTEX
  5
1B9
100
AcDbEntity
  8
0
 62
     7
100
AcDbVertex
100
AcDb2dVertex
 10
22.487243385424872
 20
37.784977193134246
  0
SEQEND
  5
1BA
100
AcDbEntity
  8
0
  0
POLYLINE
  5
1BB
100
AcDbEntity
  8
0
 62
     7
100
AcDb2dPolyline
 66
     1
 10
0.0
 20
0.0
 30
0.0
  0
VERTEX
  5
1BC
100
AcDbEntity
  8
0
 62
     7
100
AcDbVertex
100
AcDb2dVertex
 10
22.796919379105244
 20
46.208164221240338
  0
VERTEX
  5
1BD
100
AcDbEntity
  8
0
 62
     7
100
AcDbVertex
100
AcDb2dVertex
 10
22.797673740630454
 20
46.229766126056873
  0
VERTEX
  5
1BE
100
AcDbEntity
  8
0
 62
     7
100
AcDbVertex
100
AcDb2dVertex
 10
22.799933133580563
 20
46.251262790013087
  0
VERTEX
  5
1BF
100
AcDbEntity
  8
0
 62
     7
100
AcDbVertex
100
AcDb2dVertex
 10
22.803686542145019
 20
46.272549478001366
  0
VERTEX
  5
1C0
100
AcDbEntity
  8
0
 62
     7
100
AcDbVertex
100
AcDb2dVertex
 10
22.808915714927249
 20
46.29352249595248
  0
VERTEX
  5
1C1
100
AcDbEntity
  8
0
 62
     7
100
AcDbVertex
100
AcDb2dVertex
 10
22.815595135411673
 20
46.31407965228879
  0
VERTEX
  5
1C2
100
AcDbEntity
  8
0
 62
     7
100
AcDbVertex
100
AcDb2dVertex
 10
22.823692287760696
 20
46.334120800593205
  0
VERTEX
  5
1C3
100
AcDbEntity
  8
0
 62
     7
100
AcDbVertex
100
AcDb2dVertex
 10
22.833167686347775
 20
46.353548289987472
  0
VERTEX
  5
1C4
100
AcDbEntity
  8
0
 62
     7
100
AcDbVertex
100
AcDb2dVertex
 10
22.843975230153401
 20
46.37226748934301
  0
VERTEX
  5
1C5
100
AcDbEntity
  8
0
 62
     7
100
AcDbVertex
100
AcDb2dVertex
 10
22.856062232298175
 20
46.390187200742993
  0
VERTEX
  5
1C6
100
AcDbEntity
  8
0
 62
     7
100
AcDbVertex
100
AcDb2dVertex
 10
22.869369803971797
 20
46.407220109860617
  0
VERTEX
  5
1C7
100
AcDbEntity
  8
0
 62
     7
100
AcDbVertex
100
AcDb2dVertex
 10
22.883833105463633
 20
46.423283243720697
  0
VERTEX
  5
1C8
100
AcDbEntity
  8
0
 62
     7
100
AcDbVertex
100
AcDb2dVertex
 10
22.899381685792275
 20
46.438298339862229
  0
VERTEX
  5
1C9
100
AcDbEntity
  8
0
 62
     7
100
AcDbVertex
100
AcDb2dVertex
 10
22.915939792802046
 20
46.4521922302674
  0
VERTEX
  5
1CA
100
AcDbEntity
  8
0
 62
     7
100
AcDbVertex
100
AcDb2dVertex
 10
22.933426757092096
 20
46.464897254823683
  0
VERTEX
  5
1CB
100
AcDbEntity
  8
0
 62
     7
100
AcDbVertex
100
AcDb2dVertex
 10
22.95175737594543
 20
46.47635151235437
  0
VERTEX
  5
1CC
100
AcDbEntity
  8
0
 62
     7
100
AcDbVertex
100
AcDb2dVertex
 10
22.970842356323974
 20
46.486499170715092
  0
VERTEX
  5
1CD
100
AcDbEntity
  8
0
 62
     7
100
AcDbVertex
100
AcDb2dVertex
 10
22.990588706180883
 20
46.495290791656892
  0
VERTEX
  5
1CE
100
AcDbEntity
  8
0
 62
     7
100
AcDbVertex
100
AcDb2dVertex
 10
23.010900229138361
 20
46.502683581856751
  0
VERTEX
  5
1CF
100
AcDbEntity
  8
0
 62
     7
100
AcDbVertex
100
AcDb2dVertex
 10
23.031677967482732
 20
46.508641511049589
  0
VERTEX
  5
1D0
100
AcDbEntity
  8
0
 62
     7
100
AcDbVertex
100
AcDb2dVertex
 10
23.052820700533868
 20
46.513135548292318
  0
VERTEX
  5
1D1
100
AcDbEntity
  8
0
 62
     7
100
AcDbVertex
100
AcDb2dVertex
 10
23.074225417173263
 20
46.516143780095859
  0
VERTEX
  5
1D2
100
AcDbEntity
  8
0
 62
     7
100
AcDbVertex
100
AcDb2dVertex
 10
23.095787836363233
 20
46.517651558090144
  0
VERTEX
  5
1D3
100
AcDbEntity
  8
0
 62
     7
100
AcDbVertex
100
AcDb2dVertex
 10
23.117402909208
 20
46.517651558090144
  0
VERTEX
  5
1D4
100
AcDbEntity
  8
0
 62
     7
100
AcDbVertex
100
AcDb2dVertex
 10
23.138965328397969
 20
46.516143780095859
  0
VERTEX
  5
1D5
100
AcDbEntity
  8
0
 62
     7
100
AcDbVertex
100
AcDb2dVertex
 10
23.160370045037364
 20
46.513135548292318
  0
VERTEX
  5
1D6
100
AcDbEntity
  8
0
 62
     7
100
AcDbVertex
100
AcDb2dVertex
 10
23.1815127780885
 20
46.508641511049589
  0
VERTEX
  5
1D7
100
AcDbEntity
  8
0
 62
     7
100
AcDbVertex
100
AcDb2dVertex
 10
23.202290516432871
 20
46.502683581856751
  0
VERTEX
  5
1D8
100
AcDbEntity
  8
0
 62
     7
100
AcDbVertex
100
AcDb2dVertex
 10
23.222602039390349
 20
46.495290791656892
  0
VERTEX
  5
1D9
100
AcDbEntity
  8
0
 62
     7
100
AcDbVertex
100
AcDb2dVertex
 10
23.242348389247258
 20
46.486499170715092
  0
VERTEX
  5
1DA
100
AcDbEntity
  8
0
 62
     7
100
AcDbVertex
100
AcDb2dVertex
 10
23.261433369625802
 20
46.47635151235437
  0
VERTEX
  5
1DB
100
AcDbEntity
  8
0
 62
     7
100
AcDbVertex
100
AcDb2dVertex
 10
23.279763988479136
 20
46.464897254823683
  0
VERTEX
  5
1DC
100
AcDbEntity
  8
0
 62
     7
100
AcDbVertex
100
AcDb2dVertex
 10
23.297250952769186
 20
46.4521922302674
  0
VERTEX
  5
1DD
100
AcDbEntity
  8
0
 62
     7
100
AcDbVertex
100
AcDb2dVertex
 10
23.313809059778958
 20
46.438298339862229
  0
VERTEX
  5
1DE
100
AcDbEntity
  8
0
 62
     7
100
AcDbVertex
100
AcDb2dVertex
 10
23.329357640107599
 20
46.423283243720697
  0
VERTEX
  5
1DF
100
AcDbEntity
  8
0
 62
     7
100
AcDbVertex
100
AcDb2dVertex
 10
23.343820941599436
 20
46.407220109860617
  0
VERTEX
  5
1E0
100
AcDbEntity
  8
0
 62
     7
100
AcDbVertex
100
AcDb2dVertex
 10
23.357128513273057
 20
46.390187200742993
  0
VERTEX
  5
1E1
100
AcDbEntity
  8
0
 62
     7
100
AcDbVertex
100
AcDb2dVertex
 10
23.369215515417832
 20
46.37226748934301
  0
VERTEX
  5
1E2
100
AcDbEntity
  8
0
 62
     7
100
AcDbVertex
100
AcDb2dVertex
 10
23.380023059223458
 20
46.353548289987472
  0
VERTEX
  5
1E3
100
AcDbEntity
  8
0
 62
     7
100
AcDbVertex
100
AcDb2dVertex
 10
23.389498457810536
 20
46.334120800593205
  0
VERTEX
  5
1E4
100
AcDbEntity
  8
0
 62
     7
100
AcDbVertex
100
AcDb2dVertex
 10
23.397595610159559
 20
46.31407965228879
  0
VERTEX
  5
1E5
100
AcDbEntity
  8
0
 62
     7
100
AcDbVertex
100
AcDb2dVertex
 10
23.404275030643984
 20
46.29352249595248
  0
VERTEX
  5
1E6
100
AcDbEntity
  8
0
 62
     7
100
AcDbVertex
100
AcDb2dVertex
 10
23.409504203426213
 20
46.272549478001366
  0
VERTEX
  5
1E7
100
AcDbEntity
  8
0
 62
     7
100
AcDbVertex
100
AcDb2dVertex
 10
23.413257611990669
 20
46.251262790013087
  0
VERTEX
  5
1E8
100
AcDbEntity
  8
0
 62
     7
100
AcDbVertex
100
AcDb2dVertex
 10
23.416271366465988
 20
46.208164221240338
  0
SEQEND
  5
1E9
100
AcDbEntity
  8
0
  0
POLYLINE
  5
1EA
100
AcDbEntity
  8
0
 62
     7
100
AcDb2dPolyline
 66
     1
 10
0.0
 20
0.0
 30
0.0
  0
VERTEX
  5
1EB
100
AcDbEntity
  8
0
 62
     7
100
AcDbVertex
100
AcDb2dVertex
 10
22.796919379105244
 20
46.208164221240338
  0
VERTEX
  5
1EC
100
AcDbEntity
  8
0
 62
     7
100
AcDbVertex
100
AcDb2dVertex
 10
22.487243385424872
 20
46.208164221240338
  0
SEQEND
  5
1ED
100
AcDbEntity
  8
0
  0
POLYLINE
  5
1EE
100
AcDbEntity
  8
0
 62
     7
100
AcDb2dPolyline
 66
     1
 10
0.0
 20
0.0
 30
0.0
  0
VERTEX
  5
1EF
100
AcDbEntity
  8
0
 62
     7
100
AcDbVertex
100
AcDb2dVertex
 10
40.138775025206016
 20
37.537236398189954
  0
VERTEX
  5
1F0
100
AcDbEntity
  8
0
 62
     7
100
AcDbVertex
100
AcDb2dVertex
 10
40.138775025206016
 20
46.45590501618463
  0
SEQEND
  5
1F1
100
AcDbEntity
  8
0
  0
POLYLINE
  5
1F2
100
AcDbEntity
  8
0
 62
     7
100
AcDb2dPolyline
 66
     1
 10
0.0
 20
0.0
 30
0.0
  0
VERTEX
  5
1F3
100
AcDbEntity
  8
0
 62
     7
100
AcDbVertex
100
AcDb2dVertex
 10
41.811025391080022
 20
46.45590501618463
  0
VERTEX
  5
1F4
100
AcDbEntity
  8
0
 62
     7
100
AcDbVertex
100
AcDb2dVertex
 10
41.811025391080022
 20
37.537236398189954
  0
SEQEND
  5
1F5
100
AcDbEntity
  8
0
  0
POLYLINE
  5
1F6
100
AcDbEntity
  8
0
 62
     7
100
AcDb2dPolyline
 66
     1
 10
0.0
 20
0.0
 30
0.0
  0
VERTEX
  5
1F7
100
AcDbEntity
  8
0
 62
     7
100
AcDbVertex
100
AcDb2dVertex
 10
42.058766186024314
 20
37.784977193134246
  0
VERTEX
  5
1F8
100
AcDbEntity
  8
0
 62
     7
100
AcDbVertex
100
AcDb2dVertex
 10
42.058766186024314
 20
46.208164221240338
  0
SEQEND
  5
1F9
100
AcDbEntity
  8
0
  0
POLYLINE
  5
1FA
100
AcDbEntity
  8
0
 62
     7
100
AcDb2dPolyline
 66
     1
 10
0.0
 20
0.0
 30
0.0
  0
VERTEX
  5
1FB
100
AcDbEntity
  8
0
 62
     7
100
AcDbVertex
100
AcDb2dVertex
 10
42.058766186024314
 20
37.784977193134246
  0
VERTEX
  5
1FC
100
AcDbEntity
  8
0
 62
     7
100
AcDbVertex
100
AcDb2dVertex
 10
41.811025391080022
 20
37.537236398189954
  0
SEQEND
  5
1FD
100
AcDbEntity
  8
0
  0
POLYLINE
  5
1FE
100
AcDbEntity
  8
0
 62
     7
100
AcDb2dPolyline
 66
     1
 10
0.0
 20
0.0
 30
0.0
  0
VERTEX
  5
1FF
100
AcDbEntity
  8
0
 62
     7
100
AcDbVertex
100
AcDb2dVertex
 10
42.306506980968621
 20
39.271421962800027
  0
VERTEX
  5
200
100
AcDbEntity
  8
0
 62
     7
100
AcDbVertex
100
AcDb2dVertex
 10
42.058766186024314
 20
39.271421962800027
  0
SEQEND
  5
201
100
AcDbEntity
  8
0
  0
POLYLINE
  5
202
100
AcDbEntity
  8
0
 62
     7
100
AcDb2dPolyline
 66
     1
 10
0.0
 20
0.0
 30
0.0
  0
VERTEX
  5
203
100
AcDbEntity
  8
0
 62
     7
100
AcDbVertex
100
AcDb2dVertex
 10
42.306506980968621
 20
44.721719451574558
  0
VERTEX
  5
204
100
AcDbEntity
  8
0
 62
     7
100
AcDbVertex
100
AcDb2dVertex
 10
42.058766186024314
 20
44.721719451574558
  0
SEQEND
  5
205
100
AcDbEntity
  8
0
  0
POLYLINE
  5
206
100
AcDbEntity
  8
0
 62
     7
100
AcDb2dPolyline
 66
     1
 10
0.0
 20
0.0
 30
0.0
  0
VERTEX
  5
207
100
AcDbEntity
  8
0
 62
     7
100
AcDbVertex
100
AcDb2dVertex
 10
41.811025391080022
 20
46.45590501618463
  0
VERTEX
  5
208
100
AcDbEntity
  8
0
 62
     7
100
AcDbVertex
100
AcDb2dVertex
 10
42.058766186024314
 20
46.208164221240338
  0
SEQEND
  5
209
100
AcDbEntity
  8
0
  0
POLYLINE
  5
20A
100
AcDbEntity
  8
0
 62
     2
100
AcDb2dPolyline
 66
     1
 10
0.0
 20
0.0
 30
0.0
 40
0.000000247740786108
 41
0.000000247740786108
  0
VERTEX
  5
20B
100
AcDbEntity
  8
0
 62
     2
100
AcDbVertex
100
AcDb2dVertex
 10
9.9923980079575152
 20
42.382724341642934
  0
VERTEX
  5
20C
100
AcDbEntity
  8
0
 62
     2
100
AcDbVertex
100
AcDb2dVertex
 10
10.090211430607948
 20
42.392223324987185
  0
VERTEX
  5
20D
100
AcDbEntity
  8
0
 62
     2
100
AcDbVertex
100
AcDb2dVertex
 10
10.101016753106787
 20
42.348356579399955
  0
VERTEX
  5
20E
100
AcDbEntity
  8
0
 62
     2
100
AcDbVertex
100
AcDb2dVertex
 10
10.116847844384917
 20
42.313328977165803
  0
VERTEX
  5
20F
100
AcDbEntity
  8
0
 62
     2
100
AcDbVertex
100
AcDb2dVertex
 10
10.137704653166541
 20
42.28714082174141
  0
VERTEX
  5
210
100
AcDbEntity
  8
0
 62
     2
100
AcDbVertex
100
AcDb2dVertex
 10
10.163273076159935
 20
42.269000497761184
  0
VERTEX
  5
211
100
AcDbEntity
  8
0
 62
     2
100
AcDbVertex
100
AcDb2dVertex
 10
10.193239061234312
 20
42.258116137364631
  0
VERTEX
  5
212
100
AcDbEntity
  8
0
 62
     2
100
AcDbVertex
100
AcDb2dVertex
 10
10.227602538723875
 20
42.254488066495547
  0
VERTEX
  5
213
100
AcDbEntity
  8
0
 62
     2
100
AcDbVertex
100
AcDb2dVertex
 10
10.257599885169586
 20
42.256994840531206
  0
VERTEX
  5
214
100
AcDbEntity
  8
0
 62
     2
100
AcDbVertex
100
AcDb2dVertex
 10
10.285021599115165
 20
42.264514759269126
  0
VERTEX
  5
215
100
AcDbEntity
  8
0
 62
     2
100
AcDbVertex
100
AcDb2dVertex
 10
10.309867584941433
 20
42.277048151938146
  0
VERTEX
  5
216
100
AcDbEntity
  8
0
 62
     2
100
AcDbVertex
100
AcDb2dVertex
 10
10.332012209140455
 20
42.293770416118669
  0
VERTEX
  5
217
100
AcDbEntity
  8
0
 62
     2
100
AcDbVertex
100
AcDb2dVertex
 10
10.351329927905919
 20
42.313856701827703
  0
VERTEX
  5
218
100
AcDbEntity
  8
0
 62
     2
100
AcDbVertex
100
AcDb2dVertex
 10
10.367820624373049
 20
42.337307327528237
  0
VERTEX
  5
219
100
AcDbEntity
  8
0
 62
     2
100
AcDbVertex
100
AcDb2dVertex
 10
10.382081117592161
 20
42.365375594276166
  0
VERTEX
  5
21A
100
AcDbEntity
  8
0
 62
     2
100
AcDbVertex
100
AcDb2dVertex
 10
10.394708327697931
 20
42.399314571252496
  0
VERTEX
  5
21B
100
AcDbEntity
  8
0
 62
     2
100
AcDbVertex
100
AcDb2dVertex
 10
10.405702123318594
 20
42.439124555249421
  0
VERTEX
  5
21C
100
AcDbEntity
  8
0
 62
     2
100
AcDbVertex
100
AcDb2dVertex
 10
10.414183014850902
 20
42.48213392200757
  0
VERTEX
  5
21D
100
AcDbEntity
  8
0
 62
     2
100
AcDbVertex
100
AcDb2dVertex
 10
10.419271621109868
 20
42.525670841123691
  0
VERTEX
  5
21E
100
AcDbEntity
  8
0
 62
     2
100
AcDbVertex
100
AcDb2dVertex
 10
10.420967801998142
 20
42.569735576232866
  0
VERTEX
  5
21F
100
AcDbEntity
  8
0
 62
     2
100
AcDbVertex
100
AcDb2dVertex
 10
10.420904938193932
 20
42.575276720579382
  0
VERTEX
  5
220
100
AcDbEntity
  8
0
 62
     2
100
AcDbVertex
100
AcDb2dVertex
 10
10.42071652051705
 20
42.582400878868405
  0
VERTEX
  5
221
100
AcDbEntity
  8
0
 62
     2
100
AcDbVertex
100
AcDb2dVertex
 10
10.420402406491494
 20
42.591108288757432
  0
VERTEX
  5
222
100
AcDbEntity
  8
0
 62
     2
100
AcDbVertex
100
AcDb2dVertex
 10
10.397566668492228
 20
42.55921420267191
  0
VERTEX
  5
223
100
AcDbEntity
  8
0
 62
     2
100
AcDbVertex
100
AcDb2dVertex
 10
10.369768100716133
 20
42.531607701341002
  0
VERTEX
  5
224
100
AcDbEntity
  8
0
 62
     2
100
AcDbVertex
100
AcDb2dVertex
 10
10.337006569260634
 20
42.50828902772475
  0
VERTEX
  5
225
100
AcDbEntity
  8
0
 62
     2
100
AcDbVertex
100
AcDb2dVertex
 10
10.300789811792509
 20
42.490643423525327
  0
VERTEX
  5
226
100
AcDbEntity
  8
0
 62
     2
100
AcDbVertex
100
AcDb2dVertex
 10
10.26262565045295
 20
42.480055927755963
  0
VERTEX
  5
227
100
AcDbEntity
  8
0
 62
     2
100
AcDbVertex
100
AcDb2dVertex
 10
10.222513979164024
 20
42.476526802167406
  0
VERTEX
  5
228
100
AcDbEntity
  8
0
 62
     2
100
AcDbVertex
100
AcDb2dVertex
 10
10.157430650708189
 20
42.485234282724861
  0
VERTEX
  5
229
100
AcDbEntity
  8
0
 62
     2
100
AcDbVertex
100
AcDb2dVertex
 10
10.099383400541409
 20
42.511356400194224
  0
VERTEX
  5
22A
100
AcDbEntity
  8
0
 62
     2
100
AcDbVertex
100
AcDb2dVertex
 10
10.048372163115854
 20
42.55489341475748
  0
VERTEX
  5
22B
100
AcDbEntity
  8
0
 62
     2
100
AcDbVertex
100
AcDb2dVertex
 10
10.008794468821218
 20
42.612678967957066
  0
VERTEX
  5
22C
100
AcDbEntity
  8
0
 62
     2
100
AcDbVertex
100
AcDb2dVertex
 10
9.9850478659579274
 20
42.681546522864757
  0
VERTEX
  5
22D
100
AcDbEntity
  8
0
 62
     2
100
AcDbVertex
100
AcDb2dVertex
 10
9.9771323292779677
 20
42.761496302494933
  0
VERTEX
  5
22E
100
AcDbEntity
  8
0
 62
     2
100
AcDbVertex
100
AcDb2dVertex
 10
9.9853933821055385
 20
42.844018772533779
  0
VERTEX
  5
22F
100
AcDbEntity
  8
0
 62
     2
100
AcDbVertex
100
AcDb2dVertex
 10
10.010176558547958
 20
42.915063198763903
  0
VERTEX
  5
230
100
AcDbEntity
  8
0
 62
     2
100
AcDbVertex
100
AcDb2dVertex
 10
10.051481838402427
 20
42.974629741281554
  0
VERTEX
  5
231
100
AcDbEntity
  8
0
 62
     2
100
AcDbVertex
100
AcDb2dVertex
 10
10.105225811044303
 20
43.019486086118398
  0
VERTEX
  5
232
100
AcDbEntity
  8
0
 62
     2
100
AcDbVertex
100
AcDb2dVertex
 10
10.167325102406298
 20
43.046399834955238
  0
VERTEX
  5
233
100
AcDbEntity
  8
0
 62
     2
100
AcDbVertex
100
AcDb2dVertex
 10
10.237779657843571
 20
43.055371099707685
  0
VERTEX
  5
234
100
AcDbEntity
  8
0
 62
     2
100
AcDbVertex
100
AcDb2dVertex
 10
10.290141536294836
 20
43.050291811250752
  0
VERTEX
  5
235
100
AcDbEntity
  8
0
 62
     2
100
AcDbVertex
100
AcDb2dVertex
 10
10.339425213184047
 20
43.035053824488614
  0
VERTEX
  5
236
100
AcDbEntity
  8
0
 62
     2
100
AcDbVertex
100
AcDb2dVertex
 10
10.385630582832523
 20
43.009657242363481
  0
VERTEX
  5
237
100
AcDbEntity
  8
0
 62
     2
100
AcDbVertex
100
AcDb2dVertex
 10
10.426715949472051
 20
42.974860652975103
  0
VERTEX
  5
238
100
AcDbEntity
  8
0
 62
     2
100
AcDbVertex
100
AcDb2dVertex
 10
10.460639727865892
 20
42.931422551906984
  0
VERTEX
  5
239
100
AcDbEntity
  8
0
 62
     2
100
AcDbVertex
100
AcDb2dVertex
 10
10.487401774029504
 20
42.879343064609543
  0
VERTEX
  5
23A
100
AcDbEntity
  8
0
 62
     2
100
AcDbVertex
100
AcDb2dVertex
 10
10.50671940540693
 20
42.814532337982541
  0
VERTEX
  5
23B
100
AcDbEntity
  8
0
 62
     2
100
AcDbVertex
100
AcDb2dVertex
 10
10.518310068733509
 20
42.73290039163912
  0
VERTEX
  5
23C
100
AcDbEntity
  8
0
 62
     2
100
AcDbVertex
100
AcDb2dVertex
 10
10.522173597688475
 20
42.634447400265579
  0
VERTEX
  5
23D
100
AcDbEntity
  8
0
 62
     2
100
AcDbVertex
100
AcDb2dVertex
 10
10.518341421680578
 20
42.530783215996891
  0
VERTEX
  5
23E
100
AcDbEntity
  8
0
 62
     2
100
AcDbVertex
100
AcDb2dVertex
 10
10.506845102690473
 20
42.442224902123712
  0
VERTEX
  5
23F
100
AcDbEntity
  8
0
 62
     2
100
AcDbVertex
100
AcDb2dVertex
 10
10.487684471782831
 20
42.368772709856067
  0
VERTEX
  5
240
100
AcDbEntity
  8
0
 62
     2
100
AcDbVertex
100
AcDb2dVertex
 10
10.460953781205045
 20
42.308117832933121
  0
VERTEX
  5
241
100
AcDbEntity
  8
0
 62
     2
100
AcDbVertex
100
AcDb2dVertex
 10
10.426747403582898
 20
42.257951222042585
  0
VERTEX
  5
242
100
AcDbEntity
  8
0
 62
     2
100
AcDbVertex
100
AcDb2dVertex
 10
10.385065187325875
 20
42.218273192495595
  0
VERTEX
  5
243
100
AcDbEntity
  8
0
 62
     2
100
AcDbVertex
100
AcDb2dVertex
 10
10.337037941975982
 20
42.189578448835476
  0
VERTEX
  5
244
100
AcDbEntity
  8
0
 62
     2
100
AcDbVertex
100
AcDb2dVertex
 10
10.283796570258321
 20
42.172361425396439
  0
VERTEX
  5
245
100
AcDbEntity
  8
0
 62
     2
100
AcDbVertex
100
AcDb2dVertex
 10
10.22534095669727
 20
42.166622470561229
  0
VERTEX
  5
246
100
AcDbEntity
  8
0
 62
     2
100
AcDbVertex
100
AcDb2dVertex
 10
10.164466683376535
 20
42.172922249104289
  0
VERTEX
  5
247
100
AcDbEntity
  8
0
 62
     2
100
AcDbVertex
100
AcDb2dVertex
 10
10.11150799355968
 20
42.191821150781315
  0
VERTEX
  5
248
100
AcDbEntity
  8
0
 62
     2
100
AcDbVertex
100
AcDb2dVertex
 10
10.066464819328647
 20
42.223319527397223
  0
VERTEX
  5
249
100
AcDbEntity
  8
0
 62
     2
100
AcDbVertex
100
AcDb2dVertex
 10
10.030844891785403
 20
42.266229965196196
  0
VERTEX
  5
24A
100
AcDbEntity
  8
0
 62
     2
100
AcDbVertex
100
AcDb2dVertex
 10
10.006155964894074
 20
42.31936479525271
  0
VERTEX
  5
24B
100
AcDbEntity
  8
0
 62
     2
100
AcDbVertex
100
AcDb2dVertex
 10
9.9923980079575152
 20
42.382724341642934
  0
SEQEND
  5
24C
100
AcDbEntity
  8
0
  0
POLYLINE
  5
24D
100
AcDbEntity
  8
0
 62
     2
100
AcDb2dPolyline
 66
     1
 10
0.0
 20
0.0
 30
0.0
 40
0.000000247740786108
 41
0.000000247740786108
  0
VERTEX
  5
24E
100
AcDbEntity
  8
0
 62
     2
100
AcDbVertex
100
AcDb2dVertex
 10
10.409094496358495
 20
42.766839480626068
  0
VERTEX
  5
24F
100
AcDbEntity
  8
0
 62
     2
100
AcDbVertex
100
AcDb2dVertex
 10
10.403911662919764
 20
42.823965363441509
  0
VERTEX
  5
250
100
AcDbEntity
  8
0
 62
     2
100
AcDbVertex
100
AcDb2dVertex
 10
10.388363331535157
 20
42.872647597719322
  0
VERTEX
  5
251
100
AcDbEntity
  8
0
 62
     2
100
AcDbVertex
100
AcDb2dVertex
 10
10.36244936705987
 20
42.912886349543925
  0
VERTEX
  5
252
100
AcDbEntity
  8
0
 62
     2
100
AcDbVertex
100
AcDb2dVertex
 10
10.329248049977625
 20
42.942900538703185
  0
VERTEX
  5
253
100
AcDbEntity
  8
0
 62
     2
100
AcDbVertex
100
AcDb2dVertex
 10
10.291837751930661
 20
42.960908983526714
  0
VERTEX
  5
254
100
AcDbEntity
  8
0
 62
     2
100
AcDbVertex
100
AcDb2dVertex
 10
10.250218358989873
 20
42.966911817314354
  0
VERTEX
  5
255
100
AcDbEntity
  8
0
 62
     2
100
AcDbVertex
100
AcDb2dVertex
 10
10.206934165458389
 20
42.960447267958251
  0
VERTEX
  5
256
100
AcDbEntity
  8
0
 62
     2
100
AcDbVertex
100
AcDb2dVertex
 10
10.167544971803967
 20
42.941053467088558
  0
VERTEX
  5
257
100
AcDbEntity
  8
0
 62
     2
100
AcDbVertex
100
AcDb2dVertex
 10
10.132050698100034
 20
42.908730544330815
  0
VERTEX
  5
258
100
AcDbEntity
  8
0
 62
     2
100
AcDbVertex
100
AcDb2dVertex
 10
10.104095014990943
 20
42.86611709206673
  0
VERTEX
  5
259
100
AcDbEntity
  8
0
 62
     2
100
AcDbVertex
100
AcDb2dVertex
 10
10.087321632370237
 20
42.815851586203095
  0
VERTEX
  5
25A
100
AcDbEntity
  8
0
 62
     2
100
AcDbVertex
100
AcDb2dVertex
 10
10.081730498008195
 20
42.757934183740836
  0
VERTEX
  5
25B
100
AcDbEntity
  8
0
 62
     2
100
AcDbVertex
100
AcDb2dVertex
 10
10.087038920776894
 20
42.705986674621109
  0
VERTEX
  5
25C
100
AcDbEntity
  8
0
 62
     2
100
AcDbVertex
100
AcDb2dVertex
 10
10.102964243636098
 20
42.660965384638793
  0
VERTEX
  5
25D
100
AcDbEntity
  8
0
 62
     2
100
AcDbVertex
100
AcDb2dVertex
 10
10.129506418320116
 20
42.622870514314769
  0
VERTEX
  5
25E
100
AcDbEntity
  8
0
 62
     2
100
AcDbVertex
100
AcDb2dVertex
 10
10.163838472197977
 20
42.594010823144352
  0
VERTEX
  5
25F
100
AcDbEntity
  8
0
 62
     2
100
AcDbVertex
100
AcDb2dVertex
 10
10.20313348332461
 20
42.576694891025859
  0
VERTEX
  5
260
100
AcDbEntity
  8
0
 62
     2
100
AcDbVertex
100
AcDb2dVertex
 10
10.24739138145662
 20
42.570922949150898
  0
VERTEX
  5
261
100
AcDbEntity
  8
0
 62
     2
100
AcDbVertex
100
AcDb2dVertex
 10
10.291712078636511
 20
42.5766949717881
  0
VERTEX
  5
262
100
AcDbEntity
  8
0
 62
     2
100
AcDbVertex
100
AcDb2dVertex
 10
10.330441705948115
 20
42.594010748488728
  0
VERTEX
  5
263
100
AcDbEntity
  8
0
 62
     2
100
AcDbVertex
100
AcDb2dVertex
 10
10.36358015807318
 20
42.622870514314769
  0
VERTEX
  5
264
100
AcDbEntity
  8
0
 62
     2
100
AcDbVertex
100
AcDb2dVertex
 10
10.38886586351656
 20
42.661954938570794
  0
VERTEX
  5
265
100
AcDbEntity
  8
0
 62
     2
100
AcDbVertex
100
AcDb2dVertex
 10
10.404037353561403
 20
42.709944524063914
  0
VERTEX
  5
266
100
AcDbEntity
  8
0
 62
     2
100
AcDbVertex
100
AcDb2dVertex
 10
10.409094496358495
 20
42.766839480626068
  0
SEQEND
  5
267
100
AcDbEntity
  8
0
  0
POLYLINE
  5
268
100
AcDbEntity
  8
0
 62
     2
100
AcDb2dPolyline
 66
     1
 10
0.0
 20
0.0
 30
0.0
 40
0.000000247740786108
 41
0.000000247740786108
  0
VERTEX
  5
269
100
AcDbEntity
  8
0
 62
     2
100
AcDbVertex
100
AcDb2dVertex
 10
11.004455964860842
 20
42.181464632036622
  0
VERTEX
  5
26A
100
AcDbEntity
  8
0
 62
     2
100
AcDbVertex
100
AcDb2dVertex
 10
10.902684773663861
 20
42.181464632036622
  0
VERTEX
  5
26B
100
AcDbEntity
  8
0
 62
     2
100
AcDbVertex
100
AcDb2dVertex
 10
10.902684773663861
 20
42.862423000527592
  0
VERTEX
  5
26C
100
AcDbEntity
  8
0
 62
     2
100
AcDbVertex
100
AcDb2dVertex
 10
10.875639939056423
 20
42.837884006508098
  0
VERTEX
  5
26D
100
AcDbEntity
  8
0
 62
     2
100
AcDbVertex
100
AcDb2dVertex
 10
10.843506718513485
 20
42.813344911898632
  0
VERTEX
  5
26E
100
AcDbEntity
  8
0
 62
     2
100
AcDbVertex
100
AcDb2dVertex
 10
10.806284839780051
 20
42.788805879609647
  0
VERTEX
  5
26F
100
AcDbEntity
  8
0
 62
     2
100
AcDbVertex
100
AcDb2dVertex
 10
10.767869282065757
 20
42.766311812004545
  0
VERTEX
  5
270
100
AcDbEntity
  8
0
 62
     2
100
AcDbVertex
100
AcDb2dVertex
 10
10.732155213347358
 20
42.747907470879539
  0
VERTEX
  5
271
100
AcDbEntity
  8
0
 62
     2
100
AcDbVertex
100
AcDb2dVertex
 10
10.699142391269898
 20
42.733593038921192
  0
VERTEX
  5
272
100
AcDbEntity
  8
0
 62
     2
100
AcDbVertex
100
AcDb2dVertex
 10
10.699142391269898
 20
42.836894482789923
  0
VERTEX
  5
273
100
AcDbEntity
  8
0
 62
     2
100
AcDbVertex
100
AcDb2dVertex
 10
10.753671579593824
 20
42.866974644139113
  0
VERTEX
  5
274
100
AcDbEntity
  8
0
 62
     2
100
AcDbVertex
100
AcDb2dVertex
 10
10.803426464074068
 20
42.901012617186694
  0
VERTEX
  5
275
100
AcDbEntity
  8
0
 62
     2
100
AcDbVertex
100
AcDb2dVertex
 10
10.848406805025473
 20
42.939008553740614
  0
VERTEX
  5
276
100
AcDbEntity
  8
0
 62
     2
100
AcDbVertex
100
AcDb2dVertex
 10
10.886853619732381
 20
42.978587689337118
  0
VERTEX
  5
277
100
AcDbEntity
  8
0
 62
     2
100
AcDbVertex
100
AcDb2dVertex
 10
10.917008139077904
 20
43.017375164595435
  0
VERTEX
  5
278
100
AcDbEntity
  8
0
 62
     2
100
AcDbVertex
100
AcDb2dVertex
 10
10.938870086089448
 20
43.055371099707685
  0
VERTEX
  5
279
100
AcDbEntity
  8
0
 62
     2
100
AcDbVertex
100
AcDb2dVertex
 10
11.004455964860842
 20
43.055371099707685
  0
VERTEX
  5
27A
100
AcDbEntity
  8
0
 62
     2
100
AcDbVertex
100
AcDb2dVertex
 10
11.004455964860842
 20
42.181464632036622
  0
SEQEND
  5
27B
100
AcDbEntity
  8
0
  0
POLYLINE
  5
27C
100
AcDbEntity
  8
0
 62
     2
100
AcDb2dPolyline
 66
     1
 10
0.0
 20
0.0
 30
0.0
 40
0.000000247740786108
 41
0.000000247740786108
  0
VERTEX
  5
27D
100
AcDbEntity
  8
0
 62
     2
100
AcDbVertex
100
AcDb2dVertex
 10
11.265103293426453
 20
42.610699941904947
  0
VERTEX
  5
27E
100
AcDbEntity
  8
0
 62
     2
100
AcDbVertex
100
AcDb2dVertex
 10
11.2684641414662
 20
42.706910195623934
  0
VERTEX
  5
27F
100
AcDbEntity
  8
0
 62
     2
100
AcDbVertex
100
AcDb2dVertex
 10
11.278547157888728
 20
42.789729390060764
  0
VERTEX
  5
280
100
AcDbEntity
  8
0
 62
     2
100
AcDbVertex
100
AcDb2dVertex
 10
11.29535195303222
 20
42.859157725003008
  0
VERTEX
  5
281
100
AcDbEntity
  8
0
 62
     2
100
AcDbVertex
100
AcDb2dVertex
 10
11.318784338532193
 20
42.917108164392737
  0
VERTEX
  5
282
100
AcDbEntity
  8
0
 62
     2
100
AcDbVertex
100
AcDb2dVertex
 10
11.348750435339735
 20
42.965493564364316
  0
VERTEX
  5
283
100
AcDbEntity
  8
0
 62
     2
100
AcDbVertex
100
AcDb2dVertex
 10
11.385249838589555
 20
43.004314064232339
  0
VERTEX
  5
284
100
AcDbEntity
  8
0
 62
     2
100
AcDbVertex
100
AcDb2dVertex
 10
11.42843964785575
 20
43.032679116575054
  0
VERTEX
  5
285
100
AcDbEntity
  8
0
 62
     2
100
AcDbVertex
100
AcDb2dVertex
 10
11.478477295981005
 20
43.049698092667704
  0
VERTEX
  5
286
100
AcDbEntity
  8
0
 62
     2
100
AcDbVertex
100
AcDb2dVertex
 10
11.535362345605105
 20
43.055371099707685
  0
VERTEX
  5
287
100
AcDbEntity
  8
0
 62
     2
100
AcDbVertex
100
AcDb2dVertex
 10
11.578018157049033
 20
43.052237783620065
  0
VERTEX
  5
288
100
AcDbEntity
  8
0
 62
     2
100
AcDbVertex
100
AcDb2dVertex
 10
11.617030606470973
 20
43.042837714197873
  0
VERTEX
  5
289
100
AcDbEntity
  8
0
 62
     2
100
AcDbVertex
100
AcDb2dVertex
 10
11.652399215481633
 20
43.027170992904445
  0
VERTEX
  5
28A
100
AcDbEntity
  8
0
 62
     2
100
AcDbVertex
100
AcDb2dVertex
 10
11.683998393902311
 20
43.005600416839492
  0
VERTEX
  5
28B
100
AcDbEntity
  8
0
 62
     2
100
AcDbVertex
100
AcDb2dVertex
 10
11.711702943286635
 20
42.978488696735042
  0
VERTEX
  5
28C
100
AcDbEntity
  8
0
 62
     2
100
AcDbVertex
100
AcDb2dVertex
 10
11.735512354959173
 20
42.945835948019294
  0
VERTEX
  5
28D
100
AcDbEntity
  8
0
 62
     2
100
AcDbVertex
100
AcDb2dVertex
 10
11.755803616405398
 20
42.907840053912587
  0
VERTEX
  5
28E
100
AcDbEntity
  8
0
 62
     2
100
AcDbVertex
100
AcDb2dVertex
 10
11.772954123197426
 20
42.864698789820395
  0
VERTEX
  5
28F
100
AcDbEntity
  8
0
 62
     2
100
AcDbVertex
100
AcDb2dVertex
 10
11.786963346064308
 20
42.816412299953882
  0
VERTEX
  5
290
100
AcDbEntity
  8
0
 62
     2
100
AcDbVertex
100
AcDb2dVertex
 10
11.797328771061732
 20
42.759649328480769
  0
VERTEX
  5
291
100
AcDbEntity
  8
0
 62
     2
100
AcDbVertex
100
AcDb2dVertex
 10
11.803548301886313
 20
42.691078479389063
  0
VERTEX
  5
292
100
AcDbEntity
  8
0
 62
     2
100
AcDbVertex
100
AcDb2dVertex
 10
11.805621397783757
 20
42.610699941904947
  0
VERTEX
  5
293
100
AcDbEntity
  8
0
 62
     2
100
AcDbVertex
100
AcDb2dVertex
 10
11.802291685791143
 20
42.515149474367426
  0
VERTEX
  5
294
100
AcDbEntity
  8
0
 62
     2
100
AcDbVertex
100
AcDb2dVertex
 10
11.792303212236863
 20
42.432725919006195
  0
VERTEX
  5
295
100
AcDbEntity
  8
0
 62
     2
100
AcDbVertex
100
AcDb2dVertex
 10
11.775655435931309
 20
42.363429531724925
  0
VERTEX
  5
296
100
AcDbEntity
  8
0
 62
     2
100
AcDbVertex
100
AcDb2dVertex
 10
11.752379829893339
 20
42.305446244234361
  0
VERTEX
  5
297
100
AcDbEntity
  8
0
 62
     2
100
AcDbVertex
100
AcDb2dVertex
 10
11.722508275985721
 20
42.256961744677078
  0
VERTEX
  5
298
100
AcDbEntity
  8
0
 62
     2
100
AcDbVertex
100
AcDb2dVertex
 10
11.686040248127302
 20
42.217976349266088
  0
VERTEX
  5
299
100
AcDbEntity
  8
0
 62
     2
100
AcDbVertex
100
AcDb2dVertex
 10
11.642787342271223
 20
42.189446518530907
  0
VERTEX
  5
29A
100
AcDbEntity
  8
0
 62
     2
100
AcDbVertex
100
AcDb2dVertex
 10
11.592561539291619
 20
42.172328442819314
  0
VERTEX
  5
29B
100
AcDbEntity
  8
0
 62
     2
100
AcDbVertex
100
AcDb2dVertex
 10
11.535362345605105
 20
42.166622470561229
  0
VERTEX
  5
29C
100
AcDbEntity
  8
0
 62
     2
100
AcDbVertex
100
AcDb2dVertex
 10
11.461169755355687
 20
42.176649280930278
  0
VERTEX
  5
29D
100
AcDbEntity
  8
0
 62
     2
100
AcDbVertex
100
AcDb2dVertex
 10
11.398411002103852
 20
42.206729278529565
  0
VERTEX
  5
29E
100
AcDbEntity
  8
0
 62
     2
100
AcDbVertex
100
AcDb2dVertex
 10
11.347085641890683
 20
42.256862812331612
  0
VERTEX
  5
29F
100
AcDbEntity
  8
0
 62
     2
100
AcDbVertex
100
AcDb2dVertex
 10
11.3015397730255
 20
42.34446464429692
  0
VERTEX
  5
2A0
100
AcDbEntity
  8
0
 62
     2
100
AcDbVertex
100
AcDb2dVertex
 10
11.274212456916867
 20
42.462410255644336
  0
VERTEX
  5
2A1
100
AcDbEntity
  8
0
 62
     2
100
AcDbVertex
100
AcDb2dVertex
 10
11.265103293426453
 20
42.610699941904947
  0
SEQEND
  5
2A2
100
AcDbEntity
  8
0
  0
POLYLINE
  5
2A3
100
AcDbEntity
  8
0
 62
     2
100
AcDb2dPolyline
 66
     1
 10
0.0
 20
0.0
 30
0.0
 40
0.000000247740786108
 41
0.000000247740786108
  0
VERTEX
  5
2A4
100
AcDbEntity
  8
0
 62
     2
100
AcDbVertex
100
AcDb2dVertex
 10
11.36970146215668
 20
42.610699941904947
  0
VERTEX
  5
2A5
100
AcDbEntity
  8
0
 62
     2
100
AcDbVertex
100
AcDb2dVertex
 10
11.375009774747564
 20
42.483750058497897
  0
VERTEX
  5
2A6
100
AcDbEntity
  8
0
 62
     2
100
AcDbVertex
100
AcDb2dVertex
 10
11.390935222001072
 20
42.388661189996597
  0
VERTEX
  5
2A7
100
AcDbEntity
  8
0
 62
     2
100
AcDbVertex
100
AcDb2dVertex
 10
11.417477382468601
 20
42.325433598347921
  0
VERTEX
  5
2A8
100
AcDbEntity
  8
0
 62
     2
100
AcDbVertex
100
AcDb2dVertex
 10
11.451809326168661
 20
42.28601950705027
  0
VERTEX
  5
2A9
100
AcDbEntity
  8
0
 62
     2
100
AcDbVertex
100
AcDb2dVertex
 10
11.491104461689584
 20
42.26237088981371
  0
VERTEX
  5
2AA
100
AcDbEntity
  8
0
 62
     2
100
AcDbVertex
100
AcDb2dVertex
 10
11.535362345605105
 20
42.254488066495547
  0
VERTEX
  5
2AB
100
AcDbEntity
  8
0
 62
     2
100
AcDbVertex
100
AcDb2dVertex
 10
11.579620110906379
 20
42.262403984066268
  0
VERTEX
  5
2AC
100
AcDbEntity
  8
0
 62
     2
100
AcDbVertex
100
AcDb2dVertex
 10
11.618915258157937
 20
42.286151334054196
  0
VERTEX
  5
2AD
100
AcDbEntity
  8
0
 62
     2
100
AcDbVertex
100
AcDb2dVertex
 10
11.653247308741609
 20
42.325730441577427
  0
VERTEX
  5
2AE
100
AcDbEntity
  8
0
 62
     2
100
AcDbVertex
100
AcDb2dVertex
 10
11.679789338277626
 20
42.3890570885602
  0
VERTEX
  5
2AF
100
AcDbEntity
  8
0
 62
     2
100
AcDbVertex
100
AcDb2dVertex
 10
11.695714813654721
 20
42.484046827627317
  0
VERTEX
  5
2B0
100
AcDbEntity
  8
0
 62
     2
100
AcDbVertex
100
AcDb2dVertex
 10
11.701023229053529
 20
42.610699941904947
  0
VERTEX
  5
2B1
100
AcDbEntity
  8
0
 62
     2
100
AcDbVertex
100
AcDb2dVertex
 10
11.695714641646884
 20
42.737946803111832
  0
VERTEX
  5
2B2
100
AcDbEntity
  8
0
 62
     2
100
AcDbVertex
100
AcDb2dVertex
 10
11.679789504669227
 20
42.833134467424983
  0
VERTEX
  5
2B3
100
AcDbEntity
  8
0
 62
     2
100
AcDbVertex
100
AcDb2dVertex
 10
11.653247308741609
 20
42.896263128691487
  0
VERTEX
  5
2B4
100
AcDbEntity
  8
0
 62
     2
100
AcDbVertex
100
AcDb2dVertex
 10
11.618789446774255
 20
42.935512441647461
  0
VERTEX
  5
2B5
100
AcDbEntity
  8
0
 62
     2
100
AcDbVertex
100
AcDb2dVertex
 10
11.579117691159585
 20
42.959061959207737
  0
VERTEX
  5
2B6
100
AcDbEntity
  8
0
 62
     2
100
AcDbVertex
100
AcDb2dVertex
 10
11.534231554591802
 20
42.966911817314354
  0
VERTEX
  5
2B7
100
AcDbEntity
  8
0
 62
     2
100
AcDbVertex
100
AcDb2dVertex
 10
11.490633142692086
 20
42.95998551180282
  0
VERTEX
  5
2B8
100
AcDbEntity
  8
0
 62
     2
100
AcDbVertex
100
AcDb2dVertex
 10
11.453317190047532
 20
42.939206442411781
  0
VERTEX
  5
2B9
100
AcDbEntity
  8
0
 62
     2
100
AcDbVertex
100
AcDb2dVertex
 10
11.422283244275125
 20
42.904574739117706
  0
VERTEX
  5
2BA
100
AcDbEntity
  8
0
 62
     2
100
AcDbVertex
100
AcDb2dVertex
 10
11.393071016379228
 20
42.836564699603997
  0
VERTEX
  5
2BB
100
AcDbEntity
  8
0
 62
     2
100
AcDbVertex
100
AcDb2dVertex
 10
11.375543897597094
 20
42.738606376773944
  0
VERTEX
  5
2BC
100
AcDbEntity
  8
0
 62
     2
100
AcDbVertex
100
AcDb2dVertex
 10
11.36970146215668
 20
42.610699941904947
  0
SEQEND
  5
2BD
100
AcDbEntity
  8
0
  0
POLYLINE
  5
2BE
100
AcDbEntity
  8
0
 62
     2
100
AcDb2dPolyline
 66
     1
 10
0.0
 20
0.0
 30
0.0
 40
0.000000247740786108
 41
0.000000247740786108
  0
VERTEX
  5
2BF
100
AcDbEntity
  8
0
 62
     2
100
AcDbVertex
100
AcDb2dVertex
 10
12.437168178711705
 20
42.838675542166968
  0
VERTEX
  5
2C0
100
AcDbEntity
  8
0
 62
     2
100
AcDbVertex
100
AcDb2dVertex
 10
12.335962383021364
 20
42.830363931740749
  0
VERTEX
  5
2C1
100
AcDbEntity
  8
0
 62
     2
100
AcDbVertex
100
AcDb2dVertex
 10
12.32565941470013
 20
42.868491842868693
  0
VERTEX
  5
2C2
100
AcDbEntity
  8
0
 62
     2
100
AcDbVertex
100
AcDb2dVertex
 10
12.312844014385373
 20
42.898967696551757
  0
VERTEX
  5
2C3
100
AcDbEntity
  8
0
 62
     2
100
AcDbVertex
100
AcDb2dVertex
 10
12.297515488569172
 20
42.921791646429163
  0
VERTEX
  5
2C4
100
AcDbEntity
  8
0
 62
     2
100
AcDbVertex
100
AcDb2dVertex
 10
12.267863433223024
 20
42.947188273639277
  0
VERTEX
  5
2C5
100
AcDbEntity
  8
0
 62
     2
100
AcDbVertex
100
AcDb2dVertex
 10
12.233939928069592
 20
42.962426182151766
  0
VERTEX
  5
2C6
100
AcDbEntity
  8
0
 62
     2
100
AcDbVertex
100
AcDb2dVertex
 10
12.19574429737219
 20
42.967505503773367
  0
VERTEX
  5
2C7
100
AcDbEntity
  8
0
 62
     2
100
AcDbVertex
100
AcDb2dVertex
 10
12.164647351363751
 20
42.964339212619564
  0
VERTEX
  5
2C8
100
AcDbEntity
  8
0
 62
     2
100
AcDbVertex
100
AcDb2dVertex
 10
12.136189326626639
 20
42.95484018695965
  0
VERTEX
  5
2C9
100
AcDbEntity
  8
0
 62
     2
100
AcDbVertex
100
AcDb2dVertex
 10
12.110369575868059
 20
42.939008553740614
  0
VERTEX
  5
2CA
100
AcDbEntity
  8
0
 62
     2
100
AcDbVertex
100
AcDb2dVertex
 10
12.080591893379076
 20
42.910709538761189
  0
VERTEX
  5
2CB
100
AcDbEntity
  8
0
 62
     2
100
AcDbVertex
100
AcDb2dVertex
 10
12.055337768546625
 20
42.874890407874695
  0
VERTEX
  5
2CC
100
AcDbEntity
  8
0
 62
     2
100
AcDbVertex
100
AcDb2dVertex
 10
12.03460657797697
 20
42.831551304658781
  0
VERTEX
  5
2CD
100
AcDbEntity
  8
0
 62
     2
100
AcDbVertex
100
AcDb2dVertex
 10
12.019089432820035
 20
42.777789746651912
  0
VERTEX
  5
2CE
100
AcDbEntity
  8
0
 62
     2
100
AcDbVertex
100
AcDb2dVertex
 10
12.009477911322985
 20
42.710703115382373
  0
VERTEX
  5
2CF
100
AcDbEntity
  8
0
 62
     2
100
AcDbVertex
100
AcDb2dVertex
 10
12.005771407137825
 20
42.630291595052469
  0
VERTEX
  5
2D0
100
AcDbEntity
  8
0
 62
     2
100
AcDbVertex
100
AcDb2dVertex
 10
12.032093530964215
 20
42.666110742701669
  0
VERTEX
  5
2D1
100
AcDbEntity
  8
0
 62
     2
100
AcDbVertex
100
AcDb2dVertex
 10
12.062059696485672
 20
42.695201308475866
  0
VERTEX
  5
2D2
100
AcDbEntity
  8
0
 62
     2
100
AcDbVertex
100
AcDb2dVertex
 10
12.09566929269516
 20
42.717563504527767
  0
VERTEX
  5
2D3
100
AcDbEntity
  8
0
 62
     2
100
AcDbVertex
100
AcDb2dVertex
 10
12.13166595387592
 20
42.733395201034526
  0
VERTEX
  5
2D4
100
AcDbEntity
  8
0
 62
     2
100
AcDbVertex
100
AcDb2dVertex
 10
12.168793805355524
 20
42.742894119967865
  0
VERTEX
  5
2D5
100
AcDbEntity
  8
0
 62
     2
100
AcDbVertex
100
AcDb2dVertex
 10
12.207052207505189
 20
42.746060454560521
  0
VERTEX
  5
2D6
100
AcDbEntity
  8
0
 62
     2
100
AcDbVertex
100
AcDb2dVertex
 10
12.27153850964746
 20
42.737320125902237
  0
VERTEX
  5
2D7
100
AcDbEntity
  8
0
 62
     2
100
AcDbVertex
100
AcDb2dVertex
 10
12.329303310371298
 20
42.711098908847177
  0
VERTEX
  5
2D8
100
AcDbEntity
  8
0
 62
     2
100
AcDbVertex
100
AcDb2dVertex
 10
12.380345930293384
 20
42.667396998740948
  0
VERTEX
  5
2D9
100
AcDbEntity
  8
0
 62
     2
100
AcDbVertex
100
AcDb2dVertex
 10
12.420080458993827
 20
42.609842458139269
  0
VERTEX
  5
2DA
100
AcDbEntity
  8
0
 62
     2
100
AcDbVertex
100
AcDb2dVertex
 10
12.443921542723711
 20
42.542063176630919
  0
VERTEX
  5
2DB
100
AcDbEntity
  8
0
 62
     2
100
AcDbVertex
100
AcDb2dVertex
 10
12.451868461884597
 20
42.464059386528078
  0
VERTEX
  5
2DC
100
AcDbEntity
  8
0
 62
     2
100
AcDbVertex
100
AcDb2dVertex
 10
12.448130353392113
 20
42.410726634028762
  0
VERTEX
  5
2DD
100
AcDbEntity
  8
0
 62
     2
100
AcDbVertex
100
AcDb2dVertex
 10
12.436916918552225
 20
42.359966346093493
  0
VERTEX
  5
2DE
100
AcDbEntity
  8
0
 62
     2
100
AcDbVertex
100
AcDb2dVertex
 10
12.418227429238929
 20
42.31177880979056
  0
VERTEX
  5
2DF
100
AcDbEntity
  8
0
 62
     2
100
AcDbVertex
100
AcDb2dVertex
 10
12.393004294896375
 20
42.268538740061196
  0
VERTEX
  5
2E0
100
AcDbEntity
  8
0
 62
     2
100
AcDbVertex
100
AcDb2dVertex
 10
12.362190477068605
 20
42.23262060032598
  0
VERTEX
  5
2E1
100
AcDbEntity
  8
0
 62
     2
100
AcDbVertex
100
AcDb2dVertex
 10
12.325785263901668
 20
42.204024717479214
  0
VERTEX
  5
2E2
100
AcDbEntity
  8
0
 62
     2
100
AcDbVertex
100
AcDb2dVertex
 10
12.284825296272576
 20
42.183245794216283
  0
VERTEX
  5
2E3
100
AcDbEntity
  8
0
 62
     2
100
AcDbVertex
100
AcDb2dVertex
 10
12.240347743229986
 20
42.170778261694451
  0
VERTEX
  5
2E4
100
AcDbEntity
  8
0
 62
     2
100
AcDbVertex
100
AcDb2dVertex
 10
12.192351924332289
 20
42.166622470561229
  0
VERTEX
  5
2E5
100
AcDbEntity
  8
0
 62
     2
100
AcDbVertex
100
AcDb2dVertex
 10
12.112756609789901
 20
42.177539810658601
  0
VERTEX
  5
2E6
100
AcDbEntity
  8
0
 62
     2
100
AcDbVertex
100
AcDb2dVertex
 10
12.043590103594479
 20
42.210291397549057
  0
VERTEX
  5
2E7
100
AcDbEntity
  8
0
 62
     2
100
AcDbVertex
100
AcDb2dVertex
 10
11.984851773391778
 20
42.264877579528324
  0
VERTEX
  5
2E8
100
AcDbEntity
  8
0
 62
     2
100
AcDbVertex
100
AcDb2dVertex
 10
11.940248175781367
 20
42.344530608876795
  0
VERTEX
  5
2E9
100
AcDbEntity
  8
0
 62
     2
100
AcDbVertex
100
AcDb2dVertex
 10
11.913486316849816
 20
42.452482497933779
  0
VERTEX
  5
2EA
100
AcDbEntity
  8
0
 62
     2
100
AcDbVertex
100
AcDb2dVertex
 10
11.904565611447492
 20
42.588733542921368
  0
VERTEX
  5
2EB
100
AcDbEntity
  8
0
 62
     2
100
AcDbVertex
100
AcDb2dVertex
 10
11.914428453402412
 20
42.741640853564981
  0
VERTEX
  5
2EC
100
AcDbEntity
  8
0
 62
     2
100
AcDbVertex
100
AcDb2dVertex
 10
11.94401767821174
 20
42.863940200252252
  0
VERTEX
  5
2ED
100
AcDbEntity
  8
0
 62
     2
100
AcDbVertex
100
AcDb2dVertex
 10
11.993332705991524
 20
42.955631774593051
  0
VERTEX
  5
2EE
100
AcDbEntity
  8
0
 62
     2
100
AcDbVertex
100
AcDb2dVertex
 10
12.050940048517813
 20
43.011042546626136
  0
VERTEX
  5
2EF
100
AcDbEntity
  8
0
 62
     2
100
AcDbVertex
100
AcDb2dVertex
 10
12.120483902274419
 20
43.044288950019265
  0
VERTEX
  5
2F0
100
AcDbEntity
  8
0
 62
     2
100
AcDbVertex
100
AcDb2dVertex
 10
12.201963647945337
 20
43.055371099707685
  0
VERTEX
  5
2F1
100
AcDbEntity
  8
0
 62
     2
100
AcDbVertex
100
AcDb2dVertex
 10
12.263246042683409
 20
43.048972507949514
  0
VERTEX
  5
2F2
100
AcDbEntity
  8
0
 62
     2
100
AcDbVertex
100
AcDb2dVertex
 10
12.316676143604287
 20
43.029776611126408
  0
VERTEX
  5
2F3
100
AcDbEntity
  8
0
 62
     2
100
AcDbVertex
100
AcDb2dVertex
 10
12.36225327408059
 20
42.997783513183165
  0
VERTEX
  5
2F4
100
AcDbEntity
  8
0
 62
     2
100
AcDbVertex
100
AcDb2dVertex
 10
12.39834414463353
 20
42.954510401624333
  0
VERTEX
  5
2F5
100
AcDbEntity
  8
0
 62
     2
100
AcDbVertex
100
AcDb2dVertex
 10
12.423316017584984
 20
42.901474367328063
  0
VERTEX
  5
2F6
100
AcDbEntity
  8
0
 62
     2
100
AcDbVertex
100
AcDb2dVertex
 10
12.437168178711705
 20
42.838675542166968
  0
SEQEND
  5
2F7
100
AcDbEntity
  8
0
  0
POLYLINE
  5
2F8
100
AcDbEntity
  8
0
 62
     2
100
AcDb2dPolyline
 66
     1
 10
0.0
 20
0.0
 30
0.0
 40
0.000000247740786108
 41
0.000000247740786108
  0
VERTEX
  5
2F9
100
AcDbEntity
  8
0
 62
     2
100
AcDbVertex
100
AcDb2dVertex
 10
12.02160248132402
 20
42.463465700069065
  0
VERTEX
  5
2FA
100
AcDbEntity
  8
0
 62
     2
100
AcDbVertex
100
AcDb2dVertex
 10
12.024083760489258
 20
42.427184941609447
  0
VERTEX
  5
2FB
100
AcDbEntity
  8
0
 62
     2
100
AcDbVertex
100
AcDb2dVertex
 10
12.031528337388519
 20
42.391959451019005
  0
VERTEX
  5
2FC
100
AcDbEntity
  8
0
 62
     2
100
AcDbVertex
100
AcDb2dVertex
 10
12.04393560383669
 20
42.357789510364277
  0
VERTEX
  5
2FD
100
AcDbEntity
  8
0
 62
     2
100
AcDbVertex
100
AcDb2dVertex
 10
12.060803055306632
 20
42.326818956522359
  0
VERTEX
  5
2FE
100
AcDbEntity
  8
0
 62
     2
100
AcDbVertex
100
AcDb2dVertex
 10
12.081628662828589
 20
42.301191387696811
  0
VERTEX
  5
2FF
100
AcDbEntity
  8
0
 62
     2
100
AcDbVertex
100
AcDb2dVertex
 10
12.106411807321503
 20
42.280907113921749
  0
VERTEX
  5
300
100
AcDbEntity
  8
0
 62
     2
100
AcDbVertex
100
AcDb2dVertex
 10
12.13361342654974
 20
42.266229961365283
  0
VERTEX
  5
301
100
AcDbEntity
  8
0
 62
     2
100
AcDbVertex
100
AcDb2dVertex
 10
12.161694949995653
 20
42.257423503245022
  0
VERTEX
  5
302
100
AcDbEntity
  8
0
 62
     2
100
AcDbVertex
100
AcDb2dVertex
 10
12.190655737812346
 20
42.254488066495547
  0
VERTEX
  5
303
100
AcDbEntity
  8
0
 62
     2
100
AcDbVertex
100
AcDb2dVertex
 10
12.231615306704132
 20
42.260556959444536
  0
VERTEX
  5
304
100
AcDbEntity
  8
0
 62
     2
100
AcDbVertex
100
AcDb2dVertex
 10
12.268554702347632
 20
42.2787632353471
  0
VERTEX
  5
305
100
AcDbEntity
  8
0
 62
     2
100
AcDbVertex
100
AcDb2dVertex
 10
12.30147325711572
 20
42.309107220724989
  0
VERTEX
  5
306
100
AcDbEntity
  8
0
 62
     2
100
AcDbVertex
100
AcDb2dVertex
 10
12.327229959690381
 20
42.349873783412605
  0
VERTEX
  5
307
100
AcDbEntity
  8
0
 62
     2
100
AcDbVertex
100
AcDb2dVertex
 10
12.342684334690336
 20
42.399347554916112
  0
VERTEX
  5
308
100
AcDbEntity
  8
0
 62
     2
100
AcDbVertex
100
AcDb2dVertex
 10
12.347835688661011
 20
42.457528835478911
  0
VERTEX
  5
309
100
AcDbEntity
  8
0
 62
     2
100
AcDbVertex
100
AcDb2dVertex
 10
12.34274692196384
 20
42.51343438927892
  0
VERTEX
  5
30A
100
AcDbEntity
  8
0
 62
     2
100
AcDbVertex
100
AcDb2dVertex
 10
12.327481475603154
 20
42.560830272885667
  0
VERTEX
  5
30B
100
AcDbEntity
  8
0
 62
     2
100
AcDbVertex
100
AcDb2dVertex
 10
12.302038652622375
 20
42.599716742413158
  0
VERTEX
  5
30C
100
AcDbEntity
  8
0
 62
     2
100
AcDbVertex
100
AcDb2dVertex
 10
12.268868580445915
 20
42.628576568065277
  0
VERTEX
  5
30D
100
AcDbEntity
  8
0
 62
     2
100
AcDbVertex
100
AcDb2dVertex
 10
12.230421911224308
 20
42.645892348349598
  0
VERTEX
  5
30E
100
AcDbEntity
  8
0
 62
     2
100
AcDbVertex
100
AcDb2dVertex
 10
12.18669796926579
 20
42.651664307577029
  0
VERTEX
  5
30F
100
AcDbEntity
  8
0
 62
     2
100
AcDbVertex
100
AcDb2dVertex
 10
12.143036679775992
 20
42.645892419421514
  0
VERTEX
  5
310
100
AcDbEntity
  8
0
 62
     2
100
AcDbVertex
100
AcDb2dVertex
 10
12.10402460350198
 20
42.628576490886729
  0
VERTEX
  5
311
100
AcDbEntity
  8
0
 62
     2
100
AcDbVertex
100
AcDb2dVertex
 10
12.069661099389261
 20
42.599716742413158
  0
VERTEX
  5
312
100
AcDbEntity
  8
0
 62
     2
100
AcDbVertex
100
AcDb2dVertex
 10
12.042961684945343
 20
42.561489999784634
  0
VERTEX
  5
313
100
AcDbEntity
  8
0
 62
     2
100
AcDbVertex
100
AcDb2dVertex
 10
12.026942350236272
 20
42.516072903996978
  0
VERTEX
  5
314
100
AcDbEntity
  8
0
 62
     2
100
AcDbVertex
100
AcDb2dVertex
 10
12.02160248132402
 20
42.463465700069065
  0
SEQEND
  5
315
100
AcDbEntity
  8
0
  0
POLYLINE
  5
316
100
AcDbEntity
  8
0
 62
     2
100
AcDb2dPolyline
 66
     1
 10
0.0
 20
0.0
 30
0.0
 40
0.000000247740786108
 41
0.000000247740786108
  0
VERTEX
  5
317
100
AcDbEntity
  8
0
 62
     2
100
AcDbVertex
100
AcDb2dVertex
 10
12.553074257574931
 20
42.409440232298635
  0
VERTEX
  5
318
100
AcDbEntity
  8
0
 62
     2
100
AcDbVertex
100
AcDb2dVertex
 10
12.659934008331764
 20
42.418939215642887
  0
VERTEX
  5
319
100
AcDbEntity
  8
0
 62
     2
100
AcDbVertex
100
AcDb2dVertex
 10
12.671335917426799
 20
42.36883876009135
  0
VERTEX
  5
31A
100
AcDbEntity
  8
0
 62
     2
100
AcDbVertex
100
AcDb2dVertex
 10
12.689711536878857
 20
42.327775347447684
  0
VERTEX
  5
31B
100
AcDbEntity
  8
0
 62
     2
100
AcDbVertex
100
AcDb2dVertex
 10
12.715060070230127
 20
42.295749275397135
  0
VERTEX
  5
31C
100
AcDbEntity
  8
0
 62
     2
100
AcDbVertex
100
AcDb2dVertex
 10
12.74587388648678
 20
42.272826476593615
  0
VERTEX
  5
31D
100
AcDbEntity
  8
0
 62
     2
100
AcDbVertex
100
AcDb2dVertex
 10
12.780645982825281
 20
42.259072632101244
  0
VERTEX
  5
31E
100
AcDbEntity
  8
0
 62
     2
100
AcDbVertex
100
AcDb2dVertex
 10
12.819375541207034
 20
42.254488066495547
  0
VERTEX
  5
31F
100
AcDbEntity
  8
0
 62
     2
100
AcDbVertex
100
AcDb2dVertex
 10
12.865863367784112
 20
42.26095275043491
  0
VERTEX
  5
320
100
AcDbEntity
  8
0
 62
     2
100
AcDbVertex
100
AcDb2dVertex
 10
12.907325988725301
 20
42.280346399355764
  0
VERTEX
  5
321
100
AcDbEntity
  8
0
 62
     2
100
AcDbVertex
100
AcDb2dVertex
 10
12.943762552670012
 20
42.312669339479086
  0
VERTEX
  5
322
100
AcDbEntity
  8
0
 62
     2
100
AcDbVertex
100
AcDb2dVertex
 10
12.972032069131945
 20
42.355678717316806
  0
VERTEX
  5
323
100
AcDbEntity
  8
0
 62
     2
100
AcDbVertex
100
AcDb2dVertex
 10
12.988994227713508
 20
42.407131444249885
  0
VERTEX
  5
324
100
AcDbEntity
  8
0
 62
     2
100
AcDbVertex
100
AcDb2dVertex
 10
12.994648148268507
 20
42.467027818823155
  0
VERTEX
  5
325
100
AcDbEntity
  8
0
 62
     2
100
AcDbVertex
100
AcDb2dVertex
 10
12.989213806748861
 20
42.523691971156374
  0
VERTEX
  5
326
100
AcDbEntity
  8
0
 62
     2
100
AcDbVertex
100
AcDb2dVertex
 10
12.972911864341977
 20
42.571780489959572
  0
VERTEX
  5
327
100
AcDbEntity
  8
0
 62
     2
100
AcDbVertex
100
AcDb2dVertex
 10
12.945741436943283
 20
42.611293628363967
  0
VERTEX
  5
328
100
AcDbEntity
  8
0
 62
     2
100
AcDbVertex
100
AcDb2dVertex
 10
12.909775743042669
 20
42.640648191724388
  0
VERTEX
  5
329
100
AcDbEntity
  8
0
 62
     2
100
AcDbVertex
100
AcDb2dVertex
 10
12.867088669284907
 20
42.658260816395163
  0
VERTEX
  5
32A
100
AcDbEntity
  8
0
 62
     2
100
AcDbVertex
100
AcDb2dVertex
 10
12.81767935468709
 20
42.664131723216357
  0
VERTEX
  5
32B
100
AcDbEntity
  8
0
 62
     2
100
AcDbVertex
100
AcDb2dVertex
 10
12.785954138243287
 20
42.661526161917301
  0
VERTEX
  5
32C
100
AcDbEntity
  8
0
 62
     2
100
AcDbVertex
100
AcDb2dVertex
 10
12.756365382456135
 20
42.653709218732978
  0
VERTEX
  5
32D
100
AcDbEntity
  8
0
 62
     2
100
AcDbVertex
100
AcDb2dVertex
 10
12.728912260143051
 20
42.640681108085239
  0
VERTEX
  5
32E
100
AcDbEntity
  8
0
 62
     2
100
AcDbVertex
100
AcDb2dVertex
 10
12.704411549331827
 20
42.623497248348976
  0
VERTEX
  5
32F
100
AcDbEntity
  8
0
 62
     2
100
AcDbVertex
100
AcDb2dVertex
 10
12.68368064880541
 20
42.603212885845295
  0
VERTEX
  5
330
100
AcDbEntity
  8
0
 62
     2
100
AcDbVertex
100
AcDb2dVertex
 10
12.666718754411558
 20
42.579828246036136
  0
VERTEX
  5
331
100
AcDbEntity
  8
0
 62
     2
100
AcDbVertex
100
AcDb2dVertex
 10
12.571166913787732
 20
42.592889348134477
  0
VERTEX
  5
332
100
AcDbEntity
  8
0
 62
     2
100
AcDbVertex
100
AcDb2dVertex
 10
12.651453075732018
 20
43.039935251773279
  0
VERTEX
  5
333
100
AcDbEntity
  8
0
 62
     2
100
AcDbVertex
100
AcDb2dVertex
 10
13.063626400079794
 20
43.039935251773279
  0
VERTEX
  5
334
100
AcDbEntity
  8
0
 62
     2
100
AcDbVertex
100
AcDb2dVertex
 10
13.063626400079794
 20
42.937821180822581
  0
VERTEX
  5
335
100
AcDbEntity
  8
0
 62
     2
100
AcDbVertex
100
AcDb2dVertex
 10
12.7328700286896
 20
42.937821180822581
  0
VERTEX
  5
336
100
AcDbEntity
  8
0
 62
     2
100
AcDbVertex
100
AcDb2dVertex
 10
12.68820378366426
 20
42.703908715970407
  0
VERTEX
  5
337
100
AcDbEntity
  8
0
 62
     2
100
AcDbVertex
100
AcDb2dVertex
 10
12.738775033587334
 20
42.734252748805488
  0
VERTEX
  5
338
100
AcDbEntity
  8
0
 62
     2
100
AcDbVertex
100
AcDb2dVertex
 10
12.790980157410669
 20
42.752459068957847
  0
VERTEX
  5
339
100
AcDbEntity
  8
0
 62
     2
100
AcDbVertex
100
AcDb2dVertex
 10
12.844818339006277
 20
42.758527870199849
  0
VERTEX
  5
33A
100
AcDbEntity
  8
0
 62
     2
100
AcDbVertex
100
AcDb2dVertex
 10
12.913419409330022
 20
42.749754557892523
  0
VERTEX
  5
33B
100
AcDbEntity
  8
0
 62
     2
100
AcDbVertex
100
AcDb2dVertex
 10
12.974482412489127
 20
42.723434394290067
  0
VERTEX
  5
33C
100
AcDbEntity
  8
0
 62
     2
100
AcDbVertex
100
AcDb2dVertex
 10
13.028006483160848
 20
42.67956757115077
  0
VERTEX
  5
33D
100
AcDbEntity
  8
0
 62
     2
100
AcDbVertex
100
AcDb2dVertex
 10
13.069468553779377
 20
42.621914081773483
  0
VERTEX
  5
33E
100
AcDbEntity
  8
0
 62
     2
100
AcDbVertex
100
AcDb2dVertex
 10
13.094346258625787
 20
42.554233749187532
  0
VERTEX
  5
33F
100
AcDbEntity
  8
0
 62
     2
100
AcDbVertex
100
AcDb2dVertex
 10
13.102638690038642
 20
42.476526802167406
  0
VERTEX
  5
340
100
AcDbEntity
  8
0
 62
     2
100
AcDbVertex
100
AcDb2dVertex
 10
13.095351098370887
 20
42.401326597982568
  0
VERTEX
  5
341
100
AcDbEntity
  8
0
 62
     2
100
AcDbVertex
100
AcDb2dVertex
 10
13.07348944344238
 20
42.333250454175015
  0
VERTEX
  5
342
100
AcDbEntity
  8
0
 62
     2
100
AcDbVertex
100
AcDb2dVertex
 10
13.037052811267248
 20
42.272298660266017
  0
VERTEX
  5
343
100
AcDbEntity
  8
0
 62
     2
100
AcDbVertex
100
AcDb2dVertex
 10
12.9774347311638
 20
42.21358976426658
  0
VERTEX
  5
344
100
AcDbEntity
  8
0
 62
     2
100
AcDbVertex
100
AcDb2dVertex
 10
12.904875933958504
 20
42.17836425443312
  0
VERTEX
  5
345
100
AcDbEntity
  8
0
 62
     2
100
AcDbVertex
100
AcDb2dVertex
 10
12.819375541207034
 20
42.166622470561229
  0
VERTEX
  5
346
100
AcDbEntity
  8
0
 62
     2
100
AcDbVertex
100
AcDb2dVertex
 10
12.748606624873258
 20
42.174010674327803
  0
VERTEX
  5
347
100
AcDbEntity
  8
0
 62
     2
100
AcDbVertex
100
AcDb2dVertex
 10
12.687073019439492
 20
42.196174851805139
  0
VERTEX
  5
348
100
AcDbEntity
  8
0
 62
     2
100
AcDbVertex
100
AcDb2dVertex
 10
12.63477390828584
 20
42.233115353970987
  0
VERTEX
  5
349
100
AcDbEntity
  8
0
 62
     2
100
AcDbVertex
100
AcDb2dVertex
 10
12.593908147375036
 20
42.282259498597817
  0
VERTEX
  5
34A
100
AcDbEntity
  8
0
 62
     2
100
AcDbVertex
100
AcDb2dVertex
 10
12.566675188387439
 20
42.341034351588696
  0
VERTEX
  5
34B
100
AcDbEntity
  8
0
 62
     2
100
AcDbVertex
100
AcDb2dVertex
 10
12.553074257574931
 20
42.409440232298635
  0
SEQEND
  5
34C
100
AcDbEntity
  8
0
  0
POLYLINE
  5
34D
100
AcDbEntity
  8
0
 62
     2
100
AcDb2dPolyline
 66
     1
 10
0.0
 20
0.0
 30
0.0
 40
0.000000247740786108
 41
0.000000247740786108
  0
VERTEX
  5
34E
100
AcDbEntity
  8
0
 62
     2
100
AcDbVertex
100
AcDb2dVertex
 10
13.197625135155821
 20
42.411221291675687
  0
VERTEX
  5
34F
100
AcDbEntity
  8
0
 62
     2
100
AcDbVertex
100
AcDb2dVertex
 10
13.299396326352802
 20
42.425469766692061
  0
VERTEX
  5
350
100
AcDbEntity
  8
0
 62
     2
100
AcDbVertex
100
AcDb2dVertex
 10
13.313813623333164
 20
42.37055385392555
  0
VERTEX
  5
351
100
AcDbEntity
  8
0
 62
     2
100
AcDbVertex
100
AcDb2dVertex
 10
13.33369702611127
 20
42.326917800235371
  0
VERTEX
  5
352
100
AcDbEntity
  8
0
 62
     2
100
AcDbVertex
100
AcDb2dVertex
 10
13.359045552304369
 20
42.29456190247911
  0
VERTEX
  5
353
100
AcDbEntity
  8
0
 62
     2
100
AcDbVertex
100
AcDb2dVertex
 10
13.38916827453858
 20
42.272298755375346
  0
VERTEX
  5
354
100
AcDbEntity
  8
0
 62
     2
100
AcDbVertex
100
AcDb2dVertex
 10
13.423375037502364
 20
42.258940701792753
  0
VERTEX
  5
355
100
AcDbEntity
  8
0
 62
     2
100
AcDbVertex
100
AcDb2dVertex
 10
13.461664836761326
 20
42.254488066495547
  0
VERTEX
  5
356
100
AcDbEntity
  8
0
 62
     2
100
AcDbVertex
100
AcDb2dVertex
 10
13.507053228268521
 20
42.260293098784295
  0
VERTEX
  5
357
100
AcDbEntity
  8
0
 62
     2
100
AcDbVertex
100
AcDb2dVertex
 10
13.547479352700439
 20
42.277707792674654
  0
VERTEX
  5
358
100
AcDbEntity
  8
0
 62
     2
100
AcDbVertex
100
AcDb2dVertex
 10
13.582942172937731
 20
42.306732474888925
  0
VERTEX
  5
359
100
AcDbEntity
  8
0
 62
     2
100
AcDbVertex
100
AcDb2dVertex
 10
13.610426363212166
 20
42.34433270996157
  0
VERTEX
  5
35A
100
AcDbEntity
  8
0
 62
     2
100
AcDbVertex
100
AcDb2dVertex
 10
13.62691742054287
 20
42.387473825101466
  0
VERTEX
  5
35B
100
AcDbEntity
  8
0
 62
     2
100
AcDbVertex
100
AcDb2dVertex
 10
13.632414279769595
 20
42.436156122954344
  0
VERTEX
  5
35C
100
AcDbEntity
  8
0
 62
     2
100
AcDbVertex
100
AcDb2dVertex
 10
13.627325403184816
 20
42.48236480005253
  0
VERTEX
  5
35D
100
AcDbEntity
  8
0
 62
     2
100
AcDbVertex
100
AcDb2dVertex
 10
13.612060080890782
 20
42.522834338731478
  0
VERTEX
  5
35E
100
AcDbEntity
  8
0
 62
     2
100
AcDbVertex
100
AcDb2dVertex
 10
13.586617243730952
 20
42.557565003823051
  0
VERTEX
  5
35F
100
AcDbEntity
  8
0
 62
     2
100
AcDbVertex
100
AcDb2dVertex
 10
13.553321418215344
 20
42.584116052487303
  0
VERTEX
  5
360
100
AcDbEntity
  8
0
 62
     2
100
AcDbVertex
100
AcDb2dVertex
 10
13.514497942690799
 20
42.600046560114976
  0
VERTEX
  5
361
100
AcDbEntity
  8
0
 62
     2
100
AcDbVertex
100
AcDb2dVertex
 10
13.470145769361078
 20
42.605356763773806
  0
VERTEX
  5
362
100
AcDbEntity
  8
0
 62
     2
100
AcDbVertex
100
AcDb2dVertex
 10
13.449351476488101
 20
42.604037528221276
  0
VERTEX
  5
363
100
AcDbEntity
  8
0
 62
     2
100
AcDbVertex
100
AcDb2dVertex
 10
13.425416739575642
 20
42.600079541669828
  0
VERTEX
  5
364
100
AcDbEntity
  8
0
 62
     2
100
AcDbVertex
100
AcDb2dVertex
 10
13.398340540016537
 20
42.593483034593497
  0
VERTEX
  5
365
100
AcDbEntity
  8
0
 62
     2
100
AcDbVertex
100
AcDb2dVertex
 10
13.409648450149536
 20
42.687285495117969
  0
VERTEX
  5
366
100
AcDbEntity
  8
0
 62
     2
100
AcDbVertex
100
AcDb2dVertex
 10
13.415993146261666
 20
42.686625904259998
  0
VERTEX
  5
367
100
AcDbEntity
  8
0
 62
     2
100
AcDbVertex
100
AcDb2dVertex
 10
13.421458972937526
 20
42.686230044657883
  0
VERTEX
  5
368
100
AcDbEntity
  8
0
 62
     2
100
AcDbVertex
100
AcDb2dVertex
 10
13.426044919842386
 20
42.686098122199937
  0
VERTEX
  5
369
100
AcDbEntity
  8
0
 62
     2
100
AcDbVertex
100
AcDb2dVertex
 10
13.467946708915992
 20
42.690056092945433
  0
VERTEX
  5
36A
100
AcDbEntity
  8
0
 62
     2
100
AcDbVertex
100
AcDb2dVertex
 10
13.506959340916854
 20
42.701929754436023
  0
VERTEX
  5
36B
100
AcDbEntity
  8
0
 62
     2
100
AcDbVertex
100
AcDb2dVertex
 10
13.543081789718915
 20
42.721719309740877
  0
VERTEX
  5
36C
100
AcDbEntity
  8
0
 62
     2
100
AcDbVertex
100
AcDb2dVertex
 10
13.571979472120628
 20
42.749754561114003
  0
VERTEX
  5
36D
100
AcDbEntity
  8
0
 62
     2
100
AcDbVertex
100
AcDb2dVertex
 10
13.589318618972467
 20
42.7863651644765
  0
VERTEX
  5
36E
100
AcDbEntity
  8
0
 62
     2
100
AcDbVertex
100
AcDb2dVertex
 10
13.595098176330705
 20
42.831551304658781
  0
VERTEX
  5
36F
100
AcDbEntity
  8
0
 62
     2
100
AcDbVertex
100
AcDb2dVertex
 10
13.590888807098853
 20
42.868491842897527
  0
VERTEX
  5
370
100
AcDbEntity
  8
0
 62
     2
100
AcDbVertex
100
AcDb2dVertex
 10
13.57826199378793
 20
42.900946651661542
  0
VERTEX
  5
371
100
AcDbEntity
  8
0
 62
     2
100
AcDbVertex
100
AcDb2dVertex
 10
13.55721667738516
 20
42.92891588393735
  0
VERTEX
  5
372
100
AcDbEntity
  8
0
 62
     2
100
AcDbVertex
100
AcDb2dVertex
 10
13.529511987628585
 20
42.950354600948877
  0
VERTEX
  5
373
100
AcDbEntity
  8
0
 62
     2
100
AcDbVertex
100
AcDb2dVertex
 10
13.496907860485113
 20
42.963217764002763
  0
VERTEX
  5
374
100
AcDbEntity
  8
0
 62
     2
100
AcDbVertex
100
AcDb2dVertex
 10
13.459403254734728
 20
42.967505503773367
  0
VERTEX
  5
375
100
AcDbEntity
  8
0
 62
     2
100
AcDbVertex
100
AcDb2dVertex
 10
13.422024028525573
 20
42.963151839648461
  0
VERTEX
  5
376
100
AcDbEntity
  8
0
 62
     2
100
AcDbVertex
100
AcDb2dVertex
 10
13.389042961233518
 20
42.950090694933664
  0
VERTEX
  5
377
100
AcDbEntity
  8
0
 62
     2
100
AcDbVertex
100
AcDb2dVertex
 10
13.360459041070992
 20
42.92832219747833
  0
VERTEX
  5
378
100
AcDbEntity
  8
0
 62
     2
100
AcDbVertex
100
AcDb2dVertex
 10
13.337214710750313
 20
42.897846333070873
  0
VERTEX
  5
379
100
AcDbEntity
  8
0
 62
     2
100
AcDbVertex
100
AcDb2dVertex
 10
13.320253174915639
 20
42.858662977563746
  0
VERTEX
  5
37A
100
AcDbEntity
  8
0
 62
     2
100
AcDbVertex
100
AcDb2dVertex
 10
13.309573445472505
 20
42.810772278593234
  0
VERTEX
  5
37B
100
AcDbEntity
  8
0
 62
     2
100
AcDbVertex
100
AcDb2dVertex
 10
13.207802254275517
 20
42.829770245281729
  0
VERTEX
  5
37C
100
AcDbEntity
  8
0
 62
     2
100
AcDbVertex
100
AcDb2dVertex
 10
13.225517699644147
 20
42.896032297393376
  0
VERTEX
  5
37D
100
AcDbEntity
  8
0
 62
     2
100
AcDbVertex
100
AcDb2dVertex
 10
13.253787794316903
 20
42.951541932842851
  0
VERTEX
  5
37E
100
AcDbEntity
  8
0
 62
     2
100
AcDbVertex
100
AcDb2dVertex
 10
13.292611580273007
 20
42.996299297035627
  0
VERTEX
  5
37F
100
AcDbEntity
  8
0
 62
     2
100
AcDbVertex
100
AcDb2dVertex
 10
13.340292979481855
 20
43.029116998351753
  0
VERTEX
  5
380
100
AcDbEntity
  8
0
 62
     2
100
AcDbVertex
100
AcDb2dVertex
 10
13.395136674135966
 20
43.04880756308534
  0
VERTEX
  5
381
100
AcDbEntity
  8
0
 62
     2
100
AcDbVertex
100
AcDb2dVertex
 10
13.457141672708122
 20
43.055371099707685
  0
VERTEX
  5
382
100
AcDbEntity
  8
0
 62
     2
100
AcDbVertex
100
AcDb2dVertex
 10
13.501179397672946
 20
43.051973922959824
  0
VERTEX
  5
383
100
AcDbEntity
  8
0
 62
     2
100
AcDbVertex
100
AcDb2dVertex
 10
13.542830545308039
 20
43.041782271525442
  0
VERTEX
  5
384
100
AcDbEntity
  8
0
 62
     2
100
AcDbVertex
100
AcDb2dVertex
 10
13.582094079677756
 20
43.02479624706838
  0
VERTEX
  5
385
100
AcDbEntity
  8
0
 62
     2
100
AcDbVertex
100
AcDb2dVertex
 10
13.617179698505833
 20
43.001939350592721
  0
VERTEX
  5
386
100
AcDbEntity
  8
0
 62
     2
100
AcDbVertex
100
AcDb2dVertex
 10
13.646297923254
 20
42.974134995961542
  0
VERTEX
  5
387
100
AcDbEntity
  8
0
 62
     2
100
AcDbVertex
100
AcDb2dVertex
 10
13.669447685455172
 20
42.941383299576678
  0
VERTEX
  5
388
100
AcDbEntity
  8
0
 62
     2
100
AcDbVertex
100
AcDb2dVertex
 10
13.686252175797531
 20
42.905432325954671
  0
VERTEX
  5
389
100
AcDbEntity
  8
0
 62
     2
100
AcDbVertex
100
AcDb2dVertex
 10
13.696335424902916
 20
42.868030031025441
  0
VERTEX
  5
38A
100
AcDbEntity
  8
0
 62
     2
100
AcDbVertex
100
AcDb2dVertex
 10
13.699696345060939
 20
42.829176558822716
  0
VERTEX
  5
38B
100
AcDbEntity
  8
0
 62
     2
100
AcDbVertex
100
AcDb2dVertex
 10
13.696492114493676
 20
42.792697873636072
  0
VERTEX
  5
38C
100
AcDbEntity
  8
0
 62
     2
100
AcDbVertex
100
AcDb2dVertex
 10
13.686880754241773
 20
42.758461895863469
  0
VERTEX
  5
38D
100
AcDbEntity
  8
0
 62
     2
100
AcDbVertex
100
AcDb2dVertex
 10
13.670861174221788
 20
42.726468801413006
  0
VERTEX
  5
38E
100
AcDbEntity
  8
0
 62
     2
100
AcDbVertex
100
AcDb2dVertex
 10
13.648559142760408
 20
42.69770804887898
  0
VERTEX
  5
38F
100
AcDbEntity
  8
0
 62
     2
100
AcDbVertex
100
AcDb2dVertex
 10
13.620101260798233
 20
42.673168940992056
  0
VERTEX
  5
390
100
AcDbEntity
  8
0
 62
     2
100
AcDbVertex
100
AcDb2dVertex
 10
13.585486452717657
 20
42.652851680495061
  0
VERTEX
  5
391
100
AcDbEntity
  8
0
 62
     2
100
AcDbVertex
100
AcDb2dVertex
 10
13.630843422694912
 20
42.636723262109655
  0
VERTEX
  5
392
100
AcDbEntity
  8
0
 62
     2
100
AcDbVertex
100
AcDb2dVertex
 10
13.668913744301971
 20
42.612085199801506
  0
VERTEX
  5
393
100
AcDbEntity
  8
0
 62
     2
100
AcDbVertex
100
AcDb2dVertex
 10
13.699696345060939
 20
42.57893771634761
  0
VERTEX
  5
394
100
AcDbEntity
  8
0
 62
     2
100
AcDbVertex
100
AcDb2dVertex
 10
13.72231184198758
 20
42.538402194902929
  0
VERTEX
  5
395
100
AcDbEntity
  8
0
 62
     2
100
AcDbVertex
100
AcDb2dVertex
 10
13.735881700094811
 20
42.491599828522837
  0
VERTEX
  5
396
100
AcDbEntity
  8
0
 62
     2
100
AcDbVertex
100
AcDb2dVertex
 10
13.74040482153973
 20
42.438530868790409
  0
VERTEX
  5
397
100
AcDbEntity
  8
0
 62
     2
100
AcDbVertex
100
AcDb2dVertex
 10
13.731609453896635
 20
42.366398047847767
  0
VERTEX
  5
398
100
AcDbEntity
  8
0
 62
     2
100
AcDbVertex
100
AcDb2dVertex
 10
13.705224696129466
 20
42.301982967241116
  0
VERTEX
  5
399
100
AcDbEntity
  8
0
 62
     2
100
AcDbVertex
100
AcDb2dVertex
 10
13.661249450608739
 20
42.245285926380809
  0
VERTEX
  5
39A
100
AcDbEntity
  8
0
 62
     2
100
AcDbVertex
100
AcDb2dVertex
 10
13.603830077486176
 20
42.201254280751932
  0
VERTEX
  5
39B
100
AcDbEntity
  8
0
 62
     2
100
AcDbVertex
100
AcDb2dVertex
 10
13.537113761304237
 20
42.174835118603454
  0
VERTEX
  5
39C
100
AcDbEntity
  8
0
 62
     2
100
AcDbVertex
100
AcDb2dVertex
 10
13.461099441254678
 20
42.166028784102217
  0
VERTEX
  5
39D
100
AcDbEntity
  8
0
 62
     2
100
AcDbVertex
100
AcDb2dVertex
 10
13.392466408526882
 20
42.173614883414764
  0
VERTEX
  5
39E
100
AcDbEntity
  8
0
 62
     2
100
AcDbVertex
100
AcDb2dVertex
 10
13.332063656241775
 20
42.196372747343908
  0
VERTEX
  5
39F
100
AcDbEntity
  8
0
 62
     2
100
AcDbVertex
100
AcDb2dVertex
 10
13.279890181373379
 20
42.23430272688902
  0
VERTEX
  5
3A0
100
AcDbEntity
  8
0
 62
     2
100
AcDbVertex
100
AcDb2dVertex
 10
13.238710256673063
 20
42.28430441848144
  0
VERTEX
  5
3A1
100
AcDbEntity
  8
0
 62
     2
100
AcDbVertex
100
AcDb2dVertex
 10
13.211288894798283
 20
42.34327716711757
  0
VERTEX
  5
3A2
100
AcDbEntity
  8
0
 62
     2
100
AcDbVertex
100
AcDb2dVertex
 10
13.197625135155821
 20
42.411221291675687
  0
SEQEND
  5
3A3
100
AcDbEntity
  8
0
  0
POLYLINE
  5
3A4
100
AcDbEntity
  8
0
 62
     2
100
AcDb2dPolyline
 66
     1
 10
0.0
 20
0.0
 30
0.0
 40
0.000000247740786108
 41
0.000000247740786108
  0
VERTEX
  5
3A5
100
AcDbEntity
  8
0
 62
     2
100
AcDbVertex
100
AcDb2dVertex
 10
27.181031918164319
 20
42.382724341642934
  0
VERTEX
  5
3A6
100
AcDbEntity
  8
0
 62
     2
100
AcDbVertex
100
AcDb2dVertex
 10
27.278845340814751
 20
42.392223324987185
  0
VERTEX
  5
3A7
100
AcDbEntity
  8
0
 62
     2
100
AcDbVertex
100
AcDb2dVertex
 10
27.289650663313591
 20
42.348356579399955
  0
VERTEX
  5
3A8
100
AcDbEntity
  8
0
 62
     2
100
AcDbVertex
100
AcDb2dVertex
 10
27.305481754591721
 20
42.313328977165803
  0
VERTEX
  5
3A9
100
AcDbEntity
  8
0
 62
     2
100
AcDbVertex
100
AcDb2dVertex
 10
27.326338563373344
 20
42.28714082174141
  0
VERTEX
  5
3AA
100
AcDbEntity
  8
0
 62
     2
100
AcDbVertex
100
AcDb2dVertex
 10
27.351906986366739
 20
42.269000497761184
  0
VERTEX
  5
3AB
100
AcDbEntity
  8
0
 62
     2
100
AcDbVertex
100
AcDb2dVertex
 10
27.381872971441116
 20
42.258116137364631
  0
VERTEX
  5
3AC
100
AcDbEntity
  8
0
 62
     2
100
AcDbVertex
100
AcDb2dVertex
 10
27.416236448930679
 20
42.254488066495547
  0
VERTEX
  5
3AD
100
AcDbEntity
  8
0
 62
     2
100
AcDbVertex
100
AcDb2dVertex
 10
27.44623379537639
 20
42.256994840531206
  0
VERTEX
  5
3AE
100
AcDbEntity
  8
0
 62
     2
100
AcDbVertex
100
AcDb2dVertex
 10
27.473655509321969
 20
42.264514759269126
  0
VERTEX
  5
3AF
100
AcDbEntity
  8
0
 62
     2
100
AcDbVertex
100
AcDb2dVertex
 10
27.498501495148236
 20
42.277048151938146
  0
VERTEX
  5
3B0
100
AcDbEntity
  8
0
 62
     2
100
AcDbVertex
100
AcDb2dVertex
 10
27.520646119347258
 20
42.293770416118669
  0
VERTEX
  5
3B1
100
AcDbEntity
  8
0
 62
     2
100
AcDbVertex
100
AcDb2dVertex
 10
27.53996383811273
 20
42.313856701827703
  0
VERTEX
  5
3B2
100
AcDbEntity
  8
0
 62
     2
100
AcDbVertex
100
AcDb2dVertex
 10
27.556454534579853
 20
42.337307327528237
  0
VERTEX
  5
3B3
100
AcDbEntity
  8
0
 62
     2
100
AcDbVertex
100
AcDb2dVertex
 10
27.570715027798965
 20
42.365375594276166
  0
VERTEX
  5
3B4
100
AcDbEntity
  8
0
 62
     2
100
AcDbVertex
100
AcDb2dVertex
 10
27.583342237904734
 20
42.399314571252496
  0
VERTEX
  5
3B5
100
AcDbEntity
  8
0
 62
     2
100
AcDbVertex
100
AcDb2dVertex
 10
27.594336033525398
 20
42.439124555249421
  0
VERTEX
  5
3B6
100
AcDbEntity
  8
0
 62
     2
100
AcDbVertex
100
AcDb2dVertex
 10
27.602816925057706
 20
42.48213392200757
  0
VERTEX
  5
3B7
100
AcDbEntity
  8
0
 62
     2
100
AcDbVertex
100
AcDb2dVertex
 10
27.607905531316671
 20
42.525670841123691
  0
VERTEX
  5
3B8
100
AcDbEntity
  8
0
 62
     2
100
AcDbVertex
100
AcDb2dVertex
 10
27.609601712204945
 20
42.569735576232866
  0
VERTEX
  5
3B9
100
AcDbEntity
  8
0
 62
     2
100
AcDbVertex
100
AcDb2dVertex
 10
27.609538848400735
 20
42.575276720579382
  0
VERTEX
  5
3BA
100
AcDbEntity
  8
0
 62
     2
100
AcDbVertex
100
AcDb2dVertex
 10
27.609350430723854
 20
42.582400878868405
  0
VERTEX
  5
3BB
100
AcDbEntity
  8
0
 62
     2
100
AcDbVertex
100
AcDb2dVertex
 10
27.609036316698297
 20
42.591108288757432
  0
VERTEX
  5
3BC
100
AcDbEntity
  8
0
 62
     2
100
AcDbVertex
100
AcDb2dVertex
 10
27.586200578699032
 20
42.55921420267191
  0
VERTEX
  5
3BD
100
AcDbEntity
  8
0
 62
     2
100
AcDbVertex
100
AcDb2dVertex
 10
27.558402010922936
 20
42.531607701341002
  0
VERTEX
  5
3BE
100
AcDbEntity
  8
0
 62
     2
100
AcDbVertex
100
AcDb2dVertex
 10
27.525640479467437
 20
42.50828902772475
  0
VERTEX
  5
3BF
100
AcDbEntity
  8
0
 62
     2
100
AcDbVertex
100
AcDb2dVertex
 10
27.489423721999312
 20
42.490643423525327
  0
VERTEX
  5
3C0
100
AcDbEntity
  8
0
 62
     2
100
AcDbVertex
100
AcDb2dVertex
 10
27.451259560659754
 20
42.480055927755963
  0
VERTEX
  5
3C1
100
AcDbEntity
  8
0
 62
     2
100
AcDbVertex
100
AcDb2dVertex
 10
27.411147889370827
 20
42.476526802167406
  0
VERTEX
  5
3C2
100
AcDbEntity
  8
0
 62
     2
100
AcDbVertex
100
AcDb2dVertex
 10
27.346064560914993
 20
42.485234282724861
  0
VERTEX
  5
3C3
100
AcDbEntity
  8
0
 62
     2
100
AcDbVertex
100
AcDb2dVertex
 10
27.288017310748213
 20
42.511356400194224
  0
VERTEX
  5
3C4
100
AcDbEntity
  8
0
 62
     2
100
AcDbVertex
100
AcDb2dVertex
 10
27.237006073322657
 20
42.55489341475748
  0
VERTEX
  5
3C5
100
AcDbEntity
  8
0
 62
     2
100
AcDbVertex
100
AcDb2dVertex
 10
27.197428379028029
 20
42.612678967957066
  0
VERTEX
  5
3C6
100
AcDbEntity
  8
0
 62
     2
100
AcDbVertex
100
AcDb2dVertex
 10
27.173681776164731
 20
42.681546522864757
  0
VERTEX
  5
3C7
100
AcDbEntity
  8
0
 62
     2
100
AcDbVertex
100
AcDb2dVertex
 10
27.165766239484771
 20
42.761496302494933
  0
VERTEX
  5
3C8
100
AcDbEntity
  8
0
 62
     2
100
AcDbVertex
100
AcDb2dVertex
 10
27.174027292312342
 20
42.844018772533779
  0
VERTEX
  5
3C9
100
AcDbEntity
  8
0
 62
     2
100
AcDbVertex
100
AcDb2dVertex
 10
27.198810468754761
 20
42.915063198763903
  0
VERTEX
  5
3CA
100
AcDbEntity
  8
0
 62
     2
100
AcDbVertex
100
AcDb2dVertex
 10
27.240115748609231
 20
42.974629741281554
  0
VERTEX
  5
3CB
100
AcDbEntity
  8
0
 62
     2
100
AcDbVertex
100
AcDb2dVertex
 10
27.293859721251106
 20
43.019486086118398
  0
VERTEX
  5
3CC
100
AcDbEntity
  8
0
 62
     2
100
AcDbVertex
100
AcDb2dVertex
 10
27.355959012613109
 20
43.046399834955238
  0
VERTEX
  5
3CD
100
AcDbEntity
  8
0
 62
     2
100
AcDbVertex
100
AcDb2dVertex
 10
27.426413568050375
 20
43.055371099707685
  0
VERTEX
  5
3CE
100
AcDbEntity
  8
0
 62
     2
100
AcDbVertex
100
AcDb2dVertex
 10
27.47877544650164
 20
43.050291811250752
  0
VERTEX
  5
3CF
100
AcDbEntity
  8
0
 62
     2
100
AcDbVertex
100
AcDb2dVertex
 10
27.52805912339085
 20
43.035053824488614
  0
VERTEX
  5
3D0
100
AcDbEntity
  8
0
 62
     2
100
AcDbVertex
100
AcDb2dVertex
 10
27.574264493039326
 20
43.009657242363481
  0
VERTEX
  5
3D1
100
AcDbEntity
  8
0
 62
     2
100
AcDbVertex
100
AcDb2dVertex
 10
27.615349859678854
 20
42.974860652975103
  0
VERTEX
  5
3D2
100
AcDbEntity
  8
0
 62
     2
100
AcDbVertex
100
AcDb2dVertex
 10
27.649273638072696
 20
42.931422551906984
  0
VERTEX
  5
3D3
100
AcDbEntity
  8
0
 62
     2
100
AcDbVertex
100
AcDb2dVertex
 10
27.676035684236307
 20
42.879343064609543
  0
VERTEX
  5
3D4
100
AcDbEntity
  8
0
 62
     2
100
AcDbVertex
100
AcDb2dVertex
 10
27.695353315613733
 20
42.814532337982541
  0
VERTEX
  5
3D5
100
AcDbEntity
  8
0
 62
     2
100
AcDbVertex
100
AcDb2dVertex
 10
27.706943978940313
 20
42.73290039163912
  0
VERTEX
  5
3D6
100
AcDbEntity
  8
0
 62
     2
100
AcDbVertex
100
AcDb2dVertex
 10
27.710807507895279
 20
42.634447400265579
  0
VERTEX
  5
3D7
100
AcDbEntity
  8
0
 62
     2
100
AcDbVertex
100
AcDb2dVertex
 10
27.706975331887389
 20
42.530783215996891
  0
VERTEX
  5
3D8
100
AcDbEntity
  8
0
 62
     2
100
AcDbVertex
100
AcDb2dVertex
 10
27.695479012897277
 20
42.442224902123712
  0
VERTEX
  5
3D9
100
AcDbEntity
  8
0
 62
     2
100
AcDbVertex
100
AcDb2dVertex
 10
27.676318381989635
 20
42.368772709856067
  0
VERTEX
  5
3DA
100
AcDbEntity
  8
0
 62
     2
100
AcDbVertex
100
AcDb2dVertex
 10
27.649587691411856
 20
42.308117832933121
  0
VERTEX
  5
3DB
100
AcDbEntity
  8
0
 62
     2
100
AcDbVertex
100
AcDb2dVertex
 10
27.615381313789701
 20
42.257951222042585
  0
VERTEX
  5
3DC
100
AcDbEntity
  8
0
 62
     2
100
AcDbVertex
100
AcDb2dVertex
 10
27.573699097532678
 20
42.218273192495595
  0
VERTEX
  5
3DD
100
AcDbEntity
  8
0
 62
     2
100
AcDbVertex
100
AcDb2dVertex
 10
27.525671852182786
 20
42.189578448835476
  0
VERTEX
  5
3DE
100
AcDbEntity
  8
0
 62
     2
100
AcDbVertex
100
AcDb2dVertex
 10
27.472430480465125
 20
42.172361425396439
  0
VERTEX
  5
3DF
100
AcDbEntity
  8
0
 62
     2
100
AcDbVertex
100
AcDb2dVertex
 10
27.413974866904073
 20
42.166622470561229
  0
VERTEX
  5
3E0
100
AcDbEntity
  8
0
 62
     2
100
AcDbVertex
100
AcDb2dVertex
 10
27.353100593583338
 20
42.172922249104289
  0
VERTEX
  5
3E1
100
AcDbEntity
  8
0
 62
     2
100
AcDbVertex
100
AcDb2dVertex
 10
27.300141903766491
 20
42.191821150781315
  0
VERTEX
  5
3E2
100
AcDbEntity
  8
0
 62
     2
100
AcDbVertex
100
AcDb2dVertex
 10
27.255098729535451
 20
42.223319527397223
  0
VERTEX
  5
3E3
100
AcDbEntity
  8
0
 62
     2
100
AcDbVertex
100
AcDb2dVertex
 10
27.219478801992206
 20
42.266229965196196
  0
VERTEX
  5
3E4
100
AcDbEntity
  8
0
 62
     2
100
AcDbVertex
100
AcDb2dVertex
 10
27.194789875100884
 20
42.31936479525271
  0
VERTEX
  5
3E5
100
AcDbEntity
  8
0
 62
     2
100
AcDbVertex
100
AcDb2dVertex
 10
27.181031918164319
 20
42.382724341642934
  0
SEQEND
  5
3E6
100
AcDbEntity
  8
0
  0
POLYLINE
  5
3E7
100
AcDbEntity
  8
0
 62
     2
100
AcDb2dPolyline
 66
     1
 10
0.0
 20
0.0
 30
0.0
 40
0.000000247740786108
 41
0.000000247740786108
  0
VERTEX
  5
3E8
100
AcDbEntity
  8
0
 62
     2
100
AcDbVertex
100
AcDb2dVertex
 10
27.597728406565299
 20
42.766839480626068
  0
VERTEX
  5
3E9
100
AcDbEntity
  8
0
 62
     2
100
AcDbVertex
100
AcDb2dVertex
 10
27.592545573126568
 20
42.823965363441509
  0
VERTEX
  5
3EA
100
AcDbEntity
  8
0
 62
     2
100
AcDbVertex
100
AcDb2dVertex
 10
27.57699724174196
 20
42.872647597719322
  0
VERTEX
  5
3EB
100
AcDbEntity
  8
0
 62
     2
100
AcDbVertex
100
AcDb2dVertex
 10
27.551083277266681
 20
42.912886349543925
  0
VERTEX
  5
3EC
100
AcDbEntity
  8
0
 62
     2
100
AcDbVertex
100
AcDb2dVertex
 10
27.517881960184429
 20
42.942900538703185
  0
VERTEX
  5
3ED
100
AcDbEntity
  8
0
 62
     2
100
AcDbVertex
100
AcDb2dVertex
 10
27.480471662137465
 20
42.960908983526714
  0
VERTEX
  5
3EE
100
AcDbEntity
  8
0
 62
     2
100
AcDbVertex
100
AcDb2dVertex
 10
27.438852269196676
 20
42.966911817314354
  0
VERTEX
  5
3EF
100
AcDbEntity
  8
0
 62
     2
100
AcDbVertex
100
AcDb2dVertex
 10
27.395568075665192
 20
42.960447267958251
  0
VERTEX
  5
3F0
100
AcDbEntity
  8
0
 62
     2
100
AcDbVertex
100
AcDb2dVertex
 10
27.35617888201077
 20
42.941053467088558
  0
VERTEX
  5
3F1
100
AcDbEntity
  8
0
 62
     2
100
AcDbVertex
100
AcDb2dVertex
 10
27.320684608306845
 20
42.908730544330815
  0
VERTEX
  5
3F2
100
AcDbEntity
  8
0
 62
     2
100
AcDbVertex
100
AcDb2dVertex
 10
27.292728925197753
 20
42.86611709206673
  0
VERTEX
  5
3F3
100
AcDbEntity
  8
0
 62
     2
100
AcDbVertex
100
AcDb2dVertex
 10
27.275955542577041
 20
42.815851586203095
  0
VERTEX
  5
3F4
100
AcDbEntity
  8
0
 62
     2
100
AcDbVertex
100
AcDb2dVertex
 10
27.270364408214999
 20
42.757934183740836
  0
VERTEX
  5
3F5
100
AcDbEntity
  8
0
 62
     2
100
AcDbVertex
100
AcDb2dVertex
 10
27.275672830983698
 20
42.705986674621109
  0
VERTEX
  5
3F6
100
AcDbEntity
  8
0
 62
     2
100
AcDbVertex
100
AcDb2dVertex
 10
27.291598153842902
 20
42.660965384638793
  0
VERTEX
  5
3F7
100
AcDbEntity
  8
0
 62
     2
100
AcDbVertex
100
AcDb2dVertex
 10
27.318140328526919
 20
42.622870514314769
  0
VERTEX
  5
3F8
100
AcDbEntity
  8
0
 62
     2
100
AcDbVertex
100
AcDb2dVertex
 10
27.35247238240478
 20
42.594010823144352
  0
VERTEX
  5
3F9
100
AcDbEntity
  8
0
 62
     2
100
AcDbVertex
100
AcDb2dVertex
 10
27.391767393531413
 20
42.576694891025859
  0
VERTEX
  5
3FA
100
AcDbEntity
  8
0
 62
     2
100
AcDbVertex
100
AcDb2dVertex
 10
27.436025291663423
 20
42.570922949150898
  0
VERTEX
  5
3FB
100
AcDbEntity
  8
0
 62
     2
100
AcDbVertex
100
AcDb2dVertex
 10
27.480345988843315
 20
42.5766949717881
  0
VERTEX
  5
3FC
100
AcDbEntity
  8
0
 62
     2
100
AcDbVertex
100
AcDb2dVertex
 10
27.519075616154918
 20
42.594010748488728
  0
VERTEX
  5
3FD
100
AcDbEntity
  8
0
 62
     2
100
AcDbVertex
100
AcDb2dVertex
 10
27.552214068279984
 20
42.622870514314769
  0
VERTEX
  5
3FE
100
AcDbEntity
  8
0
 62
     2
100
AcDbVertex
100
AcDb2dVertex
 10
27.577499773723364
 20
42.661954938570794
  0
VERTEX
  5
3FF
100
AcDbEntity
  8
0
 62
     2
100
AcDbVertex
100
AcDb2dVertex
 10
27.592671263768207
 20
42.709944524063914
  0
VERTEX
  5
400
100
AcDbEntity
  8
0
 62
     2
100
AcDbVertex
100
AcDb2dVertex
 10
27.597728406565299
 20
42.766839480626068
  0
SEQEND
  5
401
100
AcDbEntity
  8
0
  0
POLYLINE
  5
402
100
AcDbEntity
  8
0
 62
     2
100
AcDb2dPolyline
 66
     1
 10
0.0
 20
0.0
 30
0.0
 40
0.000000247740786108
 41
0.000000247740786108
  0
VERTEX
  5
403
100
AcDbEntity
  8
0
 62
     2
100
AcDbVertex
100
AcDb2dVertex
 10
28.344615870849818
 20
42.284172389446333
  0
VERTEX
  5
404
100
AcDbEntity
  8
0
 62
     2
100
AcDbVertex
100
AcDb2dVertex
 10
28.344615870849818
 20
42.181464632036622
  0
VERTEX
  5
405
100
AcDbEntity
  8
0
 62
     2
100
AcDbVertex
100
AcDb2dVertex
 10
27.796747624906065
 20
42.181464632036622
  0
VERTEX
  5
406
100
AcDbEntity
  8
0
 62
     2
100
AcDbVertex
100
AcDb2dVertex
 10
27.797564249303395
 20
42.206861322891605
  0
VERTEX
  5
407
100
AcDbEntity
  8
0
 62
     2
100
AcDbVertex
100
AcDb2dVertex
 10
27.801522083749436
 20
42.231598143938385
  0
VERTEX
  5
408
100
AcDbEntity
  8
0
 62
     2
100
AcDbVertex
100
AcDb2dVertex
 10
27.808620930545711
 20
42.255675439413579
  0
VERTEX
  5
409
100
AcDbEntity
  8
0
 62
     2
100
AcDbVertex
100
AcDb2dVertex
 10
27.825362860436353
 20
42.294660947031794
  0
VERTEX
  5
40A
100
AcDbEntity
  8
0
 62
     2
100
AcDbVertex
100
AcDb2dVertex
 10
27.847696051887613
 20
42.33325046077131
  0
VERTEX
  5
40B
100
AcDbEntity
  8
0
 62
     2
100
AcDbVertex
100
AcDb2dVertex
 10
27.875620298083721
 20
42.371444298921638
  0
VERTEX
  5
40C
100
AcDbEntity
  8
0
 62
     2
100
AcDbVertex
100
AcDb2dVertex
 10
27.910894630234122
 20
42.411419274191118
  0
VERTEX
  5
40D
100
AcDbEntity
  8
0
 62
     2
100
AcDbVertex
100
AcDb2dVertex
 10
27.955278255166373
 20
42.455351977666567
  0
VERTEX
  5
40E
100
AcDbEntity
  8
0
 62
     2
100
AcDbVertex
100
AcDb2dVertex
 10
28.00877093989978
 20
42.503242692823115
  0
VERTEX
  5
40F
100
AcDbEntity
  8
0
 62
     2
100
AcDbVertex
100
AcDb2dVertex
 10
28.089119844967865
 20
42.575441637329504
  0
VERTEX
  5
410
100
AcDbEntity
  8
0
 62
     2
100
AcDbVertex
100
AcDb2dVertex
 10
28.14999418780587
 20
42.63688810647151
  0
VERTEX
  5
411
100
AcDbEntity
  8
0
 62
     2
100
AcDbVertex
100
AcDb2dVertex
 10
28.191393688547695
 20
42.687582338347482
  0
VERTEX
  5
412
100
AcDbEntity
  8
0
 62
     2
100
AcDbVertex
100
AcDb2dVertex
 10
28.217778719426885
 20
42.732075899895143
  0
VERTEX
  5
413
100
AcDbEntity
  8
0
 62
     2
100
AcDbVertex
100
AcDb2dVertex
 10
28.233609899382085
 20
42.77492020880667
  0
VERTEX
  5
414
100
AcDbEntity
  8
0
 62
     2
100
AcDbVertex
100
AcDb2dVertex
 10
28.238886911106288
 20
42.816115456724368
  0
VERTEX
  5
415
100
AcDbEntity
  8
0
 62
     2
100
AcDbVertex
100
AcDb2dVertex
 10
28.234080953175098
 20
42.856255306579357
  0
VERTEX
  5
416
100
AcDbEntity
  8
0
 62
     2
100
AcDbVertex
100
AcDb2dVertex
 10
28.219663474823395
 20
42.891975389726248
  0
VERTEX
  5
417
100
AcDbEntity
  8
0
 62
     2
100
AcDbVertex
100
AcDb2dVertex
 10
28.195634154847571
 20
42.923275862576702
  0
VERTEX
  5
418
100
AcDbEntity
  8
0
 62
     2
100
AcDbVertex
100
AcDb2dVertex
 10
28.163877682170966
 20
42.947518099363016
  0
VERTEX
  5
419
100
AcDbEntity
  8
0
 62
     2
100
AcDbVertex
100
AcDb2dVertex
 10
28.126278981243384
 20
42.962063373726075
  0
VERTEX
  5
41A
100
AcDbEntity
  8
0
 62
     2
100
AcDbVertex
100
AcDb2dVertex
 10
28.082837751270919
 20
42.966911817314354
  0
VERTEX
  5
41B
100
AcDbEntity
  8
0
 62
     2
100
AcDbVertex
100
AcDb2dVertex
 10
28.037103455595162
 20
42.961766571259481
  0
VERTEX
  5
41C
100
AcDbEntity
  8
0
 62
     2
100
AcDbVertex
100
AcDb2dVertex
 10
27.997902789235308
 20
42.946330680450771
  0
VERTEX
  5
41D
100
AcDbEntity
  8
0
 62
     2
100
AcDbVertex
100
AcDb2dVertex
 10
27.965235485887735
 20
42.920604273511131
  0
VERTEX
  5
41E
100
AcDbEntity
  8
0
 62
     2
100
AcDbVertex
100
AcDb2dVertex
 10
27.940672120558336
 20
42.885774709184361
  0
VERTEX
  5
41F
100
AcDbEntity
  8
0
 62
     2
100
AcDbVertex
100
AcDb2dVertex
 10
27.925783452133448
 20
42.843029233766849
  0
VERTEX
  5
420
100
AcDbEntity
  8
0
 62
     2
100
AcDbVertex
100
AcDb2dVertex
 10
27.920569240862388
 20
42.792367998363744
  0
VERTEX
  5
421
100
AcDbEntity
  8
0
 62
     2
100
AcDbVertex
100
AcDb2dVertex
 10
27.815971072132161
 20
42.80364804108504
  0
VERTEX
  5
422
100
AcDbEntity
  8
0
 62
     2
100
AcDbVertex
100
AcDb2dVertex
 10
27.829728969869333
 20
42.87907925269333
  0
VERTEX
  5
423
100
AcDbEntity
  8
0
 62
     2
100
AcDbVertex
100
AcDb2dVertex
 10
27.856679558900748
 20
42.941515228465128
  0
VERTEX
  5
424
100
AcDbEntity
  8
0
 62
     2
100
AcDbVertex
100
AcDb2dVertex
 10
27.896822629583095
 20
42.990956118904485
  0
VERTEX
  5
425
100
AcDbEntity
  8
0
 62
     2
100
AcDbVertex
100
AcDb2dVertex
 10
27.948901770502165
 20
43.026742252869553
  0
VERTEX
  5
426
100
AcDbEntity
  8
0
 62
     2
100
AcDbVertex
100
AcDb2dVertex
 10
28.011660753371228
 20
43.048213876697091
  0
VERTEX
  5
427
100
AcDbEntity
  8
0
 62
     2
100
AcDbVertex
100
AcDb2dVertex
 10
28.085099333297517
 20
43.055371099707685
  0
VERTEX
  5
428
100
AcDbEntity
  8
0
 62
     2
100
AcDbVertex
100
AcDb2dVertex
 10
28.159103238232444
 20
43.047653204648277
  0
VERTEX
  5
429
100
AcDbEntity
  8
0
 62
     2
100
AcDbVertex
100
AcDb2dVertex
 10
28.222050705230497
 20
43.024499397764195
  0
VERTEX
  5
42A
100
AcDbEntity
  8
0
 62
     2
100
AcDbVertex
100
AcDb2dVertex
 10
28.27394143251858
 20
42.98590978400285
  0
VERTEX
  5
42B
100
AcDbEntity
  8
0
 62
     2
100
AcDbVertex
100
AcDb2dVertex
 10
28.312576691887816
 20
42.935908227147685
  0
VERTEX
  5
42C
100
AcDbEntity
  8
0
 62
     2
100
AcDbVertex
100
AcDb2dVertex
 10
28.335758022363454
 20
42.878518490454084
  0
VERTEX
  5
42D
100
AcDbEntity
  8
0
 62
     2
100
AcDbVertex
100
AcDb2dVertex
 10
28.343485079836523
 20
42.813740710888311
  0
VERTEX
  5
42E
100
AcDbEntity
  8
0
 62
     2
100
AcDbVertex
100
AcDb2dVertex
 10
28.341223392851287
 20
42.779109051460345
  0
VERTEX
  5
42F
100
AcDbEntity
  8
0
 62
     2
100
AcDbVertex
100
AcDb2dVertex
 10
28.334438764586121
 20
42.74487307226115
  0
VERTEX
  5
430
100
AcDbEntity
  8
0
 62
     2
100
AcDbVertex
100
AcDb2dVertex
 10
28.323130841597123
 20
42.7110329534786
  0
VERTEX
  5
431
100
AcDbEntity
  8
0
 62
     2
100
AcDbVertex
100
AcDb2dVertex
 10
28.30657721463918
 20
42.67679709374837
  0
VERTEX
  5
432
100
AcDbEntity
  8
0
 62
     2
100
AcDbVertex
100
AcDb2dVertex
 10
28.284055741163076
 20
42.641373731638723
  0
VERTEX
  5
433
100
AcDbEntity
  8
0
 62
     2
100
AcDbVertex
100
AcDb2dVertex
 10
28.255566078552459
 20
42.604763077314793
  0
VERTEX
  5
434
100
AcDbEntity
  8
0
 62
     2
100
AcDbVertex
100
AcDb2dVertex
 10
28.21715049799224
 20
42.562941232929099
  0
VERTEX
  5
435
100
AcDbEntity
  8
0
 62
     2
100
AcDbVertex
100
AcDb2dVertex
 10
28.164851518377635
 20
42.511884115732308
  0
VERTEX
  5
436
100
AcDbEntity
  8
0
 62
     2
100
AcDbVertex
100
AcDb2dVertex
 10
28.098668825457107
 20
42.451591970888749
  0
VERTEX
  5
437
100
AcDbEntity
  8
0
 62
     2
100
AcDbVertex
100
AcDb2dVertex
 10
28.044893348327431
 20
42.403536432608455
  0
VERTEX
  5
438
100
AcDbEntity
  8
0
 62
     2
100
AcDbVertex
100
AcDb2dVertex
 10
28.005692683216989
 20
42.367024619706925
  0
VERTEX
  5
439
100
AcDbEntity
  8
0
 62
     2
100
AcDbVertex
100
AcDb2dVertex
 10
27.981066560073938
 20
42.342056819200359
  0
VERTEX
  5
43A
100
AcDbEntity
  8
0
 62
     2
100
AcDbVertex
100
AcDb2dVertex
 10
27.964732838667256
 20
42.322828065128519
  0
VERTEX
  5
43B
100
AcDbEntity
  8
0
 62
     2
100
AcDbVertex
100
AcDb2dVertex
 10
27.950409567605345
 20
42.303533151215902
  0
VERTEX
  5
43C
100
AcDbEntity
  8
0
 62
     2
100
AcDbVertex
100
AcDb2dVertex
 10
27.938096501568541
 20
42.284172389446333
  0
VERTEX
  5
43D
100
AcDbEntity
  8
0
 62
     2
100
AcDbVertex
100
AcDb2dVertex
 10
28.344615870849818
 20
42.284172389446333
  0
SEQEND
  5
43E
100
AcDbEntity
  8
0
  0
POLYLINE
  5
43F
100
AcDbEntity
  8
0
 62
     2
100
AcDb2dPolyline
 66
     1
 10
0.0
 20
0.0
 30
0.0
 40
0.000000247740786108
 41
0.000000247740786108
  0
VERTEX
  5
440
100
AcDbEntity
  8
0
 62
     2
100
AcDbVertex
100
AcDb2dVertex
 10
28.454302599139897
 20
42.411221291675687
  0
VERTEX
  5
441
100
AcDbEntity
  8
0
 62
     2
100
AcDbVertex
100
AcDb2dVertex
 10
28.556073790336885
 20
42.425469766692061
  0
VERTEX
  5
442
100
AcDbEntity
  8
0
 62
     2
100
AcDbVertex
100
AcDb2dVertex
 10
28.570491252583953
 20
42.37055385392555
  0
VERTEX
  5
443
100
AcDbEntity
  8
0
 62
     2
100
AcDbVertex
100
AcDb2dVertex
 10
28.590374468770623
 20
42.326917800235371
  0
VERTEX
  5
444
100
AcDbEntity
  8
0
 62
     2
100
AcDbVertex
100
AcDb2dVertex
 10
28.615723016288452
 20
42.29456190247911
  0
VERTEX
  5
445
100
AcDbEntity
  8
0
 62
     2
100
AcDbVertex
100
AcDb2dVertex
 10
28.645845903789368
 20
42.272298755375346
  0
VERTEX
  5
446
100
AcDbEntity
  8
0
 62
     2
100
AcDbVertex
100
AcDb2dVertex
 10
28.680052480161709
 20
42.258940701792753
  0
VERTEX
  5
447
100
AcDbEntity
  8
0
 62
     2
100
AcDbVertex
100
AcDb2dVertex
 10
28.718342300745409
 20
42.254488066495547
  0
VERTEX
  5
448
100
AcDbEntity
  8
0
 62
     2
100
AcDbVertex
100
AcDb2dVertex
 10
28.763730857519302
 20
42.260293098784295
  0
VERTEX
  5
449
100
AcDbEntity
  8
0
 62
     2
100
AcDbVertex
100
AcDb2dVertex
 10
28.804156795359784
 20
42.277707792674654
  0
VERTEX
  5
44A
100
AcDbEntity
  8
0
 62
     2
100
AcDbVertex
100
AcDb2dVertex
 10
28.839619636921814
 20
42.306732474888925
  0
VERTEX
  5
44B
100
AcDbEntity
  8
0
 62
     2
100
AcDbVertex
100
AcDb2dVertex
 10
28.867103992462948
 20
42.34433270996157
  0
VERTEX
  5
44C
100
AcDbEntity
  8
0
 62
     2
100
AcDbVertex
100
AcDb2dVertex
 10
28.883594863202223
 20
42.387473825101466
  0
VERTEX
  5
44D
100
AcDbEntity
  8
0
 62
     2
100
AcDbVertex
100
AcDb2dVertex
 10
28.889091743753678
 20
42.436156122954344
  0
VERTEX
  5
44E
100
AcDbEntity
  8
0
 62
     2
100
AcDbVertex
100
AcDb2dVertex
 10
28.884003032435597
 20
42.48236480005253
  0
VERTEX
  5
44F
100
AcDbEntity
  8
0
 62
     2
100
AcDbVertex
100
AcDb2dVertex
 10
28.868737523550127
 20
42.522834338731478
  0
VERTEX
  5
450
100
AcDbEntity
  8
0
 62
     2
100
AcDbVertex
100
AcDb2dVertex
 10
28.843294707715035
 20
42.557565003823051
  0
VERTEX
  5
451
100
AcDbEntity
  8
0
 62
     2
100
AcDbVertex
100
AcDb2dVertex
 10
28.809999047466132
 20
42.584116052487303
  0
VERTEX
  5
452
100
AcDbEntity
  8
0
 62
     2
100
AcDbVertex
100
AcDb2dVertex
 10
28.771175385350151
 20
42.600046560114976
  0
VERTEX
  5
453
100
AcDbEntity
  8
0
 62
     2
100
AcDbVertex
100
AcDb2dVertex
 10
28.726823233345161
 20
42.605356763773806
  0
VERTEX
  5
454
100
AcDbEntity
  8
0
 62
     2
100
AcDbVertex
100
AcDb2dVertex
 10
28.706029105738882
 20
42.604037528221276
  0
VERTEX
  5
455
100
AcDbEntity
  8
0
 62
     2
100
AcDbVertex
100
AcDb2dVertex
 10
28.682094182234994
 20
42.600079541669828
  0
VERTEX
  5
456
100
AcDbEntity
  8
0
 62
     2
100
AcDbVertex
100
AcDb2dVertex
 10
28.65501800400062
 20
42.593483034593497
  0
VERTEX
  5
457
100
AcDbEntity
  8
0
 62
     2
100
AcDbVertex
100
AcDb2dVertex
 10
28.666325914133612
 20
42.687285495117969
  0
VERTEX
  5
458
100
AcDbEntity
  8
0
 62
     2
100
AcDbVertex
100
AcDb2dVertex
 10
28.672670775512454
 20
42.686625904259998
  0
VERTEX
  5
459
100
AcDbEntity
  8
0
 62
     2
100
AcDbVertex
100
AcDb2dVertex
 10
28.678136415596871
 20
42.686230044657883
  0
VERTEX
  5
45A
100
AcDbEntity
  8
0
 62
     2
100
AcDbVertex
100
AcDb2dVertex
 10
28.682722383826469
 20
42.686098122199937
  0
VERTEX
  5
45B
100
AcDbEntity
  8
0
 62
     2
100
AcDbVertex
100
AcDb2dVertex
 10
28.724624338166773
 20
42.690056092945433
  0
VERTEX
  5
45C
100
AcDbEntity
  8
0
 62
     2
100
AcDbVertex
100
AcDb2dVertex
 10
28.763636783576199
 20
42.701929754436023
  0
VERTEX
  5
45D
100
AcDbEntity
  8
0
 62
     2
100
AcDbVertex
100
AcDb2dVertex
 10
28.799759253702998
 20
42.721719309740877
  0
VERTEX
  5
45E
100
AcDbEntity
  8
0
 62
     2
100
AcDbVertex
100
AcDb2dVertex
 10
28.828657101371416
 20
42.749754561114003
  0
VERTEX
  5
45F
100
AcDbEntity
  8
0
 62
     2
100
AcDbVertex
100
AcDb2dVertex
 10
28.845996061631812
 20
42.7863651644765
  0
VERTEX
  5
460
100
AcDbEntity
  8
0
 62
     2
100
AcDbVertex
100
AcDb2dVertex
 10
28.851775640314781
 20
42.831551304658781
  0
VERTEX
  5
461
100
AcDbEntity
  8
0
 62
     2
100
AcDbVertex
100
AcDb2dVertex
 10
28.847566436349634
 20
42.868491842897527
  0
VERTEX
  5
462
100
AcDbEntity
  8
0
 62
     2
100
AcDbVertex
100
AcDb2dVertex
 10
28.834939436447275
 20
42.900946651661542
  0
VERTEX
  5
463
100
AcDbEntity
  8
0
 62
     2
100
AcDbVertex
100
AcDb2dVertex
 10
28.813894141369243
 20
42.92891588393735
  0
VERTEX
  5
464
100
AcDbEntity
  8
0
 62
     2
100
AcDbVertex
100
AcDb2dVertex
 10
28.786189616879373
 20
42.950354600948877
  0
VERTEX
  5
465
100
AcDbEntity
  8
0
 62
     2
100
AcDbVertex
100
AcDb2dVertex
 10
28.753585303144458
 20
42.963217764002763
  0
VERTEX
  5
466
100
AcDbEntity
  8
0
 62
     2
100
AcDbVertex
100
AcDb2dVertex
 10
28.716080718718811
 20
42.967505503773367
  0
VERTEX
  5
467
100
AcDbEntity
  8
0
 62
     2
100
AcDbVertex
100
AcDb2dVertex
 10
28.678701657776362
 20
42.963151839648461
  0
VERTEX
  5
468
100
AcDbEntity
  8
0
 62
     2
100
AcDbVertex
100
AcDb2dVertex
 10
28.64572040389287
 20
42.950090694933664
  0
VERTEX
  5
469
100
AcDbEntity
  8
0
 62
     2
100
AcDbVertex
100
AcDb2dVertex
 10
28.617136505055075
 20
42.92832219747833
  0
VERTEX
  5
46A
100
AcDbEntity
  8
0
 62
     2
100
AcDbVertex
100
AcDb2dVertex
 10
28.593892340001101
 20
42.897846333070873
  0
VERTEX
  5
46B
100
AcDbEntity
  8
0
 62
     2
100
AcDbVertex
100
AcDb2dVertex
 10
28.576930617574984
 20
42.858662977563746
  0
VERTEX
  5
46C
100
AcDbEntity
  8
0
 62
     2
100
AcDbVertex
100
AcDb2dVertex
 10
28.566250909456581
 20
42.810772278593234
  0
VERTEX
  5
46D
100
AcDbEntity
  8
0
 62
     2
100
AcDbVertex
100
AcDb2dVertex
 10
28.4644797182596
 20
42.829770245281729
  0
VERTEX
  5
46E
100
AcDbEntity
  8
0
 62
     2
100
AcDbVertex
100
AcDb2dVertex
 10
28.482195328894935
 20
42.896032297393376
  0
VERTEX
  5
46F
100
AcDbEntity
  8
0
 62
     2
100
AcDbVertex
100
AcDb2dVertex
 10
28.510465236976248
 20
42.951541932842851
  0
VERTEX
  5
470
100
AcDbEntity
  8
0
 62
     2
100
AcDbVertex
100
AcDb2dVertex
 10
28.549289044257083
 20
42.996299297035627
  0
VERTEX
  5
471
100
AcDbEntity
  8
0
 62
     2
100
AcDbVertex
100
AcDb2dVertex
 10
28.596970608732644
 20
43.029116998351753
  0
VERTEX
  5
472
100
AcDbEntity
  8
0
 62
     2
100
AcDbVertex
100
AcDb2dVertex
 10
28.651814116795311
 20
43.04880756308534
  0
VERTEX
  5
473
100
AcDbEntity
  8
0
 62
     2
100
AcDbVertex
100
AcDb2dVertex
 10
28.713819136692212
 20
43.055371099707685
  0
VERTEX
  5
474
100
AcDbEntity
  8
0
 62
     2
100
AcDbVertex
100
AcDb2dVertex
 10
28.757857026923734
 20
43.051973922959824
  0
VERTEX
  5
475
100
AcDbEntity
  8
0
 62
     2
100
AcDbVertex
100
AcDb2dVertex
 10
28.799507987967385
 20
43.041782271525442
  0
VERTEX
  5
476
100
AcDbEntity
  8
0
 62
     2
100
AcDbVertex
100
AcDb2dVertex
 10
28.838771543661839
 20
43.02479624706838
  0
VERTEX
  5
477
100
AcDbEntity
  8
0
 62
     2
100
AcDbVertex
100
AcDb2dVertex
 10
28.873857327756628
 20
43.001939350592721
  0
VERTEX
  5
478
100
AcDbEntity
  8
0
 62
     2
100
AcDbVertex
100
AcDb2dVertex
 10
28.902975365913353
 20
42.974134995961542
  0
VERTEX
  5
479
100
AcDbEntity
  8
0
 62
     2
100
AcDbVertex
100
AcDb2dVertex
 10
28.926125149439248
 20
42.941383299576678
  0
VERTEX
  5
47A
100
AcDbEntity
  8
0
 62
     2
100
AcDbVertex
100
AcDb2dVertex
 10
28.942929805048319
 20
42.905432325954671
  0
VERTEX
  5
47B
100
AcDbEntity
  8
0
 62
     2
100
AcDbVertex
100
AcDb2dVertex
 10
28.953012867562268
 20
42.868030031025441
  0
VERTEX
  5
47C
100
AcDbEntity
  8
0
 62
     2
100
AcDbVertex
100
AcDb2dVertex
 10
28.956373809045015
 20
42.829176558822716
  0
VERTEX
  5
47D
100
AcDbEntity
  8
0
 62
     2
100
AcDbVertex
100
AcDb2dVertex
 10
28.953169743744464
 20
42.792697873636072
  0
VERTEX
  5
47E
100
AcDbEntity
  8
0
 62
     2
100
AcDbVertex
100
AcDb2dVertex
 10
28.943558196901119
 20
42.758461895863469
  0
VERTEX
  5
47F
100
AcDbEntity
  8
0
 62
     2
100
AcDbVertex
100
AcDb2dVertex
 10
28.927538638205871
 20
42.726468801413006
  0
VERTEX
  5
480
100
AcDbEntity
  8
0
 62
     2
100
AcDbVertex
100
AcDb2dVertex
 10
28.905236772011197
 20
42.69770804887898
  0
VERTEX
  5
481
100
AcDbEntity
  8
0
 62
     2
100
AcDbVertex
100
AcDb2dVertex
 10
28.876778703457578
 20
42.673168940992056
  0
VERTEX
  5
482
100
AcDbEntity
  8
0
 62
     2
100
AcDbVertex
100
AcDb2dVertex
 10
28.842163916701733
 20
42.652851680495061
  0
VERTEX
  5
483
100
AcDbEntity
  8
0
 62
     2
100
AcDbVertex
100
AcDb2dVertex
 10
28.887521051945708
 20
42.636723262109655
  0
VERTEX
  5
484
100
AcDbEntity
  8
0
 62
     2
100
AcDbVertex
100
AcDb2dVertex
 10
28.925591186961316
 20
42.612085199801506
  0
VERTEX
  5
485
100
AcDbEntity
  8
0
 62
     2
100
AcDbVertex
100
AcDb2dVertex
 10
28.956373809045015
 20
42.57893771634761
  0
VERTEX
  5
486
100
AcDbEntity
  8
0
 62
     2
100
AcDbVertex
100
AcDb2dVertex
 10
28.978989471238361
 20
42.538402194902929
  0
VERTEX
  5
487
100
AcDbEntity
  8
0
 62
     2
100
AcDbVertex
100
AcDb2dVertex
 10
28.992559142754157
 20
42.491599828522837
  0
VERTEX
  5
488
100
AcDbEntity
  8
0
 62
     2
100
AcDbVertex
100
AcDb2dVertex
 10
28.997082285523813
 20
42.438530868790409
  0
VERTEX
  5
489
100
AcDbEntity
  8
0
 62
     2
100
AcDbVertex
100
AcDb2dVertex
 10
28.988287083147423
 20
42.366398047847767
  0
VERTEX
  5
48A
100
AcDbEntity
  8
0
 62
     2
100
AcDbVertex
100
AcDb2dVertex
 10
28.961902138788812
 20
42.301982967241116
  0
VERTEX
  5
48B
100
AcDbEntity
  8
0
 62
     2
100
AcDbVertex
100
AcDb2dVertex
 10
28.917926914592822
 20
42.245285926380809
  0
VERTEX
  5
48C
100
AcDbEntity
  8
0
 62
     2
100
AcDbVertex
100
AcDb2dVertex
 10
28.860507706736957
 20
42.201254280751932
  0
VERTEX
  5
48D
100
AcDbEntity
  8
0
 62
     2
100
AcDbVertex
100
AcDb2dVertex
 10
28.793791203963583
 20
42.174835118603454
  0
VERTEX
  5
48E
100
AcDbEntity
  8
0
 62
     2
100
AcDbVertex
100
AcDb2dVertex
 10
28.717776905238754
 20
42.166028784102217
  0
VERTEX
  5
48F
100
AcDbEntity
  8
0
 62
     2
100
AcDbVertex
100
AcDb2dVertex
 10
28.649144037777663
 20
42.173614883414764
  0
VERTEX
  5
490
100
AcDbEntity
  8
0
 62
     2
100
AcDbVertex
100
AcDb2dVertex
 10
28.588741098901128
 20
42.196372747343908
  0
VERTEX
  5
491
100
AcDbEntity
  8
0
 62
     2
100
AcDbVertex
100
AcDb2dVertex
 10
28.536567645357461
 20
42.23430272688902
  0
VERTEX
  5
492
100
AcDbEntity
  8
0
 62
     2
100
AcDbVertex
100
AcDb2dVertex
 10
28.495387885923844
 20
42.28430441848144
  0
VERTEX
  5
493
100
AcDbEntity
  8
0
 62
     2
100
AcDbVertex
100
AcDb2dVertex
 10
28.467966337457629
 20
42.34327716711757
  0
VERTEX
  5
494
100
AcDbEntity
  8
0
 62
     2
100
AcDbVertex
100
AcDb2dVertex
 10
28.454302599139897
 20
42.411221291675687
  0
SEQEND
  5
495
100
AcDbEntity
  8
0
  0
POLYLINE
  5
496
100
AcDbEntity
  8
0
 62
     2
100
AcDb2dPolyline
 66
     1
 10
0.0
 20
0.0
 30
0.0
 40
0.000000247740786108
 41
0.000000247740786108
  0
VERTEX
  5
497
100
AcDbEntity
  8
0
 62
     2
100
AcDbVertex
100
AcDb2dVertex
 10
29.254337241049516
 20
42.653445366954081
  0
VERTEX
  5
498
100
AcDbEntity
  8
0
 62
     2
100
AcDbVertex
100
AcDb2dVertex
 10
29.215764521447735
 20
42.671981640896753
  0
VERTEX
  5
499
100
AcDbEntity
  8
0
 62
     2
100
AcDbVertex
100
AcDb2dVertex
 10
29.184479506151934
 20
42.69513534328361
  0
VERTEX
  5
49A
100
AcDbEntity
  8
0
 62
     2
100
AcDbVertex
100
AcDb2dVertex
 10
29.160481586945632
 20
42.722906682658909
  0
VERTEX
  5
49B
100
AcDbEntity
  8
0
 62
     2
100
AcDbVertex
100
AcDb2dVertex
 10
29.143519547589445
 20
42.754965808579833
  0
VERTEX
  5
49C
100
AcDbEntity
  8
0
 62
     2
100
AcDbVertex
100
AcDb2dVertex
 10
29.133342624432959
 20
42.790982725694654
  0
VERTEX
  5
49D
100
AcDbEntity
  8
0
 62
     2
100
AcDbVertex
100
AcDb2dVertex
 10
29.129950229586537
 20
42.830957618199761
  0
VERTEX
  5
49E
100
AcDbEntity
  8
0
 62
     2
100
AcDbVertex
100
AcDb2dVertex
 10
29.137174555915347
 20
42.890919997496894
  0
VERTEX
  5
49F
100
AcDbEntity
  8
0
 62
     2
100
AcDbVertex
100
AcDb2dVertex
 10
29.158848246512637
 20
42.944153834583325
  0
VERTEX
  5
4A0
100
AcDbEntity
  8
0
 62
     2
100
AcDbVertex
100
AcDb2dVertex
 10
29.194970712851283
 20
42.990659275674979
  0
VERTEX
  5
4A1
100
AcDbEntity
  8
0
 62
     2
100
AcDbVertex
100
AcDb2dVertex
 10
29.243091974223145
 20
43.026610322564991
  0
VERTEX
  5
4A2
100
AcDbEntity
  8
0
 62
     2
100
AcDbVertex
100
AcDb2dVertex
 10
29.300762522401261
 20
43.048180894119973
  0
VERTEX
  5
4A3
100
AcDbEntity
  8
0
 62
     2
100
AcDbVertex
100
AcDb2dVertex
 10
29.367981737886151
 20
43.055371099707685
  0
VERTEX
  5
4A4
100
AcDbEntity
  8
0
 62
     2
100
AcDbVertex
100
AcDb2dVertex
 10
29.435640539250155
 20
43.04801601305612
  0
VERTEX
  5
4A5
100
AcDbEntity
  8
0
 62
     2
100
AcDbVertex
100
AcDb2dVertex
 10
29.493876500365101
 20
43.025950631438796
  0
VERTEX
  5
4A6
100
AcDbEntity
  8
0
 62
     2
100
AcDbVertex
100
AcDb2dVertex
 10
29.542688949440969
 20
42.98917505952744
  0
VERTEX
  5
4A7
100
AcDbEntity
  8
0
 62
     2
100
AcDbVertex
100
AcDb2dVertex
 10
29.579439448653535
 20
42.941845091433777
  0
VERTEX
  5
4A8
100
AcDbEntity
  8
0
 62
     2
100
AcDbVertex
100
AcDb2dVertex
 10
29.601490110505626
 20
42.8881164219124
  0
VERTEX
  5
4A9
100
AcDbEntity
  8
0
 62
     2
100
AcDbVertex
100
AcDb2dVertex
 10
29.60884022371901
 20
42.827989185904684
  0
VERTEX
  5
4AA
100
AcDbEntity
  8
0
 62
     2
100
AcDbVertex
100
AcDb2dVertex
 10
29.605479048289634
 20
42.789366633138592
  0
VERTEX
  5
4AB
100
AcDbEntity
  8
0
 62
     2
100
AcDbVertex
100
AcDb2dVertex
 10
29.595396401500548
 20
42.754240125423372
  0
VERTEX
  5
4AC
100
AcDbEntity
  8
0
 62
     2
100
AcDbVertex
100
AcDb2dVertex
 10
29.578591564113243
 20
42.722609839429403
  0
VERTEX
  5
4AD
100
AcDbEntity
  8
0
 62
     2
100
AcDbVertex
100
AcDb2dVertex
 10
29.55493897518345
 20
42.695003477548539
  0
VERTEX
  5
4AE
100
AcDbEntity
  8
0
 62
     2
100
AcDbVertex
100
AcDb2dVertex
 10
29.52431361986255
 20
42.671948585584701
  0
VERTEX
  5
4AF
100
AcDbEntity
  8
0
 62
     2
100
AcDbVertex
100
AcDb2dVertex
 10
29.48671479428263
 20
42.653445366954081
  0
VERTEX
  5
4B0
100
AcDbEntity
  8
0
 62
     2
100
AcDbVertex
100
AcDb2dVertex
 10
29.533548184820095
 20
42.632468509252817
  0
VERTEX
  5
4B1
100
AcDbEntity
  8
0
 62
     2
100
AcDbVertex
100
AcDb2dVertex
 10
29.572278010277937
 20
42.604367275570212
  0
VERTEX
  5
4B2
100
AcDbEntity
  8
0
 62
     2
100
AcDbVertex
100
AcDb2dVertex
 10
29.602903570899183
 20
42.569141889773853
  0
VERTEX
  5
4B3
100
AcDbEntity
  8
0
 62
     2
100
AcDbVertex
100
AcDb2dVertex
 10
29.625048014880154
 20
42.527847769860671
  0
VERTEX
  5
4B4
100
AcDbEntity
  8
0
 62
     2
100
AcDbVertex
100
AcDb2dVertex
 10
29.638335051048525
 20
42.481540141259998
  0
VERTEX
  5
4B5
100
AcDbEntity
  8
0
 62
     2
100
AcDbVertex
100
AcDb2dVertex
 10
29.642763954117999
 20
42.43021925836419
  0
VERTEX
  5
4B6
100
AcDbEntity
  8
0
 62
     2
100
AcDbVertex
100
AcDb2dVertex
 10
29.634408448588001
 20
42.359768549736771
  0
VERTEX
  5
4B7
100
AcDbEntity
  8
0
 62
     2
100
AcDbVertex
100
AcDb2dVertex
 10
29.609342822883935
 20
42.297233475643047
  0
VERTEX
  5
4B8
100
AcDbEntity
  8
0
 62
     2
100
AcDbVertex
100
AcDb2dVertex
 10
29.567566351733564
 20
42.242614337315239
  0
VERTEX
  5
4B9
100
AcDbEntity
  8
0
 62
     2
100
AcDbVertex
100
AcDb2dVertex
 10
29.512157383355021
 20
42.200396733809932
  0
VERTEX
  5
4BA
100
AcDbEntity
  8
0
 62
     2
100
AcDbVertex
100
AcDb2dVertex
 10
29.446194804125202
 20
42.175065996720654
  0
VERTEX
  5
4BB
100
AcDbEntity
  8
0
 62
     2
100
AcDbVertex
100
AcDb2dVertex
 10
29.369677924406101
 20
42.166622470561229
  0
VERTEX
  5
4BC
100
AcDbEntity
  8
0
 62
     2
100
AcDbVertex
100
AcDb2dVertex
 10
29.29316087519403
 20
42.175099099551325
  0
VERTEX
  5
4BD
100
AcDbEntity
  8
0
 62
     2
100
AcDbVertex
100
AcDb2dVertex
 10
29.227198276117921
 20
42.200528552828963
  0
VERTEX
  5
4BE
100
AcDbEntity
  8
0
 62
     2
100
AcDbVertex
100
AcDb2dVertex
 10
29.171789497078631
 20
42.242911180544745
  0
VERTEX
  5
4BF
100
AcDbEntity
  8
0
 62
     2
100
AcDbVertex
100
AcDb2dVertex
 10
29.130012877048276
 20
42.297959206174134
  0
VERTEX
  5
4C0
100
AcDbEntity
  8
0
 62
     2
100
AcDbVertex
100
AcDb2dVertex
 10
29.104947204694707
 20
42.361384604584124
  0
VERTEX
  5
4C1
100
AcDbEntity
  8
0
 62
     2
100
AcDbVertex
100
AcDb2dVertex
 10
29.096591894694196
 20
42.433187690659267
  0
VERTEX
  5
4C2
100
AcDbEntity
  8
0
 62
     2
100
AcDbVertex
100
AcDb2dVertex
 10
29.101146300531394
 20
42.486718500835202
  0
VERTEX
  5
4C3
100
AcDbEntity
  8
0
 62
     2
100
AcDbVertex
100
AcDb2dVertex
 10
29.114810217552996
 20
42.534114382008475
  0
VERTEX
  5
4C4
100
AcDbEntity
  8
0
 62
     2
100
AcDbVertex
100
AcDb2dVertex
 10
29.137583068926315
 20
42.575375597593521
  0
VERTEX
  5
4C5
100
AcDbEntity
  8
0
 62
     2
100
AcDbVertex
100
AcDb2dVertex
 10
29.168773881173397
 20
42.609512638296891
  0
VERTEX
  5
4C6
100
AcDbEntity
  8
0
 62
     2
100
AcDbVertex
100
AcDb2dVertex
 10
29.207692137550271
 20
42.635535818447025
  0
VERTEX
  5
4C7
100
AcDbEntity
  8
0
 62
     2
100
AcDbVertex
100
AcDb2dVertex
 10
29.254337241049516
 20
42.653445366954081
  0
SEQEND
  5
4C8
100
AcDbEntity
  8
0
  0
POLYLINE
  5
4C9
100
AcDbEntity
  8
0
 62
     2
100
AcDb2dPolyline
 66
     1
 10
0.0
 20
0.0
 30
0.0
 40
0.000000247740786108
 41
0.000000247740786108
  0
VERTEX
  5
4CA
100
AcDbEntity
  8
0
 62
     2
100
AcDbVertex
100
AcDb2dVertex
 10
29.233983002810124
 20
42.834519736953858
  0
VERTEX
  5
4CB
100
AcDbEntity
  8
0
 62
     2
100
AcDbVertex
100
AcDb2dVertex
 10
29.238191877402645
 20
42.795864201099015
  0
VERTEX
  5
4CC
100
AcDbEntity
  8
0
 62
     2
100
AcDbVertex
100
AcDb2dVertex
 10
29.250819249177322
 20
42.762221910269041
  0
VERTEX
  5
4CD
100
AcDbEntity
  8
0
 62
     2
100
AcDbVertex
100
AcDb2dVertex
 10
29.271864501755662
 20
42.733593038921192
  0
VERTEX
  5
4CE
100
AcDbEntity
  8
0
 62
     2
100
AcDbVertex
100
AcDb2dVertex
 10
29.299631518598677
 20
42.711824592959729
  0
VERTEX
  5
4CF
100
AcDbEntity
  8
0
 62
     2
100
AcDbVertex
100
AcDb2dVertex
 10
29.332424669390701
 20
42.698763425047794
  0
VERTEX
  5
4D0
100
AcDbEntity
  8
0
 62
     2
100
AcDbVertex
100
AcDb2dVertex
 10
29.370243319912749
 20
42.694409732626163
  0
VERTEX
  5
4D1
100
AcDbEntity
  8
0
 62
     2
100
AcDbVertex
100
AcDb2dVertex
 10
29.407088066790127
 20
42.69873051106849
  0
VERTEX
  5
4D2
100
AcDbEntity
  8
0
 62
     2
100
AcDbVertex
100
AcDb2dVertex
 10
29.439221599260218
 20
42.711692598628588
  0
VERTEX
  5
4D3
100
AcDbEntity
  8
0
 62
     2
100
AcDbVertex
100
AcDb2dVertex
 10
29.466643253796558
 20
42.733296195691686
  0
VERTEX
  5
4D4
100
AcDbEntity
  8
0
 62
     2
100
AcDbVertex
100
AcDb2dVertex
 10
29.48753127501821
 20
42.761166533017658
  0
VERTEX
  5
4D5
100
AcDbEntity
  8
0
 62
     2
100
AcDbVertex
100
AcDb2dVertex
 10
29.500064437252195
 20
42.792928697724037
  0
VERTEX
  5
4D6
100
AcDbEntity
  8
0
 62
     2
100
AcDbVertex
100
AcDb2dVertex
 10
29.504242054988776
 20
42.828582872363704
  0
VERTEX
  5
4D7
100
AcDbEntity
  8
0
 62
     2
100
AcDbVertex
100
AcDb2dVertex
 10
29.499938562620581
 20
42.865688323769035
  0
VERTEX
  5
4D8
100
AcDbEntity
  8
0
 62
     2
100
AcDbVertex
100
AcDb2dVertex
 10
29.487028927957272
 20
42.898637871003977
  0
VERTEX
  5
4D9
100
AcDbEntity
  8
0
 62
     2
100
AcDbVertex
100
AcDb2dVertex
 10
29.465512462783256
 20
42.927431667789811
  0
VERTEX
  5
4DA
100
AcDbEntity
  8
0
 62
     2
100
AcDbVertex
100
AcDb2dVertex
 10
29.43758800654879
 20
42.949694949426046
  0
VERTEX
  5
4DB
100
AcDbEntity
  8
0
 62
     2
100
AcDbVertex
100
AcDb2dVertex
 10
29.405454918697107
 20
42.963052851117141
  0
VERTEX
  5
4DC
100
AcDbEntity
  8
0
 62
     2
100
AcDbVertex
100
AcDb2dVertex
 10
29.369112528899446
 20
42.967505503773367
  0
VERTEX
  5
4DD
100
AcDbEntity
  8
0
 62
     2
100
AcDbVertex
100
AcDb2dVertex
 10
29.33248727275355
 20
42.963151839648461
  0
VERTEX
  5
4DE
100
AcDbEntity
  8
0
 62
     2
100
AcDbVertex
100
AcDb2dVertex
 10
29.300259942697583
 20
42.950090694933664
  0
VERTEX
  5
4DF
100
AcDbEntity
  8
0
 62
     2
100
AcDbVertex
100
AcDb2dVertex
 10
29.272429897262317
 20
42.92832219747833
  0
VERTEX
  5
4E0
100
AcDbEntity
  8
0
 62
     2
100
AcDbVertex
100
AcDb2dVertex
 10
29.251070327875272
 20
42.900484939673333
  0
VERTEX
  5
4E1
100
AcDbEntity
  8
0
 62
     2
100
AcDbVertex
100
AcDb2dVertex
 10
29.238254902821456
 20
42.869217404288165
  0
VERTEX
  5
4E2
100
AcDbEntity
  8
0
 62
     2
100
AcDbVertex
100
AcDb2dVertex
 10
29.233983002810124
 20
42.834519736953858
  0
SEQEND
  5
4E3
100
AcDbEntity
  8
0
  0
POLYLINE
  5
4E4
100
AcDbEntity
  8
0
 62
     2
100
AcDb2dPolyline
 66
     1
 10
0.0
 20
0.0
 30
0.0
 40
0.000000247740786108
 41
0.000000247740786108
  0
VERTEX
  5
4E5
100
AcDbEntity
  8
0
 62
     2
100
AcDbVertex
100
AcDb2dVertex
 10
29.201190063424423
 20
42.432594004200247
  0
VERTEX
  5
4E6
100
AcDbEntity
  8
0
 62
     2
100
AcDbVertex
100
AcDb2dVertex
 10
29.203482878186211
 20
42.402448008312852
  0
VERTEX
  5
4E7
100
AcDbEntity
  8
0
 62
     2
100
AcDbVertex
100
AcDb2dVertex
 10
29.21036205865737
 20
42.372961484475979
  0
VERTEX
  5
4E8
100
AcDbEntity
  8
0
 62
     2
100
AcDbVertex
100
AcDb2dVertex
 10
29.22182699941715
 20
42.344134721806917
  0
VERTEX
  5
4E9
100
AcDbEntity
  8
0
 62
     2
100
AcDbVertex
100
AcDb2dVertex
 10
29.237814947720157
 20
42.317781730346645
  0
VERTEX
  5
4EA
100
AcDbEntity
  8
0
 62
     2
100
AcDbVertex
100
AcDb2dVertex
 10
29.258263623808784
 20
42.295716279376428
  0
VERTEX
  5
4EB
100
AcDbEntity
  8
0
 62
     2
100
AcDbVertex
100
AcDb2dVertex
 10
29.28317241188866
 20
42.277938681626665
  0
VERTEX
  5
4EC
100
AcDbEntity
  8
0
 62
     2
100
AcDbVertex
100
AcDb2dVertex
 10
29.311002249365313
 20
42.264910658319621
  0
VERTEX
  5
4ED
100
AcDbEntity
  8
0
 62
     2
100
AcDbVertex
100
AcDb2dVertex
 10
29.340214562782005
 20
42.257093677473769
  0
VERTEX
  5
4EE
100
AcDbEntity
  8
0
 62
     2
100
AcDbVertex
100
AcDb2dVertex
 10
29.370808715419397
 20
42.254488066495547
  0
VERTEX
  5
4EF
100
AcDbEntity
  8
0
 62
     2
100
AcDbVertex
100
AcDb2dVertex
 10
29.416605557546479
 20
42.259963272958984
  0
VERTEX
  5
4F0
100
AcDbEntity
  8
0
 62
     2
100
AcDbVertex
100
AcDb2dVertex
 10
29.45674886064349
 20
42.276388489334103
  0
VERTEX
  5
4F1
100
AcDbEntity
  8
0
 62
     2
100
AcDbVertex
100
AcDb2dVertex
 10
29.491237958335827
 20
42.303764042593848
  0
VERTEX
  5
4F2
100
AcDbEntity
  8
0
 62
     2
100
AcDbVertex
100
AcDb2dVertex
 10
29.517622878021523
 20
42.339583218594818
  0
VERTEX
  5
4F3
100
AcDbEntity
  8
0
 62
     2
100
AcDbVertex
100
AcDb2dVertex
 10
29.533454183517765
 20
42.381339064880805
  0
VERTEX
  5
4F4
100
AcDbEntity
  8
0
 62
     2
100
AcDbVertex
100
AcDb2dVertex
 10
29.538731180894413
 20
42.429031885446157
  0
VERTEX
  5
4F5
100
AcDbEntity
  8
0
 62
     2
100
AcDbVertex
100
AcDb2dVertex
 10
29.533296894512045
 20
42.477516361191128
  0
VERTEX
  5
4F6
100
AcDbEntity
  8
0
 62
     2
100
AcDbVertex
100
AcDb2dVertex
 10
29.516994889853404
 20
42.520063802019067
  0
VERTEX
  5
4F7
100
AcDbEntity
  8
0
 62
     2
100
AcDbVertex
100
AcDb2dVertex
 10
29.489824469569204
 20
42.556674474134525
  0
VERTEX
  5
4F8
100
AcDbEntity
  8
0
 62
     2
100
AcDbVertex
100
AcDb2dVertex
 10
29.454487048063545
 20
42.584709738970894
  0
VERTEX
  5
4F9
100
AcDbEntity
  8
0
 62
     2
100
AcDbVertex
100
AcDb2dVertex
 10
29.413684563902006
 20
42.601530776317567
  0
VERTEX
  5
4FA
100
AcDbEntity
  8
0
 62
     2
100
AcDbVertex
100
AcDb2dVertex
 10
29.367416342379503
 20
42.607137823150858
  0
VERTEX
  5
4FB
100
AcDbEntity
  8
0
 62
     2
100
AcDbVertex
100
AcDb2dVertex
 10
29.322278743136057
 20
42.601596816882022
  0
VERTEX
  5
4FC
100
AcDbEntity
  8
0
 62
     2
100
AcDbVertex
100
AcDb2dVertex
 10
29.282607037907074
 20
42.584973518307457
  0
VERTEX
  5
4FD
100
AcDbEntity
  8
0
 62
     2
100
AcDbVertex
100
AcDb2dVertex
 10
29.248400588229689
 20
42.557268160593537
  0
VERTEX
  5
4FE
100
AcDbEntity
  8
0
 62
     2
100
AcDbVertex
100
AcDb2dVertex
 10
29.222172337538002
 20
42.52125125453405
  0
VERTEX
  5
4FF
100
AcDbEntity
  8
0
 62
     2
100
AcDbVertex
100
AcDb2dVertex
 10
29.206435699663619
 20
42.479693116988201
  0
VERTEX
  5
500
100
AcDbEntity
  8
0
 62
     2
100
AcDbVertex
100
AcDb2dVertex
 10
29.201190063424423
 20
42.432594004200247
  0
SEQEND
  5
501
100
AcDbEntity
  8
0
  0
POLYLINE
  5
502
100
AcDbEntity
  8
0
 62
     2
100
AcDb2dPolyline
 66
     1
 10
0.0
 20
0.0
 30
0.0
 40
0.000000247740786108
 41
0.000000247740786108
  0
VERTEX
  5
503
100
AcDbEntity
  8
0
 62
     2
100
AcDbVertex
100
AcDb2dVertex
 10
30.067941375118725
 20
42.181464632036622
  0
VERTEX
  5
504
100
AcDbEntity
  8
0
 62
     2
100
AcDbVertex
100
AcDb2dVertex
 10
30.067941375118725
 20
42.389848579151121
  0
VERTEX
  5
505
100
AcDbEntity
  8
0
 62
     2
100
AcDbVertex
100
AcDb2dVertex
 10
29.708349832889393
 20
42.389848579151121
  0
VERTEX
  5
506
100
AcDbEntity
  8
0
 62
     2
100
AcDbVertex
100
AcDb2dVertex
 10
29.708349832889393
 20
42.487806844888709
  0
VERTEX
  5
507
100
AcDbEntity
  8
0
 62
     2
100
AcDbVertex
100
AcDb2dVertex
 10
30.08659942683818
 20
43.051808980953595
  0
VERTEX
  5
508
100
AcDbEntity
  8
0
 62
     2
100
AcDbVertex
100
AcDb2dVertex
 10
30.169712566315713
 20
43.051808980953595
  0
VERTEX
  5
509
100
AcDbEntity
  8
0
 62
     2
100
AcDbVertex
100
AcDb2dVertex
 10
30.169712566315713
 20
42.487806844888709
  0
VERTEX
  5
50A
100
AcDbEntity
  8
0
 62
     2
100
AcDbVertex
100
AcDb2dVertex
 10
30.281660876632397
 20
42.487806844888709
  0
VERTEX
  5
50B
100
AcDbEntity
  8
0
 62
     2
100
AcDbVertex
100
AcDb2dVertex
 10
30.281660876632397
 20
42.389848579151121
  0
VERTEX
  5
50C
100
AcDbEntity
  8
0
 62
     2
100
AcDbVertex
100
AcDb2dVertex
 10
30.169712566315713
 20
42.389848579151121
  0
VERTEX
  5
50D
100
AcDbEntity
  8
0
 62
     2
100
AcDbVertex
100
AcDb2dVertex
 10
30.169712566315713
 20
42.181464632036622
  0
VERTEX
  5
50E
100
AcDbEntity
  8
0
 62
     2
100
AcDbVertex
100
AcDb2dVertex
 10
30.067941375118725
 20
42.181464632036622
  0
SEQEND
  5
50F
100
AcDbEntity
  8
0
  0
POLYLINE
  5
510
100
AcDbEntity
  8
0
 62
     2
100
AcDb2dPolyline
 66
     1
 10
0.0
 20
0.0
 30
0.0
 40
0.000000247740786108
 41
0.000000247740786108
  0
VERTEX
  5
511
100
AcDbEntity
  8
0
 62
     2
100
AcDbVertex
100
AcDb2dVertex
 10
30.067941375118725
 20
42.880233594298062
  0
VERTEX
  5
512
100
AcDbEntity
  8
0
 62
     2
100
AcDbVertex
100
AcDb2dVertex
 10
29.808424837566424
 20
42.487806844888709
  0
VERTEX
  5
513
100
AcDbEntity
  8
0
 62
     2
100
AcDbVertex
100
AcDb2dVertex
 10
30.067941375118725
 20
42.487806844888709
  0
VERTEX
  5
514
100
AcDbEntity
  8
0
 62
     2
100
AcDbVertex
100
AcDb2dVertex
 10
30.067941375118725
 20
42.880233594298062
  0
SEQEND
  5
515
100
AcDbEntity
  8
0
  0
POLYLINE
  5
516
100
AcDbEntity
  8
0
 62
     2
100
AcDb2dPolyline
 66
     1
 10
0.0
 20
0.0
 30
0.0
 40
0.000000247740786108
 41
0.000000247740786108
  0
VERTEX
  5
517
100
AcDbEntity
  8
0
 62
     2
100
AcDbVertex
100
AcDb2dVertex
 10
30.920557799146781
 20
42.284172389446333
  0
VERTEX
  5
518
100
AcDbEntity
  8
0
 62
     2
100
AcDbVertex
100
AcDb2dVertex
 10
30.920557799146781
 20
42.181464632036622
  0
VERTEX
  5
519
100
AcDbEntity
  8
0
 62
     2
100
AcDbVertex
100
AcDb2dVertex
 10
30.372689553203028
 20
42.181464632036622
  0
VERTEX
  5
51A
100
AcDbEntity
  8
0
 62
     2
100
AcDbVertex
100
AcDb2dVertex
 10
30.373505957244756
 20
42.206861322891605
  0
VERTEX
  5
51B
100
AcDbEntity
  8
0
 62
     2
100
AcDbVertex
100
AcDb2dVertex
 10
30.377464040479385
 20
42.231598143938385
  0
VERTEX
  5
51C
100
AcDbEntity
  8
0
 62
     2
100
AcDbVertex
100
AcDb2dVertex
 10
30.384562858842674
 20
42.255675439413579
  0
VERTEX
  5
51D
100
AcDbEntity
  8
0
 62
     2
100
AcDbVertex
100
AcDb2dVertex
 10
30.401304568377707
 20
42.294660947031794
  0
VERTEX
  5
51E
100
AcDbEntity
  8
0
 62
     2
100
AcDbVertex
100
AcDb2dVertex
 10
30.423638008617555
 20
42.33325046077131
  0
VERTEX
  5
51F
100
AcDbEntity
  8
0
 62
     2
100
AcDbVertex
100
AcDb2dVertex
 10
30.451562226380684
 20
42.371444298921638
  0
VERTEX
  5
520
100
AcDbEntity
  8
0
 62
     2
100
AcDbVertex
100
AcDb2dVertex
 10
30.486836338175483
 20
42.411419274191118
  0
VERTEX
  5
521
100
AcDbEntity
  8
0
 62
     2
100
AcDbVertex
100
AcDb2dVertex
 10
30.531220211896315
 20
42.455351977666567
  0
VERTEX
  5
522
100
AcDbEntity
  8
0
 62
     2
100
AcDbVertex
100
AcDb2dVertex
 10
30.584712868196743
 20
42.503242692823115
  0
VERTEX
  5
523
100
AcDbEntity
  8
0
 62
     2
100
AcDbVertex
100
AcDb2dVertex
 10
30.665061552909226
 20
42.575441637329504
  0
VERTEX
  5
524
100
AcDbEntity
  8
0
 62
     2
100
AcDbVertex
100
AcDb2dVertex
 10
30.725936144535819
 20
42.63688810647151
  0
VERTEX
  5
525
100
AcDbEntity
  8
0
 62
     2
100
AcDbVertex
100
AcDb2dVertex
 10
30.767335616844658
 20
42.687582338347482
  0
VERTEX
  5
526
100
AcDbEntity
  8
0
 62
     2
100
AcDbVertex
100
AcDb2dVertex
 10
30.793720427368246
 20
42.732075899895143
  0
VERTEX
  5
527
100
AcDbEntity
  8
0
 62
     2
100
AcDbVertex
100
AcDb2dVertex
 10
30.809551856112034
 20
42.77492020880667
  0
VERTEX
  5
528
100
AcDbEntity
  8
0
 62
     2
100
AcDbVertex
100
AcDb2dVertex
 10
30.814828839403251
 20
42.816115456724368
  0
VERTEX
  5
529
100
AcDbEntity
  8
0
 62
     2
100
AcDbVertex
100
AcDb2dVertex
 10
30.810022661116459
 20
42.856255306579357
  0
VERTEX
  5
52A
100
AcDbEntity
  8
0
 62
     2
100
AcDbVertex
100
AcDb2dVertex
 10
30.795605431553337
 20
42.891975389726248
  0
VERTEX
  5
52B
100
AcDbEntity
  8
0
 62
     2
100
AcDbVertex
100
AcDb2dVertex
 10
30.771576083144534
 20
42.923275862576702
  0
VERTEX
  5
52C
100
AcDbEntity
  8
0
 62
     2
100
AcDbVertex
100
AcDb2dVertex
 10
30.739819390112327
 20
42.947518099363016
  0
VERTEX
  5
52D
100
AcDbEntity
  8
0
 62
     2
100
AcDbVertex
100
AcDb2dVertex
 10
30.702220937973333
 20
42.962063373726075
  0
VERTEX
  5
52E
100
AcDbEntity
  8
0
 62
     2
100
AcDbVertex
100
AcDb2dVertex
 10
30.658779679567882
 20
42.966911817314354
  0
VERTEX
  5
52F
100
AcDbEntity
  8
0
 62
     2
100
AcDbVertex
100
AcDb2dVertex
 10
30.613045163536516
 20
42.961766571259481
  0
VERTEX
  5
530
100
AcDbEntity
  8
0
 62
     2
100
AcDbVertex
100
AcDb2dVertex
 10
30.573844745965257
 20
42.946330680450771
  0
VERTEX
  5
531
100
AcDbEntity
  8
0
 62
     2
100
AcDbVertex
100
AcDb2dVertex
 10
30.541177414184698
 20
42.920604273511131
  0
VERTEX
  5
532
100
AcDbEntity
  8
0
 62
     2
100
AcDbVertex
100
AcDb2dVertex
 10
30.51661382849969
 20
42.885774709184361
  0
VERTEX
  5
533
100
AcDbEntity
  8
0
 62
     2
100
AcDbVertex
100
AcDb2dVertex
 10
30.50172540886339
 20
42.843029233766849
  0
VERTEX
  5
534
100
AcDbEntity
  8
0
 62
     2
100
AcDbVertex
100
AcDb2dVertex
 10
30.496511169159351
 20
42.792367998363744
  0
VERTEX
  5
535
100
AcDbEntity
  8
0
 62
     2
100
AcDbVertex
100
AcDb2dVertex
 10
30.391913000429124
 20
42.80364804108504
  0
VERTEX
  5
536
100
AcDbEntity
  8
0
 62
     2
100
AcDbVertex
100
AcDb2dVertex
 10
30.405670677810686
 20
42.87907925269333
  0
VERTEX
  5
537
100
AcDbEntity
  8
0
 62
     2
100
AcDbVertex
100
AcDb2dVertex
 10
30.432621515630689
 20
42.941515228465128
  0
VERTEX
  5
538
100
AcDbEntity
  8
0
 62
     2
100
AcDbVertex
100
AcDb2dVertex
 10
30.472764557880058
 20
42.990956118904485
  0
VERTEX
  5
539
100
AcDbEntity
  8
0
 62
     2
100
AcDbVertex
100
AcDb2dVertex
 10
30.524843478443525
 20
43.026742252869553
  0
VERTEX
  5
53A
100
AcDbEntity
  8
0
 62
     2
100
AcDbVertex
100
AcDb2dVertex
 10
30.587602710101176
 20
43.048213876697091
  0
VERTEX
  5
53B
100
AcDbEntity
  8
0
 62
     2
100
AcDbVertex
100
AcDb2dVertex
 10
30.66104126159448
 20
43.055371099707685
  0
VERTEX
  5
53C
100
AcDbEntity
  8
0
 62
     2
100
AcDbVertex
100
AcDb2dVertex
 10
30.735044946173804
 20
43.047653204648277
  0
VERTEX
  5
53D
100
AcDbEntity
  8
0
 62
     2
100
AcDbVertex
100
AcDb2dVertex
 10
30.797992661960446
 20
43.024499397764195
  0
VERTEX
  5
53E
100
AcDbEntity
  8
0
 62
     2
100
AcDbVertex
100
AcDb2dVertex
 10
30.849883360815543
 20
42.98590978400285
  0
VERTEX
  5
53F
100
AcDbEntity
  8
0
 62
     2
100
AcDbVertex
100
AcDb2dVertex
 10
30.88851839982917
 20
42.935908227147685
  0
VERTEX
  5
540
100
AcDbEntity
  8
0
 62
     2
100
AcDbVertex
100
AcDb2dVertex
 10
30.911699979093388
 20
42.878518490454084
  0
VERTEX
  5
541
100
AcDbEntity
  8
0
 62
     2
100
AcDbVertex
100
AcDb2dVertex
 10
30.919427008133486
 20
42.813740710888311
  0
VERTEX
  5
542
100
AcDbEntity
  8
0
 62
     2
100
AcDbVertex
100
AcDb2dVertex
 10
30.917165100792641
 20
42.779109051460345
  0
VERTEX
  5
543
100
AcDbEntity
  8
0
 62
     2
100
AcDbVertex
100
AcDb2dVertex
 10
30.91038072131607
 20
42.74487307226115
  0
VERTEX
  5
544
100
AcDbEntity
  8
0
 62
     2
100
AcDbVertex
100
AcDb2dVertex
 10
30.899072769894087
 20
42.7110329534786
  0
VERTEX
  5
545
100
AcDbEntity
  8
0
 62
     2
100
AcDbVertex
100
AcDb2dVertex
 10
30.882518922580541
 20
42.67679709374837
  0
VERTEX
  5
546
100
AcDbEntity
  8
0
 62
     2
100
AcDbVertex
100
AcDb2dVertex
 10
30.859997697893011
 20
42.641373731638723
  0
VERTEX
  5
547
100
AcDbEntity
  8
0
 62
     2
100
AcDbVertex
100
AcDb2dVertex
 10
30.831508006849429
 20
42.604763077314793
  0
VERTEX
  5
548
100
AcDbEntity
  8
0
 62
     2
100
AcDbVertex
100
AcDb2dVertex
 10
30.793092205933593
 20
42.562941232929099
  0
VERTEX
  5
549
100
AcDbEntity
  8
0
 62
     2
100
AcDbVertex
100
AcDb2dVertex
 10
30.740793475107576
 20
42.511884115732308
  0
VERTEX
  5
54A
100
AcDbEntity
  8
0
 62
     2
100
AcDbVertex
100
AcDb2dVertex
 10
30.67461075375407
 20
42.451591970888749
  0
VERTEX
  5
54B
100
AcDbEntity
  8
0
 62
     2
100
AcDbVertex
100
AcDb2dVertex
 10
30.620835056268792
 20
42.403536432608455
  0
VERTEX
  5
54C
100
AcDbEntity
  8
0
 62
     2
100
AcDbVertex
100
AcDb2dVertex
 10
30.581634639946937
 20
42.367024619706925
  0
VERTEX
  5
54D
100
AcDbEntity
  8
0
 62
     2
100
AcDbVertex
100
AcDb2dVertex
 10
30.557008488370901
 20
42.342056819200359
  0
VERTEX
  5
54E
100
AcDbEntity
  8
0
 62
     2
100
AcDbVertex
100
AcDb2dVertex
 10
30.540674546608617
 20
42.322828065128519
  0
VERTEX
  5
54F
100
AcDbEntity
  8
0
 62
     2
100
AcDbVertex
100
AcDb2dVertex
 10
30.526351524335293
 20
42.303533151215902
  0
VERTEX
  5
550
100
AcDbEntity
  8
0
 62
     2
100
AcDbVertex
100
AcDb2dVertex
 10
30.514038429865504
 20
42.284172389446333
  0
VERTEX
  5
551
100
AcDbEntity
  8
0
 62
     2
100
AcDbVertex
100
AcDb2dVertex
 10
30.920557799146781
 20
42.284172389446333
  0
SEQEND
  5
552
100
AcDbEntity
  8
0
  0
POLYLINE
  5
553
100
AcDbEntity
  8
0
  6
1
 62
     4
100
AcDb2dPolyline
 66
     1
 10
0.0
 20
0.0
 30
0.0
  0
VERTEX
  5
554
100
AcDbEntity
  8
0
  6
1
 62
     4
100
AcDbVertex
100
AcDb2dVertex
 10
49.490990034353217
 20
41.996570707187296
  0
VERTEX
  5
555
100
AcDbEntity
  8
0
  6
1
 62
     4
100
AcDbVertex
100
AcDb2dVertex
 10
48.995508444464619
 20
41.996570707187296
  0
SEQEND
  5
556
100
AcDbEntity
  8
0
  6
1
  0
POLYLINE
  5
557
100
AcDbEntity
  8
0
  6
1
 62
     4
100
AcDb2dPolyline
 66
     1
 10
0.0
 20
0.0
 30
0.0
  0
VERTEX
  5
558
100
AcDbEntity
  8
0
  6
1
 62
     4
100
AcDbVertex
100
AcDb2dVertex
 10
49.243249239408925
 20
42.244311502131588
  0
VERTEX
  5
559
100
AcDbEntity
  8
0
  6
1
 62
     4
100
AcDbVertex
100
AcDb2dVertex
 10
49.243249239408925
 20
41.748829912242996
  0
SEQEND
  5
55A
100
AcDbEntity
  8
0
  6
1
  0
POLYLINE
  5
55B
100
AcDbEntity
  8
0
  6
1
 62
     4
100
AcDb2dPolyline
 66
     1
 10
0.0
 20
0.0
 30
0.0
  0
VERTEX
  5
55C
100
AcDbEntity
  8
0
  6
1
 62
     4
100
AcDbVertex
100
AcDb2dVertex
 10
17.958473525124514
 20
41.996570707187296
  0
VERTEX
  5
55D
100
AcDbEntity
  8
0
  6
1
 62
     4
100
AcDbVertex
100
AcDb2dVertex
 10
0.12901271222881761
 20
41.996570707187296
  0
SEQEND
  5
55E
100
AcDbEntity
  8
0
  6
1
  0
POLYLINE
  5
55F
100
AcDbEntity
  8
0
 62
     7
100
AcDb2dPolyline
 66
     1
 10
0.0
 20
0.0
 30
0.0
  0
VERTEX
  5
560
100
AcDbEntity
  8
0
 62
     7
100
AcDbVertex
100
AcDb2dVertex
 10
22.487243385424872
 20
38.466264379231063
  0
VERTEX
  5
561
100
AcDbEntity
  8
0
 62
     7
100
AcDbVertex
100
AcDb2dVertex
 10
5.4179026137628306
 20
38.466264379231063
  0
SEQEND
  5
562
100
AcDbEntity
  8
0
  0
POLYLINE
  5
563
100
AcDbEntity
  8
0
 62
     7
100
AcDb2dPolyline
 66
     1
 10
0.0
 20
0.0
 30
0.0
  0
VERTEX
  5
564
100
AcDbEntity
  8
0
 62
     7
100
AcDbVertex
100
AcDb2dVertex
 10
22.487243385424872
 20
45.526877035143521
  0
VERTEX
  5
565
100
AcDbEntity
  8
0
 62
     7
100
AcDbVertex
100
AcDb2dVertex
 10
5.4179026137628306
 20
45.526877035143521
  0
SEQEND
  5
566
100
AcDbEntity
  8
0
  0
POLYLINE
  5
567
100
AcDbEntity
  8
0
 62
     7
100
AcDb2dPolyline
 66
     1
 10
0.0
 20
0.0
 30
0.0
  0
VERTEX
  5
568
100
AcDbEntity
  8
0
 62
     7
100
AcDbVertex
100
AcDb2dVertex
 10
4.6746802289299403
 20
38.892378546535255
  0
VERTEX
  5
569
100
AcDbEntity
  8
0
 62
     7
100
AcDbVertex
100
AcDb2dVertex
 10
4.6746802289299403
 20
45.100762867839329
  0
SEQEND
  5
56A
100
AcDbEntity
  8
0
  0
POLYLINE
  5
56B
100
AcDbEntity
  8
0
  6
1
 62
     4
100
AcDb2dPolyline
 66
     1
 10
0.0
 20
0.0
 30
0.0
  0
VERTEX
  5
56C
100
AcDbEntity
  8
0
  6
1
 62
     4
100
AcDbVertex
100
AcDb2dVertex
 10
2.7175279488699928
 20
38.892378546535255
  0
VERTEX
  5
56D
100
AcDbEntity
  8
0
  6
1
 62
     4
100
AcDbVertex
100
AcDb2dVertex
 10
2.7175279488699928
 20
45.100762867839329
  0
SEQEND
  5
56E
100
AcDbEntity
  8
0
  6
1
  0
POLYLINE
  5
56F
100
AcDbEntity
  8
0
  6
2
 62
     6
100
AcDb2dPolyline
 66
     1
 10
0.0
 20
0.0
 30
0.0
  0
VERTEX
  5
570
100
AcDbEntity
  8
0
  6
2
 62
     6
100
AcDbVertex
100
AcDb2dVertex
 10
0.89663310602941593
 20
40.423416659291007
  0
VERTEX
  5
571
100
AcDbEntity
  8
0
  6
2
 62
     6
100
AcDbVertex
100
AcDb2dVertex
 10
0.89663310602941593
 20
43.569724755083577
  0
SEQEND
  5
572
100
AcDbEntity
  8
0
  6
2
  0
POLYLINE
  5
573
100
AcDbEntity
  8
0
 62
     3
100
AcDb2dPolyline
 66
     1
 10
0.0
 20
0.0
 30
0.0
  0
VERTEX
  5
574
100
AcDbEntity
  8
0
 62
     3
100
AcDbVertex
100
AcDb2dVertex
 10
0.89663310602941593
 20
40.423416659291007
  0
VERTEX
  5
575
100
AcDbEntity
  8
0
 62
     3
100
AcDbVertex
100
AcDb2dVertex
 10
4.6746802289299403
 20
43.569724755083577
  0
SEQEND
  5
576
100
AcDbEntity
  8
0
  0
POLYLINE
  5
577
100
AcDbEntity
  8
0
 62
     3
100
AcDb2dPolyline
 66
     1
 10
0.0
 20
0.0
 30
0.0
  0
VERTEX
  5
578
100
AcDbEntity
  8
0
 62
     3
100
AcDbVertex
100
AcDb2dVertex
 10
0.89663310602941593
 20
43.569724755083577
  0
VERTEX
  5
579
100
AcDbEntity
  8
0
 62
     3
100
AcDbVertex
100
AcDb2dVertex
 10
4.6746802289299403
 20
40.423416659291007
  0
SEQEND
  5
57A
100
AcDbEntity
  8
0
  0
POLYLINE
  5
57B
100
AcDbEntity
  8
0
 62
     7
100
AcDb2dPolyline
 66
     1
 10
0.0
 20
0.0
 30
0.0
  0
VERTEX
  5
57C
100
AcDbEntity
  8
0
 62
     7
100
AcDbVertex
100
AcDb2dVertex
 10
5.4179026137628306
 20
45.526877035143521
  0
VERTEX
  5
57D
100
AcDbEntity
  8
0
 62
     7
100
AcDbVertex
100
AcDb2dVertex
 10
5.4179026137628306
 20
38.466264379231063
  0
SEQEND
  5
57E
100
AcDbEntity
  8
0
  0
POLYLINE
  5
57F
100
AcDbEntity
  8
0
  6
2
 62
     6
100
AcDb2dPolyline
 66
     1
 10
0.0
 20
0.0
 30
0.0
  0
VERTEX
  5
580
100
AcDbEntity
  8
0
  6
2
 62
     6
100
AcDbVertex
100
AcDb2dVertex
 10
4.6746802289299403
 20
40.423416659291007
  0
VERTEX
  5
581
100
AcDbEntity
  8
0
  6
2
 62
     6
100
AcDbVertex
100
AcDb2dVertex
 10
0.89663310602941593
 20
40.423416659291007
  0
SEQEND
  5
582
100
AcDbEntity
  8
0
  6
2
  0
POLYLINE
  5
583
100
AcDbEntity
  8
0
 62
     7
100
AcDb2dPolyline
 66
     1
 10
0.0
 20
0.0
 30
0.0
  0
VERTEX
  5
584
100
AcDbEntity
  8
0
 62
     7
100
AcDbVertex
100
AcDb2dVertex
 10
5.4179026137628306
 20
38.466264379231063
  0
VERTEX
  5
585
100
AcDbEntity
  8
0
 62
     7
100
AcDbVertex
100
AcDb2dVertex
 10
4.6746802289299403
 20
38.892378546535255
  0
SEQEND
  5
586
100
AcDbEntity
  8
0
  0
POLYLINE
  5
587
100
AcDbEntity
  8
0
  6
2
 62
     6
100
AcDb2dPolyline
 66
     1
 10
0.0
 20
0.0
 30
0.0
  0
VERTEX
  5
588
100
AcDbEntity
  8
0
  6
2
 62
     6
100
AcDbVertex
100
AcDb2dVertex
 10
4.6746802289299403
 20
43.569724755083577
  0
VERTEX
  5
589
100
AcDbEntity
  8
0
  6
2
 62
     6
100
AcDbVertex
100
AcDb2dVertex
 10
0.89663310602941593
 20
43.569724755083577
  0
SEQEND
  5
58A
100
AcDbEntity
  8
0
  6
2
  0
POLYLINE
  5
58B
100
AcDbEntity
  8
0
 62
     7
100
AcDb2dPolyline
 66
     1
 10
0.0
 20
0.0
 30
0.0
  0
VERTEX
  5
58C
100
AcDbEntity
  8
0
 62
     7
100
AcDbVertex
100
AcDb2dVertex
 10
5.4179026137628306
 20
45.526877035143521
  0
VERTEX
  5
58D
100
AcDbEntity
  8
0
 62
     7
100
AcDbVertex
100
AcDb2dVertex
 10
4.6746802289299403
 20
45.100762867839329
  0
SEQEND
  5
58E
100
AcDbEntity
  8
0
  0
POLYLINE
  5
58F
100
AcDbEntity
  8
0
 62
     2
100
AcDb2dPolyline
 66
     1
 10
0.0
 20
0.0
 30
0.0
 40
0.000000247740786108
 41
0.000000247740786108
  0
VERTEX
  5
590
100
AcDbEntity
  8
0
 62
     2
100
AcDbVertex
100
AcDb2dVertex
 10
9.9923980079575152
 20
33.574941035094191
  0
VERTEX
  5
591
100
AcDbEntity
  8
0
 62
     2
100
AcDbVertex
100
AcDb2dVertex
 10
10.090211430607948
 20
33.584440018438443
  0
VERTEX
  5
592
100
AcDbEntity
  8
0
 62
     2
100
AcDbVertex
100
AcDb2dVertex
 10
10.101016753106787
 20
33.540573272851212
  0
VERTEX
  5
593
100
AcDbEntity
  8
0
 62
     2
100
AcDbVertex
100
AcDb2dVertex
 10
10.116847844384917
 20
33.50554567061706
  0
VERTEX
  5
594
100
AcDbEntity
  8
0
 62
     2
100
AcDbVertex
100
AcDb2dVertex
 10
10.137704653166541
 20
33.479357515192667
  0
VERTEX
  5
595
100
AcDbEntity
  8
0
 62
     2
100
AcDbVertex
100
AcDb2dVertex
 10
10.163273076159935
 20
33.461217191212441
  0
VERTEX
  5
596
100
AcDbEntity
  8
0
 62
     2
100
AcDbVertex
100
AcDb2dVertex
 10
10.193239061234312
 20
33.450332830815888
  0
VERTEX
  5
597
100
AcDbEntity
  8
0
 62
     2
100
AcDbVertex
100
AcDb2dVertex
 10
10.227602538723875
 20
33.446704759946805
  0
VERTEX
  5
598
100
AcDbEntity
  8
0
 62
     2
100
AcDbVertex
100
AcDb2dVertex
 10
10.257599885169586
 20
33.449211533982464
  0
VERTEX
  5
599
100
AcDbEntity
  8
0
 62
     2
100
AcDbVertex
100
AcDb2dVertex
 10
10.285021599115165
 20
33.456731452720383
  0
VERTEX
  5
59A
100
AcDbEntity
  8
0
 62
     2
100
AcDbVertex
100
AcDb2dVertex
 10
10.309867584941433
 20
33.469264845389404
  0
VERTEX
  5
59B
100
AcDbEntity
  8
0
 62
     2
100
AcDbVertex
100
AcDb2dVertex
 10
10.332012209140455
 20
33.485987109569926
  0
VERTEX
  5
59C
100
AcDbEntity
  8
0
 62
     2
100
AcDbVertex
100
AcDb2dVertex
 10
10.351329927905919
 20
33.506073395278953
  0
VERTEX
  5
59D
100
AcDbEntity
  8
0
 62
     2
100
AcDbVertex
100
AcDb2dVertex
 10
10.367820624373049
 20
33.529524020979494
  0
VERTEX
  5
59E
100
AcDbEntity
  8
0
 62
     2
100
AcDbVertex
100
AcDb2dVertex
 10
10.382081117592161
 20
33.557592287727424
  0
VERTEX
  5
59F
100
AcDbEntity
  8
0
 62
     2
100
AcDbVertex
100
AcDb2dVertex
 10
10.394708327697931
 20
33.591531264703754
  0
VERTEX
  5
5A0
100
AcDbEntity
  8
0
 62
     2
100
AcDbVertex
100
AcDb2dVertex
 10
10.405702123318594
 20
33.631341248700679
  0
VERTEX
  5
5A1
100
AcDbEntity
  8
0
 62
     2
100
AcDbVertex
100
AcDb2dVertex
 10
10.414183014850902
 20
33.674350615458827
  0
VERTEX
  5
5A2
100
AcDbEntity
  8
0
 62
     2
100
AcDbVertex
100
AcDb2dVertex
 10
10.419271621109868
 20
33.717887534574949
  0
VERTEX
  5
5A3
100
AcDbEntity
  8
0
 62
     2
100
AcDbVertex
100
AcDb2dVertex
 10
10.420967801998142
 20
33.761952269684123
  0
VERTEX
  5
5A4
100
AcDbEntity
  8
0
 62
     2
100
AcDbVertex
100
AcDb2dVertex
 10
10.420904938193932
 20
33.767493414030639
  0
VERTEX
  5
5A5
100
AcDbEntity
  8
0
 62
     2
100
AcDbVertex
100
AcDb2dVertex
 10
10.42071652051705
 20
33.774617572319663
  0
VERTEX
  5
5A6
100
AcDbEntity
  8
0
 62
     2
100
AcDbVertex
100
AcDb2dVertex
 10
10.420402406491494
 20
33.78332498220869
  0
VERTEX
  5
5A7
100
AcDbEntity
  8
0
 62
     2
100
AcDbVertex
100
AcDb2dVertex
 10
10.397566668492228
 20
33.751430896123168
  0
VERTEX
  5
5A8
100
AcDbEntity
  8
0
 62
     2
100
AcDbVertex
100
AcDb2dVertex
 10
10.369768100716133
 20
33.72382439479226
  0
VERTEX
  5
5A9
100
AcDbEntity
  8
0
 62
     2
100
AcDbVertex
100
AcDb2dVertex
 10
10.337006569260634
 20
33.700505721176
  0
VERTEX
  5
5AA
100
AcDbEntity
  8
0
 62
     2
100
AcDbVertex
100
AcDb2dVertex
 10
10.300789811792509
 20
33.682860116976585
  0
VERTEX
  5
5AB
100
AcDbEntity
  8
0
 62
     2
100
AcDbVertex
100
AcDb2dVertex
 10
10.26262565045295
 20
33.672272621207213
  0
VERTEX
  5
5AC
100
AcDbEntity
  8
0
 62
     2
100
AcDbVertex
100
AcDb2dVertex
 10
10.222513979164024
 20
33.668743495618664
  0
VERTEX
  5
5AD
100
AcDbEntity
  8
0
 62
     2
100
AcDbVertex
100
AcDb2dVertex
 10
10.157430650708189
 20
33.677450976176118
  0
VERTEX
  5
5AE
100
AcDbEntity
  8
0
 62
     2
100
AcDbVertex
100
AcDb2dVertex
 10
10.099383400541409
 20
33.703573093645481
  0
VERTEX
  5
5AF
100
AcDbEntity
  8
0
 62
     2
100
AcDbVertex
100
AcDb2dVertex
 10
10.048372163115854
 20
33.747110108208737
  0
VERTEX
  5
5B0
100
AcDbEntity
  8
0
 62
     2
100
AcDbVertex
100
AcDb2dVertex
 10
10.008794468821218
 20
33.804895661408324
  0
VERTEX
  5
5B1
100
AcDbEntity
  8
0
 62
     2
100
AcDbVertex
100
AcDb2dVertex
 10
9.9850478659579274
 20
33.873763216316014
  0
VERTEX
  5
5B2
100
AcDbEntity
  8
0
 62
     2
100
AcDbVertex
100
AcDb2dVertex
 10
9.9771323292779677
 20
33.953712995946184
  0
VERTEX
  5
5B3
100
AcDbEntity
  8
0
 62
     2
100
AcDbVertex
100
AcDb2dVertex
 10
9.9853933821055385
 20
34.036235465985037
  0
VERTEX
  5
5B4
100
AcDbEntity
  8
0
 62
     2
100
AcDbVertex
100
AcDb2dVertex
 10
10.010176558547958
 20
34.107279892215161
  0
VERTEX
  5
5B5
100
AcDbEntity
  8
0
 62
     2
100
AcDbVertex
100
AcDb2dVertex
 10
10.051481838402427
 20
34.166846434732811
  0
VERTEX
  5
5B6
100
AcDbEntity
  8
0
 62
     2
100
AcDbVertex
100
AcDb2dVertex
 10
10.105225811044303
 20
34.211702779569656
  0
VERTEX
  5
5B7
100
AcDbEntity
  8
0
 62
     2
100
AcDbVertex
100
AcDb2dVertex
 10
10.167325102406298
 20
34.238616528406496
  0
VERTEX
  5
5B8
100
AcDbEntity
  8
0
 62
     2
100
AcDbVertex
100
AcDb2dVertex
 10
10.237779657843571
 20
34.247587793158942
  0
VERTEX
  5
5B9
100
AcDbEntity
  8
0
 62
     2
100
AcDbVertex
100
AcDb2dVertex
 10
10.290141536294836
 20
34.242508504702002
  0
VERTEX
  5
5BA
100
AcDbEntity
  8
0
 62
     2
100
AcDbVertex
100
AcDb2dVertex
 10
10.339425213184047
 20
34.227270517939871
  0
VERTEX
  5
5BB
100
AcDbEntity
  8
0
 62
     2
100
AcDbVertex
100
AcDb2dVertex
 10
10.385630582832523
 20
34.201873935814739
  0
VERTEX
  5
5BC
100
AcDbEntity
  8
0
 62
     2
100
AcDbVertex
100
AcDb2dVertex
 10
10.426715949472051
 20
34.16707734642636
  0
VERTEX
  5
5BD
100
AcDbEntity
  8
0
 62
     2
100
AcDbVertex
100
AcDb2dVertex
 10
10.460639727865892
 20
34.123639245358241
  0
VERTEX
  5
5BE
100
AcDbEntity
  8
0
 62
     2
100
AcDbVertex
100
AcDb2dVertex
 10
10.487401774029504
 20
34.071559758060793
  0
VERTEX
  5
5BF
100
AcDbEntity
  8
0
 62
     2
100
AcDbVertex
100
AcDb2dVertex
 10
10.50671940540693
 20
34.006749031433799
  0
VERTEX
  5
5C0
100
AcDbEntity
  8
0
 62
     2
100
AcDbVertex
100
AcDb2dVertex
 10
10.518310068733509
 20
33.925117085090378
  0
VERTEX
  5
5C1
100
AcDbEntity
  8
0
 62
     2
100
AcDbVertex
100
AcDb2dVertex
 10
10.522173597688475
 20
33.826664093716836
  0
VERTEX
  5
5C2
100
AcDbEntity
  8
0
 62
     2
100
AcDbVertex
100
AcDb2dVertex
 10
10.518341421680578
 20
33.722999909448149
  0
VERTEX
  5
5C3
100
AcDbEntity
  8
0
 62
     2
100
AcDbVertex
100
AcDb2dVertex
 10
10.506845102690473
 20
33.63444159557497
  0
VERTEX
  5
5C4
100
AcDbEntity
  8
0
 62
     2
100
AcDbVertex
100
AcDb2dVertex
 10
10.487684471782831
 20
33.560989403307325
  0
VERTEX
  5
5C5
100
AcDbEntity
  8
0
 62
     2
100
AcDbVertex
100
AcDb2dVertex
 10
10.460953781205045
 20
33.500334526384378
  0
VERTEX
  5
5C6
100
AcDbEntity
  8
0
 62
     2
100
AcDbVertex
100
AcDb2dVertex
 10
10.426747403582898
 20
33.450167915493843
  0
VERTEX
  5
5C7
100
AcDbEntity
  8
0
 62
     2
100
AcDbVertex
100
AcDb2dVertex
 10
10.385065187325875
 20
33.410489885946852
  0
VERTEX
  5
5C8
100
AcDbEntity
  8
0
 62
     2
100
AcDbVertex
100
AcDb2dVertex
 10
10.337037941975982
 20
33.381795142286727
  0
VERTEX
  5
5C9
100
AcDbEntity
  8
0
 62
     2
100
AcDbVertex
100
AcDb2dVertex
 10
10.283796570258321
 20
33.364578118847696
  0
VERTEX
  5
5CA
100
AcDbEntity
  8
0
 62
     2
100
AcDbVertex
100
AcDb2dVertex
 10
10.22534095669727
 20
33.358839164012487
  0
VERTEX
  5
5CB
100
AcDbEntity
  8
0
 62
     2
100
AcDbVertex
100
AcDb2dVertex
 10
10.164466683376535
 20
33.365138942555546
  0
VERTEX
  5
5CC
100
AcDbEntity
  8
0
 62
     2
100
AcDbVertex
100
AcDb2dVertex
 10
10.11150799355968
 20
33.384037844232573
  0
VERTEX
  5
5CD
100
AcDbEntity
  8
0
 62
     2
100
AcDbVertex
100
AcDb2dVertex
 10
10.066464819328647
 20
33.41553622084848
  0
VERTEX
  5
5CE
100
AcDbEntity
  8
0
 62
     2
100
AcDbVertex
100
AcDb2dVertex
 10
10.030844891785403
 20
33.458446658647453
  0
VERTEX
  5
5CF
100
AcDbEntity
  8
0
 62
     2
100
AcDbVertex
100
AcDb2dVertex
 10
10.006155964894074
 20
33.511581488703968
  0
VERTEX
  5
5D0
100
AcDbEntity
  8
0
 62
     2
100
AcDbVertex
100
AcDb2dVertex
 10
9.9923980079575152
 20
33.574941035094191
  0
SEQEND
  5
5D1
100
AcDbEntity
  8
0
  0
POLYLINE
  5
5D2
100
AcDbEntity
  8
0
 62
     2
100
AcDb2dPolyline
 66
     1
 10
0.0
 20
0.0
 30
0.0
 40
0.000000247740786108
 41
0.000000247740786108
  0
VERTEX
  5
5D3
100
AcDbEntity
  8
0
 62
     2
100
AcDbVertex
100
AcDb2dVertex
 10
10.409094496358495
 20
33.959056174077325
  0
VERTEX
  5
5D4
100
AcDbEntity
  8
0
 62
     2
100
AcDbVertex
100
AcDb2dVertex
 10
10.403911662919764
 20
34.016182056892767
  0
VERTEX
  5
5D5
100
AcDbEntity
  8
0
 62
     2
100
AcDbVertex
100
AcDb2dVertex
 10
10.388363331535157
 20
34.064864291170579
  0
VERTEX
  5
5D6
100
AcDbEntity
  8
0
 62
     2
100
AcDbVertex
100
AcDb2dVertex
 10
10.36244936705987
 20
34.105103042995182
  0
VERTEX
  5
5D7
100
AcDbEntity
  8
0
 62
     2
100
AcDbVertex
100
AcDb2dVertex
 10
10.329248049977625
 20
34.135117232154442
  0
VERTEX
  5
5D8
100
AcDbEntity
  8
0
 62
     2
100
AcDbVertex
100
AcDb2dVertex
 10
10.291837751930661
 20
34.153125676977972
  0
VERTEX
  5
5D9
100
AcDbEntity
  8
0
 62
     2
100
AcDbVertex
100
AcDb2dVertex
 10
10.250218358989873
 20
34.159128510765605
  0
VERTEX
  5
5DA
100
AcDbEntity
  8
0
 62
     2
100
AcDbVertex
100
AcDb2dVertex
 10
10.206934165458389
 20
34.152663961409509
  0
VERTEX
  5
5DB
100
AcDbEntity
  8
0
 62
     2
100
AcDbVertex
100
AcDb2dVertex
 10
10.167544971803967
 20
34.133270160539816
  0
VERTEX
  5
5DC
100
AcDbEntity
  8
0
 62
     2
100
AcDbVertex
100
AcDb2dVertex
 10
10.132050698100034
 20
34.100947237782073
  0
VERTEX
  5
5DD
100
AcDbEntity
  8
0
 62
     2
100
AcDbVertex
100
AcDb2dVertex
 10
10.104095014990943
 20
34.058333785517988
  0
VERTEX
  5
5DE
100
AcDbEntity
  8
0
 62
     2
100
AcDbVertex
100
AcDb2dVertex
 10
10.087321632370237
 20
34.008068279654353
  0
VERTEX
  5
5DF
100
AcDbEntity
  8
0
 62
     2
100
AcDbVertex
100
AcDb2dVertex
 10
10.081730498008195
 20
33.950150877192094
  0
VERTEX
  5
5E0
100
AcDbEntity
  8
0
 62
     2
100
AcDbVertex
100
AcDb2dVertex
 10
10.087038920776894
 20
33.898203368072366
  0
VERTEX
  5
5E1
100
AcDbEntity
  8
0
 62
     2
100
AcDbVertex
100
AcDb2dVertex
 10
10.102964243636098
 20
33.85318207809005
  0
VERTEX
  5
5E2
100
AcDbEntity
  8
0
 62
     2
100
AcDbVertex
100
AcDb2dVertex
 10
10.129506418320116
 20
33.815087207766027
  0
VERTEX
  5
5E3
100
AcDbEntity
  8
0
 62
     2
100
AcDbVertex
100
AcDb2dVertex
 10
10.163838472197977
 20
33.786227516595609
  0
VERTEX
  5
5E4
100
AcDbEntity
  8
0
 62
     2
100
AcDbVertex
100
AcDb2dVertex
 10
10.20313348332461
 20
33.768911584477117
  0
VERTEX
  5
5E5
100
AcDbEntity
  8
0
 62
     2
100
AcDbVertex
100
AcDb2dVertex
 10
10.24739138145662
 20
33.763139642602155
  0
VERTEX
  5
5E6
100
AcDbEntity
  8
0
 62
     2
100
AcDbVertex
100
AcDb2dVertex
 10
10.291712078636511
 20
33.768911665239358
  0
VERTEX
  5
5E7
100
AcDbEntity
  8
0
 62
     2
100
AcDbVertex
100
AcDb2dVertex
 10
10.330441705948115
 20
33.786227441939985
  0
VERTEX
  5
5E8
100
AcDbEntity
  8
0
 62
     2
100
AcDbVertex
100
AcDb2dVertex
 10
10.36358015807318
 20
33.815087207766027
  0
VERTEX
  5
5E9
100
AcDbEntity
  8
0
 62
     2
100
AcDbVertex
100
AcDb2dVertex
 10
10.38886586351656
 20
33.854171632022052
  0
VERTEX
  5
5EA
100
AcDbEntity
  8
0
 62
     2
100
AcDbVertex
100
AcDb2dVertex
 10
10.404037353561403
 20
33.902161217515172
  0
VERTEX
  5
5EB
100
AcDbEntity
  8
0
 62
     2
100
AcDbVertex
100
AcDb2dVertex
 10
10.409094496358495
 20
33.959056174077325
  0
SEQEND
  5
5EC
100
AcDbEntity
  8
0
  0
POLYLINE
  5
5ED
100
AcDbEntity
  8
0
 62
     2
100
AcDb2dPolyline
 66
     1
 10
0.0
 20
0.0
 30
0.0
 40
0.000000247740786108
 41
0.000000247740786108
  0
VERTEX
  5
5EE
100
AcDbEntity
  8
0
 62
     2
100
AcDbVertex
100
AcDb2dVertex
 10
11.004455964860842
 20
33.37368132548788
  0
VERTEX
  5
5EF
100
AcDbEntity
  8
0
 62
     2
100
AcDbVertex
100
AcDb2dVertex
 10
10.902684773663861
 20
33.37368132548788
  0
VERTEX
  5
5F0
100
AcDbEntity
  8
0
 62
     2
100
AcDbVertex
100
AcDb2dVertex
 10
10.902684773663861
 20
34.054639693978849
  0
VERTEX
  5
5F1
100
AcDbEntity
  8
0
 62
     2
100
AcDbVertex
100
AcDb2dVertex
 10
10.875639939056423
 20
34.030100699959355
  0
VERTEX
  5
5F2
100
AcDbEntity
  8
0
 62
     2
100
AcDbVertex
100
AcDb2dVertex
 10
10.843506718513485
 20
34.005561605349889
  0
VERTEX
  5
5F3
100
AcDbEntity
  8
0
 62
     2
100
AcDbVertex
100
AcDb2dVertex
 10
10.806284839780051
 20
33.981022573060905
  0
VERTEX
  5
5F4
100
AcDbEntity
  8
0
 62
     2
100
AcDbVertex
100
AcDb2dVertex
 10
10.767869282065757
 20
33.958528505455803
  0
VERTEX
  5
5F5
100
AcDbEntity
  8
0
 62
     2
100
AcDbVertex
100
AcDb2dVertex
 10
10.732155213347358
 20
33.940124164330797
  0
VERTEX
  5
5F6
100
AcDbEntity
  8
0
 62
     2
100
AcDbVertex
100
AcDb2dVertex
 10
10.699142391269898
 20
33.92580973237245
  0
VERTEX
  5
5F7
100
AcDbEntity
  8
0
 62
     2
100
AcDbVertex
100
AcDb2dVertex
 10
10.699142391269898
 20
34.029111176241173
  0
VERTEX
  5
5F8
100
AcDbEntity
  8
0
 62
     2
100
AcDbVertex
100
AcDb2dVertex
 10
10.753671579593824
 20
34.05919133759037
  0
VERTEX
  5
5F9
100
AcDbEntity
  8
0
 62
     2
100
AcDbVertex
100
AcDb2dVertex
 10
10.803426464074068
 20
34.093229310637952
  0
VERTEX
  5
5FA
100
AcDbEntity
  8
0
 62
     2
100
AcDbVertex
100
AcDb2dVertex
 10
10.848406805025473
 20
34.131225247191871
  0
VERTEX
  5
5FB
100
AcDbEntity
  8
0
 62
     2
100
AcDbVertex
100
AcDb2dVertex
 10
10.886853619732381
 20
34.170804382788369
  0
VERTEX
  5
5FC
100
AcDbEntity
  8
0
 62
     2
100
AcDbVertex
100
AcDb2dVertex
 10
10.917008139077904
 20
34.209591858046693
  0
VERTEX
  5
5FD
100
AcDbEntity
  8
0
 62
     2
100
AcDbVertex
100
AcDb2dVertex
 10
10.938870086089448
 20
34.247587793158942
  0
VERTEX
  5
5FE
100
AcDbEntity
  8
0
 62
     2
100
AcDbVertex
100
AcDb2dVertex
 10
11.004455964860842
 20
34.247587793158942
  0
VERTEX
  5
5FF
100
AcDbEntity
  8
0
 62
     2
100
AcDbVertex
100
AcDb2dVertex
 10
11.004455964860842
 20
33.37368132548788
  0
SEQEND
  5
600
100
AcDbEntity
  8
0
  0
POLYLINE
  5
601
100
AcDbEntity
  8
0
 62
     2
100
AcDb2dPolyline
 66
     1
 10
0.0
 20
0.0
 30
0.0
 40
0.000000247740786108
 41
0.000000247740786108
  0
VERTEX
  5
602
100
AcDbEntity
  8
0
 62
     2
100
AcDbVertex
100
AcDb2dVertex
 10
11.265103293426453
 20
33.802916635356205
  0
VERTEX
  5
603
100
AcDbEntity
  8
0
 62
     2
100
AcDbVertex
100
AcDb2dVertex
 10
11.2684641414662
 20
33.899126889075191
  0
VERTEX
  5
604
100
AcDbEntity
  8
0
 62
     2
100
AcDbVertex
100
AcDb2dVertex
 10
11.278547157888728
 20
33.981946083512021
  0
VERTEX
  5
605
100
AcDbEntity
  8
0
 62
     2
100
AcDbVertex
100
AcDb2dVertex
 10
11.29535195303222
 20
34.051374418454266
  0
VERTEX
  5
606
100
AcDbEntity
  8
0
 62
     2
100
AcDbVertex
100
AcDb2dVertex
 10
11.318784338532193
 20
34.109324857843987
  0
VERTEX
  5
607
100
AcDbEntity
  8
0
 62
     2
100
AcDbVertex
100
AcDb2dVertex
 10
11.348750435339735
 20
34.157710257815573
  0
VERTEX
  5
608
100
AcDbEntity
  8
0
 62
     2
100
AcDbVertex
100
AcDb2dVertex
 10
11.385249838589555
 20
34.196530757683597
  0
VERTEX
  5
609
100
AcDbEntity
  8
0
 62
     2
100
AcDbVertex
100
AcDb2dVertex
 10
11.42843964785575
 20
34.224895810026311
  0
VERTEX
  5
60A
100
AcDbEntity
  8
0
 62
     2
100
AcDbVertex
100
AcDb2dVertex
 10
11.478477295981005
 20
34.241914786118961
  0
VERTEX
  5
60B
100
AcDbEntity
  8
0
 62
     2
100
AcDbVertex
100
AcDb2dVertex
 10
11.535362345605105
 20
34.247587793158942
  0
VERTEX
  5
60C
100
AcDbEntity
  8
0
 62
     2
100
AcDbVertex
100
AcDb2dVertex
 10
11.578018157049033
 20
34.244454477071322
  0
VERTEX
  5
60D
100
AcDbEntity
  8
0
 62
     2
100
AcDbVertex
100
AcDb2dVertex
 10
11.617030606470973
 20
34.23505440764913
  0
VERTEX
  5
60E
100
AcDbEntity
  8
0
 62
     2
100
AcDbVertex
100
AcDb2dVertex
 10
11.652399215481633
 20
34.219387686355695
  0
VERTEX
  5
60F
100
AcDbEntity
  8
0
 62
     2
100
AcDbVertex
100
AcDb2dVertex
 10
11.683998393902311
 20
34.19781711029075
  0
VERTEX
  5
610
100
AcDbEntity
  8
0
 62
     2
100
AcDbVertex
100
AcDb2dVertex
 10
11.711702943286635
 20
34.170705390186299
  0
VERTEX
  5
611
100
AcDbEntity
  8
0
 62
     2
100
AcDbVertex
100
AcDb2dVertex
 10
11.735512354959173
 20
34.138052641470551
  0
VERTEX
  5
612
100
AcDbEntity
  8
0
 62
     2
100
AcDbVertex
100
AcDb2dVertex
 10
11.755803616405398
 20
34.100056747363844
  0
VERTEX
  5
613
100
AcDbEntity
  8
0
 62
     2
100
AcDbVertex
100
AcDb2dVertex
 10
11.772954123197426
 20
34.056915483271652
  0
VERTEX
  5
614
100
AcDbEntity
  8
0
 62
     2
100
AcDbVertex
100
AcDb2dVertex
 10
11.786963346064308
 20
34.008628993405139
  0
VERTEX
  5
615
100
AcDbEntity
  8
0
 62
     2
100
AcDbVertex
100
AcDb2dVertex
 10
11.797328771061732
 20
33.951866021932027
  0
VERTEX
  5
616
100
AcDbEntity
  8
0
 62
     2
100
AcDbVertex
100
AcDb2dVertex
 10
11.803548301886313
 20
33.88329517284032
  0
VERTEX
  5
617
100
AcDbEntity
  8
0
 62
     2
100
AcDbVertex
100
AcDb2dVertex
 10
11.805621397783757
 20
33.802916635356205
  0
VERTEX
  5
618
100
AcDbEntity
  8
0
 62
     2
100
AcDbVertex
100
AcDb2dVertex
 10
11.802291685791143
 20
33.707366167818684
  0
VERTEX
  5
619
100
AcDbEntity
  8
0
 62
     2
100
AcDbVertex
100
AcDb2dVertex
 10
11.792303212236863
 20
33.624942612457453
  0
VERTEX
  5
61A
100
AcDbEntity
  8
0
 62
     2
100
AcDbVertex
100
AcDb2dVertex
 10
11.775655435931309
 20
33.555646225176183
  0
VERTEX
  5
61B
100
AcDbEntity
  8
0
 62
     2
100
AcDbVertex
100
AcDb2dVertex
 10
11.752379829893339
 20
33.497662937685618
  0
VERTEX
  5
61C
100
AcDbEntity
  8
0
 62
     2
100
AcDbVertex
100
AcDb2dVertex
 10
11.722508275985721
 20
33.449178438128335
  0
VERTEX
  5
61D
100
AcDbEntity
  8
0
 62
     2
100
AcDbVertex
100
AcDb2dVertex
 10
11.686040248127302
 20
33.410193042717339
  0
VERTEX
  5
61E
100
AcDbEntity
  8
0
 62
     2
100
AcDbVertex
100
AcDb2dVertex
 10
11.642787342271223
 20
33.381663211982165
  0
VERTEX
  5
61F
100
AcDbEntity
  8
0
 62
     2
100
AcDbVertex
100
AcDb2dVertex
 10
11.592561539291619
 20
33.364545136270571
  0
VERTEX
  5
620
100
AcDbEntity
  8
0
 62
     2
100
AcDbVertex
100
AcDb2dVertex
 10
11.535362345605105
 20
33.358839164012487
  0
VERTEX
  5
621
100
AcDbEntity
  8
0
 62
     2
100
AcDbVertex
100
AcDb2dVertex
 10
11.461169755355687
 20
33.368865974381535
  0
VERTEX
  5
622
100
AcDbEntity
  8
0
 62
     2
100
AcDbVertex
100
AcDb2dVertex
 10
11.398411002103852
 20
33.398945971980815
  0
VERTEX
  5
623
100
AcDbEntity
  8
0
 62
     2
100
AcDbVertex
100
AcDb2dVertex
 10
11.347085641890683
 20
33.449079505782869
  0
VERTEX
  5
624
100
AcDbEntity
  8
0
 62
     2
100
AcDbVertex
100
AcDb2dVertex
 10
11.3015397730255
 20
33.536681337748178
  0
VERTEX
  5
625
100
AcDbEntity
  8
0
 62
     2
100
AcDbVertex
100
AcDb2dVertex
 10
11.274212456916867
 20
33.654626949095594
  0
VERTEX
  5
626
100
AcDbEntity
  8
0
 62
     2
100
AcDbVertex
100
AcDb2dVertex
 10
11.265103293426453
 20
33.802916635356205
  0
SEQEND
  5
627
100
AcDbEntity
  8
0
  0
POLYLINE
  5
628
100
AcDbEntity
  8
0
 62
     2
100
AcDb2dPolyline
 66
     1
 10
0.0
 20
0.0
 30
0.0
 40
0.000000247740786108
 41
0.000000247740786108
  0
VERTEX
  5
629
100
AcDbEntity
  8
0
 62
     2
100
AcDbVertex
100
AcDb2dVertex
 10
11.36970146215668
 20
33.802916635356205
  0
VERTEX
  5
62A
100
AcDbEntity
  8
0
 62
     2
100
AcDbVertex
100
AcDb2dVertex
 10
11.375009774747564
 20
33.675966751949154
  0
VERTEX
  5
62B
100
AcDbEntity
  8
0
 62
     2
100
AcDbVertex
100
AcDb2dVertex
 10
11.390935222001072
 20
33.580877883447855
  0
VERTEX
  5
62C
100
AcDbEntity
  8
0
 62
     2
100
AcDbVertex
100
AcDb2dVertex
 10
11.417477382468601
 20
33.517650291799178
  0
VERTEX
  5
62D
100
AcDbEntity
  8
0
 62
     2
100
AcDbVertex
100
AcDb2dVertex
 10
11.451809326168661
 20
33.478236200501527
  0
VERTEX
  5
62E
100
AcDbEntity
  8
0
 62
     2
100
AcDbVertex
100
AcDb2dVertex
 10
11.491104461689584
 20
33.454587583264967
  0
VERTEX
  5
62F
100
AcDbEntity
  8
0
 62
     2
100
AcDbVertex
100
AcDb2dVertex
 10
11.535362345605105
 20
33.446704759946805
  0
VERTEX
  5
630
100
AcDbEntity
  8
0
 62
     2
100
AcDbVertex
100
AcDb2dVertex
 10
11.579620110906379
 20
33.454620677517525
  0
VERTEX
  5
631
100
AcDbEntity
  8
0
 62
     2
100
AcDbVertex
100
AcDb2dVertex
 10
11.618915258157937
 20
33.478368027505454
  0
VERTEX
  5
632
100
AcDbEntity
  8
0
 62
     2
100
AcDbVertex
100
AcDb2dVertex
 10
11.653247308741609
 20
33.517947135028685
  0
VERTEX
  5
633
100
AcDbEntity
  8
0
 62
     2
100
AcDbVertex
100
AcDb2dVertex
 10
11.679789338277626
 20
33.581273782011458
  0
VERTEX
  5
634
100
AcDbEntity
  8
0
 62
     2
100
AcDbVertex
100
AcDb2dVertex
 10
11.695714813654721
 20
33.676263521078575
  0
VERTEX
  5
635
100
AcDbEntity
  8
0
 62
     2
100
AcDbVertex
100
AcDb2dVertex
 10
11.701023229053529
 20
33.802916635356205
  0
VERTEX
  5
636
100
AcDbEntity
  8
0
 62
     2
100
AcDbVertex
100
AcDb2dVertex
 10
11.695714641646884
 20
33.93016349656309
  0
VERTEX
  5
637
100
AcDbEntity
  8
0
 62
     2
100
AcDbVertex
100
AcDb2dVertex
 10
11.679789504669227
 20
34.025351160876241
  0
VERTEX
  5
638
100
AcDbEntity
  8
0
 62
     2
100
AcDbVertex
100
AcDb2dVertex
 10
11.653247308741609
 20
34.088479822142745
  0
VERTEX
  5
639
100
AcDbEntity
  8
0
 62
     2
100
AcDbVertex
100
AcDb2dVertex
 10
11.618789446774255
 20
34.127729135098718
  0
VERTEX
  5
63A
100
AcDbEntity
  8
0
 62
     2
100
AcDbVertex
100
AcDb2dVertex
 10
11.579117691159585
 20
34.151278652658995
  0
VERTEX
  5
63B
100
AcDbEntity
  8
0
 62
     2
100
AcDbVertex
100
AcDb2dVertex
 10
11.534231554591802
 20
34.159128510765605
  0
VERTEX
  5
63C
100
AcDbEntity
  8
0
 62
     2
100
AcDbVertex
100
AcDb2dVertex
 10
11.490633142692086
 20
34.152202205254078
  0
VERTEX
  5
63D
100
AcDbEntity
  8
0
 62
     2
100
AcDbVertex
100
AcDb2dVertex
 10
11.453317190047532
 20
34.131423135863038
  0
VERTEX
  5
63E
100
AcDbEntity
  8
0
 62
     2
100
AcDbVertex
100
AcDb2dVertex
 10
11.422283244275125
 20
34.096791432568963
  0
VERTEX
  5
63F
100
AcDbEntity
  8
0
 62
     2
100
AcDbVertex
100
AcDb2dVertex
 10
11.393071016379228
 20
34.028781393055255
  0
VERTEX
  5
640
100
AcDbEntity
  8
0
 62
     2
100
AcDbVertex
100
AcDb2dVertex
 10
11.375543897597094
 20
33.930823070225202
  0
VERTEX
  5
641
100
AcDbEntity
  8
0
 62
     2
100
AcDbVertex
100
AcDb2dVertex
 10
11.36970146215668
 20
33.802916635356205
  0
SEQEND
  5
642
100
AcDbEntity
  8
0
  0
POLYLINE
  5
643
100
AcDbEntity
  8
0
 62
     2
100
AcDb2dPolyline
 66
     1
 10
0.0
 20
0.0
 30
0.0
 40
0.000000247740786108
 41
0.000000247740786108
  0
VERTEX
  5
644
100
AcDbEntity
  8
0
 62
     2
100
AcDbVertex
100
AcDb2dVertex
 10
12.437168178711705
 20
34.030892235618225
  0
VERTEX
  5
645
100
AcDbEntity
  8
0
 62
     2
100
AcDbVertex
100
AcDb2dVertex
 10
12.335962383021364
 20
34.022580625192006
  0
VERTEX
  5
646
100
AcDbEntity
  8
0
 62
     2
100
AcDbVertex
100
AcDb2dVertex
 10
12.32565941470013
 20
34.060708536319943
  0
VERTEX
  5
647
100
AcDbEntity
  8
0
 62
     2
100
AcDbVertex
100
AcDb2dVertex
 10
12.312844014385373
 20
34.091184390003015
  0
VERTEX
  5
648
100
AcDbEntity
  8
0
 62
     2
100
AcDbVertex
100
AcDb2dVertex
 10
12.297515488569172
 20
34.114008339880414
  0
VERTEX
  5
649
100
AcDbEntity
  8
0
 62
     2
100
AcDbVertex
100
AcDb2dVertex
 10
12.267863433223024
 20
34.139404967090535
  0
VERTEX
  5
64A
100
AcDbEntity
  8
0
 62
     2
100
AcDbVertex
100
AcDb2dVertex
 10
12.233939928069592
 20
34.154642875603024
  0
VERTEX
  5
64B
100
AcDbEntity
  8
0
 62
     2
100
AcDbVertex
100
AcDb2dVertex
 10
12.19574429737219
 20
34.159722197224625
  0
VERTEX
  5
64C
100
AcDbEntity
  8
0
 62
     2
100
AcDbVertex
100
AcDb2dVertex
 10
12.164647351363751
 20
34.156555906070821
  0
VERTEX
  5
64D
100
AcDbEntity
  8
0
 62
     2
100
AcDbVertex
100
AcDb2dVertex
 10
12.136189326626639
 20
34.147056880410908
  0
VERTEX
  5
64E
100
AcDbEntity
  8
0
 62
     2
100
AcDbVertex
100
AcDb2dVertex
 10
12.110369575868059
 20
34.131225247191871
  0
VERTEX
  5
64F
100
AcDbEntity
  8
0
 62
     2
100
AcDbVertex
100
AcDb2dVertex
 10
12.080591893379076
 20
34.102926232212447
  0
VERTEX
  5
650
100
AcDbEntity
  8
0
 62
     2
100
AcDbVertex
100
AcDb2dVertex
 10
12.055337768546625
 20
34.067107101325952
  0
VERTEX
  5
651
100
AcDbEntity
  8
0
 62
     2
100
AcDbVertex
100
AcDb2dVertex
 10
12.03460657797697
 20
34.023767998110038
  0
VERTEX
  5
652
100
AcDbEntity
  8
0
 62
     2
100
AcDbVertex
100
AcDb2dVertex
 10
12.019089432820035
 20
33.97000644010317
  0
VERTEX
  5
653
100
AcDbEntity
  8
0
 62
     2
100
AcDbVertex
100
AcDb2dVertex
 10
12.009477911322985
 20
33.90291980883363
  0
VERTEX
  5
654
100
AcDbEntity
  8
0
 62
     2
100
AcDbVertex
100
AcDb2dVertex
 10
12.005771407137825
 20
33.822508288503727
  0
VERTEX
  5
655
100
AcDbEntity
  8
0
 62
     2
100
AcDbVertex
100
AcDb2dVertex
 10
12.032093530964215
 20
33.858327436152926
  0
VERTEX
  5
656
100
AcDbEntity
  8
0
 62
     2
100
AcDbVertex
100
AcDb2dVertex
 10
12.062059696485672
 20
33.887418001927124
  0
VERTEX
  5
657
100
AcDbEntity
  8
0
 62
     2
100
AcDbVertex
100
AcDb2dVertex
 10
12.09566929269516
 20
33.909780197979025
  0
VERTEX
  5
658
100
AcDbEntity
  8
0
 62
     2
100
AcDbVertex
100
AcDb2dVertex
 10
12.13166595387592
 20
33.925611894485783
  0
VERTEX
  5
659
100
AcDbEntity
  8
0
 62
     2
100
AcDbVertex
100
AcDb2dVertex
 10
12.168793805355524
 20
33.935110813419122
  0
VERTEX
  5
65A
100
AcDbEntity
  8
0
 62
     2
100
AcDbVertex
100
AcDb2dVertex
 10
12.207052207505189
 20
33.938277148011778
  0
VERTEX
  5
65B
100
AcDbEntity
  8
0
 62
     2
100
AcDbVertex
100
AcDb2dVertex
 10
12.27153850964746
 20
33.929536819353494
  0
VERTEX
  5
65C
100
AcDbEntity
  8
0
 62
     2
100
AcDbVertex
100
AcDb2dVertex
 10
12.329303310371298
 20
33.903315602298434
  0
VERTEX
  5
65D
100
AcDbEntity
  8
0
 62
     2
100
AcDbVertex
100
AcDb2dVertex
 10
12.380345930293384
 20
33.859613692192205
  0
VERTEX
  5
65E
100
AcDbEntity
  8
0
 62
     2
100
AcDbVertex
100
AcDb2dVertex
 10
12.420080458993827
 20
33.80205915159052
  0
VERTEX
  5
65F
100
AcDbEntity
  8
0
 62
     2
100
AcDbVertex
100
AcDb2dVertex
 10
12.443921542723711
 20
33.734279870082176
  0
VERTEX
  5
660
100
AcDbEntity
  8
0
 62
     2
100
AcDbVertex
100
AcDb2dVertex
 10
12.451868461884597
 20
33.656276079979335
  0
VERTEX
  5
661
100
AcDbEntity
  8
0
 62
     2
100
AcDbVertex
100
AcDb2dVertex
 10
12.448130353392113
 20
33.60294332748002
  0
VERTEX
  5
662
100
AcDbEntity
  8
0
 62
     2
100
AcDbVertex
100
AcDb2dVertex
 10
12.436916918552225
 20
33.552183039544751
  0
VERTEX
  5
663
100
AcDbEntity
  8
0
 62
     2
100
AcDbVertex
100
AcDb2dVertex
 10
12.418227429238929
 20
33.503995503241818
  0
VERTEX
  5
664
100
AcDbEntity
  8
0
 62
     2
100
AcDbVertex
100
AcDb2dVertex
 10
12.393004294896375
 20
33.460755433512453
  0
VERTEX
  5
665
100
AcDbEntity
  8
0
 62
     2
100
AcDbVertex
100
AcDb2dVertex
 10
12.362190477068605
 20
33.424837293777237
  0
VERTEX
  5
666
100
AcDbEntity
  8
0
 62
     2
100
AcDbVertex
100
AcDb2dVertex
 10
12.325785263901668
 20
33.396241410930472
  0
VERTEX
  5
667
100
AcDbEntity
  8
0
 62
     2
100
AcDbVertex
100
AcDb2dVertex
 10
12.284825296272576
 20
33.375462487667534
  0
VERTEX
  5
668
100
AcDbEntity
  8
0
 62
     2
100
AcDbVertex
100
AcDb2dVertex
 10
12.240347743229986
 20
33.362994955145709
  0
VERTEX
  5
669
100
AcDbEntity
  8
0
 62
     2
100
AcDbVertex
100
AcDb2dVertex
 10
12.192351924332289
 20
33.358839164012487
  0
VERTEX
  5
66A
100
AcDbEntity
  8
0
 62
     2
100
AcDbVertex
100
AcDb2dVertex
 10
12.112756609789901
 20
33.369756504109858
  0
VERTEX
  5
66B
100
AcDbEntity
  8
0
 62
     2
100
AcDbVertex
100
AcDb2dVertex
 10
12.043590103594479
 20
33.402508091000307
  0
VERTEX
  5
66C
100
AcDbEntity
  8
0
 62
     2
100
AcDbVertex
100
AcDb2dVertex
 10
11.984851773391778
 20
33.457094272979582
  0
VERTEX
  5
66D
100
AcDbEntity
  8
0
 62
     2
100
AcDbVertex
100
AcDb2dVertex
 10
11.940248175781367
 20
33.536747302328045
  0
VERTEX
  5
66E
100
AcDbEntity
  8
0
 62
     2
100
AcDbVertex
100
AcDb2dVertex
 10
11.913486316849816
 20
33.64469919138503
  0
VERTEX
  5
66F
100
AcDbEntity
  8
0
 62
     2
100
AcDbVertex
100
AcDb2dVertex
 10
11.904565611447492
 20
33.780950236372625
  0
VERTEX
  5
670
100
AcDbEntity
  8
0
 62
     2
100
AcDbVertex
100
AcDb2dVertex
 10
11.914428453402412
 20
33.933857547016238
  0
VERTEX
  5
671
100
AcDbEntity
  8
0
 62
     2
100
AcDbVertex
100
AcDb2dVertex
 10
11.94401767821174
 20
34.056156893703509
  0
VERTEX
  5
672
100
AcDbEntity
  8
0
 62
     2
100
AcDbVertex
100
AcDb2dVertex
 10
11.993332705991524
 20
34.147848468044309
  0
VERTEX
  5
673
100
AcDbEntity
  8
0
 62
     2
100
AcDbVertex
100
AcDb2dVertex
 10
12.050940048517813
 20
34.203259240077394
  0
VERTEX
  5
674
100
AcDbEntity
  8
0
 62
     2
100
AcDbVertex
100
AcDb2dVertex
 10
12.120483902274419
 20
34.236505643470515
  0
VERTEX
  5
675
100
AcDbEntity
  8
0
 62
     2
100
AcDbVertex
100
AcDb2dVertex
 10
12.201963647945337
 20
34.247587793158942
  0
VERTEX
  5
676
100
AcDbEntity
  8
0
 62
     2
100
AcDbVertex
100
AcDb2dVertex
 10
12.263246042683409
 20
34.241189201400772
  0
VERTEX
  5
677
100
AcDbEntity
  8
0
 62
     2
100
AcDbVertex
100
AcDb2dVertex
 10
12.316676143604287
 20
34.221993304577666
  0
VERTEX
  5
678
100
AcDbEntity
  8
0
 62
     2
100
AcDbVertex
100
AcDb2dVertex
 10
12.36225327408059
 20
34.190000206634423
  0
VERTEX
  5
679
100
AcDbEntity
  8
0
 62
     2
100
AcDbVertex
100
AcDb2dVertex
 10
12.39834414463353
 20
34.146727095075583
  0
VERTEX
  5
67A
100
AcDbEntity
  8
0
 62
     2
100
AcDbVertex
100
AcDb2dVertex
 10
12.423316017584984
 20
34.093691060779321
  0
VERTEX
  5
67B
100
AcDbEntity
  8
0
 62
     2
100
AcDbVertex
100
AcDb2dVertex
 10
12.437168178711705
 20
34.030892235618225
  0
SEQEND
  5
67C
100
AcDbEntity
  8
0
  0
POLYLINE
  5
67D
100
AcDbEntity
  8
0
 62
     2
100
AcDb2dPolyline
 66
     1
 10
0.0
 20
0.0
 30
0.0
 40
0.000000247740786108
 41
0.000000247740786108
  0
VERTEX
  5
67E
100
AcDbEntity
  8
0
 62
     2
100
AcDbVertex
100
AcDb2dVertex
 10
12.02160248132402
 20
33.655682393520323
  0
VERTEX
  5
67F
100
AcDbEntity
  8
0
 62
     2
100
AcDbVertex
100
AcDb2dVertex
 10
12.024083760489258
 20
33.619401635060704
  0
VERTEX
  5
680
100
AcDbEntity
  8
0
 62
     2
100
AcDbVertex
100
AcDb2dVertex
 10
12.031528337388519
 20
33.584176144470263
  0
VERTEX
  5
681
100
AcDbEntity
  8
0
 62
     2
100
AcDbVertex
100
AcDb2dVertex
 10
12.04393560383669
 20
33.550006203815535
  0
VERTEX
  5
682
100
AcDbEntity
  8
0
 62
     2
100
AcDbVertex
100
AcDb2dVertex
 10
12.060803055306632
 20
33.519035649973617
  0
VERTEX
  5
683
100
AcDbEntity
  8
0
 62
     2
100
AcDbVertex
100
AcDb2dVertex
 10
12.081628662828589
 20
33.493408081148068
  0
VERTEX
  5
684
100
AcDbEntity
  8
0
 62
     2
100
AcDbVertex
100
AcDb2dVertex
 10
12.106411807321503
 20
33.473123807373
  0
VERTEX
  5
685
100
AcDbEntity
  8
0
 62
     2
100
AcDbVertex
100
AcDb2dVertex
 10
12.13361342654974
 20
33.458446654816541
  0
VERTEX
  5
686
100
AcDbEntity
  8
0
 62
     2
100
AcDbVertex
100
AcDb2dVertex
 10
12.161694949995653
 20
33.449640196696272
  0
VERTEX
  5
687
100
AcDbEntity
  8
0
 62
     2
100
AcDbVertex
100
AcDb2dVertex
 10
12.190655737812346
 20
33.446704759946805
  0
VERTEX
  5
688
100
AcDbEntity
  8
0
 62
     2
100
AcDbVertex
100
AcDb2dVertex
 10
12.231615306704132
 20
33.452773652895793
  0
VERTEX
  5
689
100
AcDbEntity
  8
0
 62
     2
100
AcDbVertex
100
AcDb2dVertex
 10
12.268554702347632
 20
33.470979928798357
  0
VERTEX
  5
68A
100
AcDbEntity
  8
0
 62
     2
100
AcDbVertex
100
AcDb2dVertex
 10
12.30147325711572
 20
33.501323914176247
  0
VERTEX
  5
68B
100
AcDbEntity
  8
0
 62
     2
100
AcDbVertex
100
AcDb2dVertex
 10
12.327229959690381
 20
33.542090476863862
  0
VERTEX
  5
68C
100
AcDbEntity
  8
0
 62
     2
100
AcDbVertex
100
AcDb2dVertex
 10
12.342684334690336
 20
33.591564248367369
  0
VERTEX
  5
68D
100
AcDbEntity
  8
0
 62
     2
100
AcDbVertex
100
AcDb2dVertex
 10
12.347835688661011
 20
33.649745528930161
  0
VERTEX
  5
68E
100
AcDbEntity
  8
0
 62
     2
100
AcDbVertex
100
AcDb2dVertex
 10
12.34274692196384
 20
33.705651082730178
  0
VERTEX
  5
68F
100
AcDbEntity
  8
0
 62
     2
100
AcDbVertex
100
AcDb2dVertex
 10
12.327481475603154
 20
33.753046966336925
  0
VERTEX
  5
690
100
AcDbEntity
  8
0
 62
     2
100
AcDbVertex
100
AcDb2dVertex
 10
12.302038652622375
 20
33.791933435864415
  0
VERTEX
  5
691
100
AcDbEntity
  8
0
 62
     2
100
AcDbVertex
100
AcDb2dVertex
 10
12.268868580445915
 20
33.820793261516535
  0
VERTEX
  5
692
100
AcDbEntity
  8
0
 62
     2
100
AcDbVertex
100
AcDb2dVertex
 10
12.230421911224308
 20
33.838109041800855
  0
VERTEX
  5
693
100
AcDbEntity
  8
0
 62
     2
100
AcDbVertex
100
AcDb2dVertex
 10
12.18669796926579
 20
33.843881001028286
  0
VERTEX
  5
694
100
AcDbEntity
  8
0
 62
     2
100
AcDbVertex
100
AcDb2dVertex
 10
12.143036679775992
 20
33.838109112872772
  0
VERTEX
  5
695
100
AcDbEntity
  8
0
 62
     2
100
AcDbVertex
100
AcDb2dVertex
 10
12.10402460350198
 20
33.820793184337987
  0
VERTEX
  5
696
100
AcDbEntity
  8
0
 62
     2
100
AcDbVertex
100
AcDb2dVertex
 10
12.069661099389261
 20
33.791933435864415
  0
VERTEX
  5
697
100
AcDbEntity
  8
0
 62
     2
100
AcDbVertex
100
AcDb2dVertex
 10
12.042961684945343
 20
33.753706693235884
  0
VERTEX
  5
698
100
AcDbEntity
  8
0
 62
     2
100
AcDbVertex
100
AcDb2dVertex
 10
12.026942350236272
 20
33.708289597448235
  0
VERTEX
  5
699
100
AcDbEntity
  8
0
 62
     2
100
AcDbVertex
100
AcDb2dVertex
 10
12.02160248132402
 20
33.655682393520323
  0
SEQEND
  5
69A
100
AcDbEntity
  8
0
  0
POLYLINE
  5
69B
100
AcDbEntity
  8
0
 62
     2
100
AcDb2dPolyline
 66
     1
 10
0.0
 20
0.0
 30
0.0
 40
0.000000247740786108
 41
0.000000247740786108
  0
VERTEX
  5
69C
100
AcDbEntity
  8
0
 62
     2
100
AcDbVertex
100
AcDb2dVertex
 10
12.553074257574931
 20
33.601656925749893
  0
VERTEX
  5
69D
100
AcDbEntity
  8
0
 62
     2
100
AcDbVertex
100
AcDb2dVertex
 10
12.659934008331764
 20
33.611155909094144
  0
VERTEX
  5
69E
100
AcDbEntity
  8
0
 62
     2
100
AcDbVertex
100
AcDb2dVertex
 10
12.671335917426799
 20
33.561055453542608
  0
VERTEX
  5
69F
100
AcDbEntity
  8
0
 62
     2
100
AcDbVertex
100
AcDb2dVertex
 10
12.689711536878857
 20
33.519992040898941
  0
VERTEX
  5
6A0
100
AcDbEntity
  8
0
 62
     2
100
AcDbVertex
100
AcDb2dVertex
 10
12.715060070230127
 20
33.487965968848393
  0
VERTEX
  5
6A1
100
AcDbEntity
  8
0
 62
     2
100
AcDbVertex
100
AcDb2dVertex
 10
12.74587388648678
 20
33.465043170044872
  0
VERTEX
  5
6A2
100
AcDbEntity
  8
0
 62
     2
100
AcDbVertex
100
AcDb2dVertex
 10
12.780645982825281
 20
33.451289325552501
  0
VERTEX
  5
6A3
100
AcDbEntity
  8
0
 62
     2
100
AcDbVertex
100
AcDb2dVertex
 10
12.819375541207034
 20
33.446704759946805
  0
VERTEX
  5
6A4
100
AcDbEntity
  8
0
 62
     2
100
AcDbVertex
100
AcDb2dVertex
 10
12.865863367784112
 20
33.453169443886168
  0
VERTEX
  5
6A5
100
AcDbEntity
  8
0
 62
     2
100
AcDbVertex
100
AcDb2dVertex
 10
12.907325988725301
 20
33.472563092807022
  0
VERTEX
  5
6A6
100
AcDbEntity
  8
0
 62
     2
100
AcDbVertex
100
AcDb2dVertex
 10
12.943762552670012
 20
33.504886032930344
  0
VERTEX
  5
6A7
100
AcDbEntity
  8
0
 62
     2
100
AcDbVertex
100
AcDb2dVertex
 10
12.972032069131945
 20
33.547895410768064
  0
VERTEX
  5
6A8
100
AcDbEntity
  8
0
 62
     2
100
AcDbVertex
100
AcDb2dVertex
 10
12.988994227713508
 20
33.599348137701142
  0
VERTEX
  5
6A9
100
AcDbEntity
  8
0
 62
     2
100
AcDbVertex
100
AcDb2dVertex
 10
12.994648148268507
 20
33.659244512274412
  0
VERTEX
  5
6AA
100
AcDbEntity
  8
0
 62
     2
100
AcDbVertex
100
AcDb2dVertex
 10
12.989213806748861
 20
33.715908664607632
  0
VERTEX
  5
6AB
100
AcDbEntity
  8
0
 62
     2
100
AcDbVertex
100
AcDb2dVertex
 10
12.972911864341977
 20
33.763997183410829
  0
VERTEX
  5
6AC
100
AcDbEntity
  8
0
 62
     2
100
AcDbVertex
100
AcDb2dVertex
 10
12.945741436943283
 20
33.803510321815224
  0
VERTEX
  5
6AD
100
AcDbEntity
  8
0
 62
     2
100
AcDbVertex
100
AcDb2dVertex
 10
12.909775743042669
 20
33.832864885175645
  0
VERTEX
  5
6AE
100
AcDbEntity
  8
0
 62
     2
100
AcDbVertex
100
AcDb2dVertex
 10
12.867088669284907
 20
33.850477509846421
  0
VERTEX
  5
6AF
100
AcDbEntity
  8
0
 62
     2
100
AcDbVertex
100
AcDb2dVertex
 10
12.81767935468709
 20
33.856348416667615
  0
VERTEX
  5
6B0
100
AcDbEntity
  8
0
 62
     2
100
AcDbVertex
100
AcDb2dVertex
 10
12.785954138243287
 20
33.853742855368552
  0
VERTEX
  5
6B1
100
AcDbEntity
  8
0
 62
     2
100
AcDbVertex
100
AcDb2dVertex
 10
12.756365382456135
 20
33.845925912184235
  0
VERTEX
  5
6B2
100
AcDbEntity
  8
0
 62
     2
100
AcDbVertex
100
AcDb2dVertex
 10
12.728912260143051
 20
33.832897801536497
  0
VERTEX
  5
6B3
100
AcDbEntity
  8
0
 62
     2
100
AcDbVertex
100
AcDb2dVertex
 10
12.704411549331827
 20
33.815713941800233
  0
VERTEX
  5
6B4
100
AcDbEntity
  8
0
 62
     2
100
AcDbVertex
100
AcDb2dVertex
 10
12.68368064880541
 20
33.795429579296552
  0
VERTEX
  5
6B5
100
AcDbEntity
  8
0
 62
     2
100
AcDbVertex
100
AcDb2dVertex
 10
12.666718754411558
 20
33.772044939487394
  0
VERTEX
  5
6B6
100
AcDbEntity
  8
0
 62
     2
100
AcDbVertex
100
AcDb2dVertex
 10
12.571166913787732
 20
33.785106041585735
  0
VERTEX
  5
6B7
100
AcDbEntity
  8
0
 62
     2
100
AcDbVertex
100
AcDb2dVertex
 10
12.651453075732018
 20
34.232151945224537
  0
VERTEX
  5
6B8
100
AcDbEntity
  8
0
 62
     2
100
AcDbVertex
100
AcDb2dVertex
 10
13.063626400079794
 20
34.232151945224537
  0
VERTEX
  5
6B9
100
AcDbEntity
  8
0
 62
     2
100
AcDbVertex
100
AcDb2dVertex
 10
13.063626400079794
 20
34.130037874273839
  0
VERTEX
  5
6BA
100
AcDbEntity
  8
0
 62
     2
100
AcDbVertex
100
AcDb2dVertex
 10
12.7328700286896
 20
34.130037874273839
  0
VERTEX
  5
6BB
100
AcDbEntity
  8
0
 62
     2
100
AcDbVertex
100
AcDb2dVertex
 10
12.68820378366426
 20
33.896125409421664
  0
VERTEX
  5
6BC
100
AcDbEntity
  8
0
 62
     2
100
AcDbVertex
100
AcDb2dVertex
 10
12.738775033587334
 20
33.926469442256746
  0
VERTEX
  5
6BD
100
AcDbEntity
  8
0
 62
     2
100
AcDbVertex
100
AcDb2dVertex
 10
12.790980157410669
 20
33.944675762409105
  0
VERTEX
  5
6BE
100
AcDbEntity
  8
0
 62
     2
100
AcDbVertex
100
AcDb2dVertex
 10
12.844818339006277
 20
33.950744563651106
  0
VERTEX
  5
6BF
100
AcDbEntity
  8
0
 62
     2
100
AcDbVertex
100
AcDb2dVertex
 10
12.913419409330022
 20
33.94197125134378
  0
VERTEX
  5
6C0
100
AcDbEntity
  8
0
 62
     2
100
AcDbVertex
100
AcDb2dVertex
 10
12.974482412489127
 20
33.915651087741324
  0
VERTEX
  5
6C1
100
AcDbEntity
  8
0
 62
     2
100
AcDbVertex
100
AcDb2dVertex
 10
13.028006483160848
 20
33.871784264602027
  0
VERTEX
  5
6C2
100
AcDbEntity
  8
0
 62
     2
100
AcDbVertex
100
AcDb2dVertex
 10
13.069468553779377
 20
33.81413077522474
  0
VERTEX
  5
6C3
100
AcDbEntity
  8
0
 62
     2
100
AcDbVertex
100
AcDb2dVertex
 10
13.094346258625787
 20
33.746450442638789
  0
VERTEX
  5
6C4
100
AcDbEntity
  8
0
 62
     2
100
AcDbVertex
100
AcDb2dVertex
 10
13.102638690038642
 20
33.668743495618664
  0
VERTEX
  5
6C5
100
AcDbEntity
  8
0
 62
     2
100
AcDbVertex
100
AcDb2dVertex
 10
13.095351098370887
 20
33.593543291433825
  0
VERTEX
  5
6C6
100
AcDbEntity
  8
0
 62
     2
100
AcDbVertex
100
AcDb2dVertex
 10
13.07348944344238
 20
33.525467147626273
  0
VERTEX
  5
6C7
100
AcDbEntity
  8
0
 62
     2
100
AcDbVertex
100
AcDb2dVertex
 10
13.037052811267248
 20
33.464515353717275
  0
VERTEX
  5
6C8
100
AcDbEntity
  8
0
 62
     2
100
AcDbVertex
100
AcDb2dVertex
 10
12.9774347311638
 20
33.405806457717837
  0
VERTEX
  5
6C9
100
AcDbEntity
  8
0
 62
     2
100
AcDbVertex
100
AcDb2dVertex
 10
12.904875933958504
 20
33.37058094788437
  0
VERTEX
  5
6CA
100
AcDbEntity
  8
0
 62
     2
100
AcDbVertex
100
AcDb2dVertex
 10
12.819375541207034
 20
33.358839164012487
  0
VERTEX
  5
6CB
100
AcDbEntity
  8
0
 62
     2
100
AcDbVertex
100
AcDb2dVertex
 10
12.748606624873258
 20
33.366227367779061
  0
VERTEX
  5
6CC
100
AcDbEntity
  8
0
 62
     2
100
AcDbVertex
100
AcDb2dVertex
 10
12.687073019439492
 20
33.388391545256397
  0
VERTEX
  5
6CD
100
AcDbEntity
  8
0
 62
     2
100
AcDbVertex
100
AcDb2dVertex
 10
12.63477390828584
 20
33.425332047422245
  0
VERTEX
  5
6CE
100
AcDbEntity
  8
0
 62
     2
100
AcDbVertex
100
AcDb2dVertex
 10
12.593908147375036
 20
33.474476192049075
  0
VERTEX
  5
6CF
100
AcDbEntity
  8
0
 62
     2
100
AcDbVertex
100
AcDb2dVertex
 10
12.566675188387439
 20
33.533251045039954
  0
VERTEX
  5
6D0
100
AcDbEntity
  8
0
 62
     2
100
AcDbVertex
100
AcDb2dVertex
 10
12.553074257574931
 20
33.601656925749893
  0
SEQEND
  5
6D1
100
AcDbEntity
  8
0
  0
POLYLINE
  5
6D2
100
AcDbEntity
  8
0
 62
     2
100
AcDb2dPolyline
 66
     1
 10
0.0
 20
0.0
 30
0.0
 40
0.000000247740786108
 41
0.000000247740786108
  0
VERTEX
  5
6D3
100
AcDbEntity
  8
0
 62
     2
100
AcDbVertex
100
AcDb2dVertex
 10
13.197625135155821
 20
33.603437985126945
  0
VERTEX
  5
6D4
100
AcDbEntity
  8
0
 62
     2
100
AcDbVertex
100
AcDb2dVertex
 10
13.299396326352802
 20
33.617686460143318
  0
VERTEX
  5
6D5
100
AcDbEntity
  8
0
 62
     2
100
AcDbVertex
100
AcDb2dVertex
 10
13.313813623333164
 20
33.562770547376807
  0
VERTEX
  5
6D6
100
AcDbEntity
  8
0
 62
     2
100
AcDbVertex
100
AcDb2dVertex
 10
13.33369702611127
 20
33.519134493686629
  0
VERTEX
  5
6D7
100
AcDbEntity
  8
0
 62
     2
100
AcDbVertex
100
AcDb2dVertex
 10
13.359045552304369
 20
33.48677859593036
  0
VERTEX
  5
6D8
100
AcDbEntity
  8
0
 62
     2
100
AcDbVertex
100
AcDb2dVertex
 10
13.38916827453858
 20
33.464515448826603
  0
VERTEX
  5
6D9
100
AcDbEntity
  8
0
 62
     2
100
AcDbVertex
100
AcDb2dVertex
 10
13.423375037502364
 20
33.451157395244003
  0
VERTEX
  5
6DA
100
AcDbEntity
  8
0
 62
     2
100
AcDbVertex
100
AcDb2dVertex
 10
13.461664836761326
 20
33.446704759946805
  0
VERTEX
  5
6DB
100
AcDbEntity
  8
0
 62
     2
100
AcDbVertex
100
AcDb2dVertex
 10
13.507053228268521
 20
33.452509792235553
  0
VERTEX
  5
6DC
100
AcDbEntity
  8
0
 62
     2
100
AcDbVertex
100
AcDb2dVertex
 10
13.547479352700439
 20
33.469924486125912
  0
VERTEX
  5
6DD
100
AcDbEntity
  8
0
 62
     2
100
AcDbVertex
100
AcDb2dVertex
 10
13.582942172937731
 20
33.498949168340182
  0
VERTEX
  5
6DE
100
AcDbEntity
  8
0
 62
     2
100
AcDbVertex
100
AcDb2dVertex
 10
13.610426363212166
 20
33.536549403412828
  0
VERTEX
  5
6DF
100
AcDbEntity
  8
0
 62
     2
100
AcDbVertex
100
AcDb2dVertex
 10
13.62691742054287
 20
33.579690518552724
  0
VERTEX
  5
6E0
100
AcDbEntity
  8
0
 62
     2
100
AcDbVertex
100
AcDb2dVertex
 10
13.632414279769595
 20
33.628372816405601
  0
VERTEX
  5
6E1
100
AcDbEntity
  8
0
 62
     2
100
AcDbVertex
100
AcDb2dVertex
 10
13.627325403184816
 20
33.67458149350378
  0
VERTEX
  5
6E2
100
AcDbEntity
  8
0
 62
     2
100
AcDbVertex
100
AcDb2dVertex
 10
13.612060080890782
 20
33.715051032182735
  0
VERTEX
  5
6E3
100
AcDbEntity
  8
0
 62
     2
100
AcDbVertex
100
AcDb2dVertex
 10
13.586617243730952
 20
33.749781697274301
  0
VERTEX
  5
6E4
100
AcDbEntity
  8
0
 62
     2
100
AcDbVertex
100
AcDb2dVertex
 10
13.553321418215344
 20
33.776332745938561
  0
VERTEX
  5
6E5
100
AcDbEntity
  8
0
 62
     2
100
AcDbVertex
100
AcDb2dVertex
 10
13.514497942690799
 20
33.792263253566233
  0
VERTEX
  5
6E6
100
AcDbEntity
  8
0
 62
     2
100
AcDbVertex
100
AcDb2dVertex
 10
13.470145769361078
 20
33.797573457225063
  0
VERTEX
  5
6E7
100
AcDbEntity
  8
0
 62
     2
100
AcDbVertex
100
AcDb2dVertex
 10
13.449351476488101
 20
33.796254221672534
  0
VERTEX
  5
6E8
100
AcDbEntity
  8
0
 62
     2
100
AcDbVertex
100
AcDb2dVertex
 10
13.425416739575642
 20
33.792296235121086
  0
VERTEX
  5
6E9
100
AcDbEntity
  8
0
 62
     2
100
AcDbVertex
100
AcDb2dVertex
 10
13.398340540016537
 20
33.785699728044754
  0
VERTEX
  5
6EA
100
AcDbEntity
  8
0
 62
     2
100
AcDbVertex
100
AcDb2dVertex
 10
13.409648450149536
 20
33.879502188569226
  0
VERTEX
  5
6EB
100
AcDbEntity
  8
0
 62
     2
100
AcDbVertex
100
AcDb2dVertex
 10
13.415993146261666
 20
33.878842597711255
  0
VERTEX
  5
6EC
100
AcDbEntity
  8
0
 62
     2
100
AcDbVertex
100
AcDb2dVertex
 10
13.421458972937526
 20
33.87844673810914
  0
VERTEX
  5
6ED
100
AcDbEntity
  8
0
 62
     2
100
AcDbVertex
100
AcDb2dVertex
 10
13.426044919842386
 20
33.878314815651194
  0
VERTEX
  5
6EE
100
AcDbEntity
  8
0
 62
     2
100
AcDbVertex
100
AcDb2dVertex
 10
13.467946708915992
 20
33.88227278639669
  0
VERTEX
  5
6EF
100
AcDbEntity
  8
0
 62
     2
100
AcDbVertex
100
AcDb2dVertex
 10
13.506959340916854
 20
33.89414644788728
  0
VERTEX
  5
6F0
100
AcDbEntity
  8
0
 62
     2
100
AcDbVertex
100
AcDb2dVertex
 10
13.543081789718915
 20
33.913936003192134
  0
VERTEX
  5
6F1
100
AcDbEntity
  8
0
 62
     2
100
AcDbVertex
100
AcDb2dVertex
 10
13.571979472120628
 20
33.94197125456526
  0
VERTEX
  5
6F2
100
AcDbEntity
  8
0
 62
     2
100
AcDbVertex
100
AcDb2dVertex
 10
13.589318618972467
 20
33.978581857927757
  0
VERTEX
  5
6F3
100
AcDbEntity
  8
0
 62
     2
100
AcDbVertex
100
AcDb2dVertex
 10
13.595098176330705
 20
34.023767998110038
  0
VERTEX
  5
6F4
100
AcDbEntity
  8
0
 62
     2
100
AcDbVertex
100
AcDb2dVertex
 10
13.590888807098853
 20
34.060708536348777
  0
VERTEX
  5
6F5
100
AcDbEntity
  8
0
 62
     2
100
AcDbVertex
100
AcDb2dVertex
 10
13.57826199378793
 20
34.093163345112799
  0
VERTEX
  5
6F6
100
AcDbEntity
  8
0
 62
     2
100
AcDbVertex
100
AcDb2dVertex
 10
13.55721667738516
 20
34.121132577388607
  0
VERTEX
  5
6F7
100
AcDbEntity
  8
0
 62
     2
100
AcDbVertex
100
AcDb2dVertex
 10
13.529511987628585
 20
34.142571294400135
  0
VERTEX
  5
6F8
100
AcDbEntity
  8
0
 62
     2
100
AcDbVertex
100
AcDb2dVertex
 10
13.496907860485113
 20
34.155434457454021
  0
VERTEX
  5
6F9
100
AcDbEntity
  8
0
 62
     2
100
AcDbVertex
100
AcDb2dVertex
 10
13.459403254734728
 20
34.159722197224625
  0
VERTEX
  5
6FA
100
AcDbEntity
  8
0
 62
     2
100
AcDbVertex
100
AcDb2dVertex
 10
13.422024028525573
 20
34.155368533099718
  0
VERTEX
  5
6FB
100
AcDbEntity
  8
0
 62
     2
100
AcDbVertex
100
AcDb2dVertex
 10
13.389042961233518
 20
34.142307388384921
  0
VERTEX
  5
6FC
100
AcDbEntity
  8
0
 62
     2
100
AcDbVertex
100
AcDb2dVertex
 10
13.360459041070992
 20
34.120538890929588
  0
VERTEX
  5
6FD
100
AcDbEntity
  8
0
 62
     2
100
AcDbVertex
100
AcDb2dVertex
 10
13.337214710750313
 20
34.090063026522124
  0
VERTEX
  5
6FE
100
AcDbEntity
  8
0
 62
     2
100
AcDbVertex
100
AcDb2dVertex
 10
13.320253174915639
 20
34.050879671015004
  0
VERTEX
  5
6FF
100
AcDbEntity
  8
0
 62
     2
100
AcDbVertex
100
AcDb2dVertex
 10
13.309573445472505
 20
34.002988972044484
  0
VERTEX
  5
700
100
AcDbEntity
  8
0
 62
     2
100
AcDbVertex
100
AcDb2dVertex
 10
13.207802254275517
 20
34.021986938732987
  0
VERTEX
  5
701
100
AcDbEntity
  8
0
 62
     2
100
AcDbVertex
100
AcDb2dVertex
 10
13.225517699644147
 20
34.088248990844633
  0
VERTEX
  5
702
100
AcDbEntity
  8
0
 62
     2
100
AcDbVertex
100
AcDb2dVertex
 10
13.253787794316903
 20
34.143758626294108
  0
VERTEX
  5
703
100
AcDbEntity
  8
0
 62
     2
100
AcDbVertex
100
AcDb2dVertex
 10
13.292611580273007
 20
34.188515990486884
  0
VERTEX
  5
704
100
AcDbEntity
  8
0
 62
     2
100
AcDbVertex
100
AcDb2dVertex
 10
13.340292979481855
 20
34.221333691803011
  0
VERTEX
  5
705
100
AcDbEntity
  8
0
 62
     2
100
AcDbVertex
100
AcDb2dVertex
 10
13.395136674135966
 20
34.241024256536598
  0
VERTEX
  5
706
100
AcDbEntity
  8
0
 62
     2
100
AcDbVertex
100
AcDb2dVertex
 10
13.457141672708122
 20
34.247587793158942
  0
VERTEX
  5
707
100
AcDbEntity
  8
0
 62
     2
100
AcDbVertex
100
AcDb2dVertex
 10
13.501179397672946
 20
34.244190616411082
  0
VERTEX
  5
708
100
AcDbEntity
  8
0
 62
     2
100
AcDbVertex
100
AcDb2dVertex
 10
13.542830545308039
 20
34.233998964976692
  0
VERTEX
  5
709
100
AcDbEntity
  8
0
 62
     2
100
AcDbVertex
100
AcDb2dVertex
 10
13.582094079677756
 20
34.217012940519638
  0
VERTEX
  5
70A
100
AcDbEntity
  8
0
 62
     2
100
AcDbVertex
100
AcDb2dVertex
 10
13.617179698505833
 20
34.194156044043979
  0
VERTEX
  5
70B
100
AcDbEntity
  8
0
 62
     2
100
AcDbVertex
100
AcDb2dVertex
 10
13.646297923254
 20
34.166351689412799
  0
VERTEX
  5
70C
100
AcDbEntity
  8
0
 62
     2
100
AcDbVertex
100
AcDb2dVertex
 10
13.669447685455172
 20
34.133599993027936
  0
VERTEX
  5
70D
100
AcDbEntity
  8
0
 62
     2
100
AcDbVertex
100
AcDb2dVertex
 10
13.686252175797531
 20
34.097649019405928
  0
VERTEX
  5
70E
100
AcDbEntity
  8
0
 62
     2
100
AcDbVertex
100
AcDb2dVertex
 10
13.696335424902916
 20
34.060246724476698
  0
VERTEX
  5
70F
100
AcDbEntity
  8
0
 62
     2
100
AcDbVertex
100
AcDb2dVertex
 10
13.699696345060939
 20
34.021393252273974
  0
VERTEX
  5
710
100
AcDbEntity
  8
0
 62
     2
100
AcDbVertex
100
AcDb2dVertex
 10
13.696492114493676
 20
33.98491456708733
  0
VERTEX
  5
711
100
AcDbEntity
  8
0
 62
     2
100
AcDbVertex
100
AcDb2dVertex
 10
13.686880754241773
 20
33.950678589314727
  0
VERTEX
  5
712
100
AcDbEntity
  8
0
 62
     2
100
AcDbVertex
100
AcDb2dVertex
 10
13.670861174221788
 20
33.918685494864263
  0
VERTEX
  5
713
100
AcDbEntity
  8
0
 62
     2
100
AcDbVertex
100
AcDb2dVertex
 10
13.648559142760408
 20
33.889924742330237
  0
VERTEX
  5
714
100
AcDbEntity
  8
0
 62
     2
100
AcDbVertex
100
AcDb2dVertex
 10
13.620101260798233
 20
33.865385634443307
  0
VERTEX
  5
715
100
AcDbEntity
  8
0
 62
     2
100
AcDbVertex
100
AcDb2dVertex
 10
13.585486452717657
 20
33.845068373946319
  0
VERTEX
  5
716
100
AcDbEntity
  8
0
 62
     2
100
AcDbVertex
100
AcDb2dVertex
 10
13.630843422694912
 20
33.828939955560912
  0
VERTEX
  5
717
100
AcDbEntity
  8
0
 62
     2
100
AcDbVertex
100
AcDb2dVertex
 10
13.668913744301971
 20
33.804301893252763
  0
VERTEX
  5
718
100
AcDbEntity
  8
0
 62
     2
100
AcDbVertex
100
AcDb2dVertex
 10
13.699696345060939
 20
33.771154409798868
  0
VERTEX
  5
719
100
AcDbEntity
  8
0
 62
     2
100
AcDbVertex
100
AcDb2dVertex
 10
13.72231184198758
 20
33.730618888354186
  0
VERTEX
  5
71A
100
AcDbEntity
  8
0
 62
     2
100
AcDbVertex
100
AcDb2dVertex
 10
13.735881700094811
 20
33.683816521974094
  0
VERTEX
  5
71B
100
AcDbEntity
  8
0
 62
     2
100
AcDbVertex
100
AcDb2dVertex
 10
13.74040482153973
 20
33.630747562241666
  0
VERTEX
  5
71C
100
AcDbEntity
  8
0
 62
     2
100
AcDbVertex
100
AcDb2dVertex
 10
13.731609453896635
 20
33.558614741299024
  0
VERTEX
  5
71D
100
AcDbEntity
  8
0
 62
     2
100
AcDbVertex
100
AcDb2dVertex
 10
13.705224696129466
 20
33.494199660692374
  0
VERTEX
  5
71E
100
AcDbEntity
  8
0
 62
     2
100
AcDbVertex
100
AcDb2dVertex
 10
13.661249450608739
 20
33.43750261983206
  0
VERTEX
  5
71F
100
AcDbEntity
  8
0
 62
     2
100
AcDbVertex
100
AcDb2dVertex
 10
13.603830077486176
 20
33.39347097420319
  0
VERTEX
  5
720
100
AcDbEntity
  8
0
 62
     2
100
AcDbVertex
100
AcDb2dVertex
 10
13.537113761304237
 20
33.367051812054711
  0
VERTEX
  5
721
100
AcDbEntity
  8
0
 62
     2
100
AcDbVertex
100
AcDb2dVertex
 10
13.461099441254678
 20
33.358245477553474
  0
VERTEX
  5
722
100
AcDbEntity
  8
0
 62
     2
100
AcDbVertex
100
AcDb2dVertex
 10
13.392466408526882
 20
33.365831576866022
  0
VERTEX
  5
723
100
AcDbEntity
  8
0
 62
     2
100
AcDbVertex
100
AcDb2dVertex
 10
13.332063656241775
 20
33.388589440795165
  0
VERTEX
  5
724
100
AcDbEntity
  8
0
 62
     2
100
AcDbVertex
100
AcDb2dVertex
 10
13.279890181373379
 20
33.42651942034027
  0
VERTEX
  5
725
100
AcDbEntity
  8
0
 62
     2
100
AcDbVertex
100
AcDb2dVertex
 10
13.238710256673063
 20
33.476521111932698
  0
VERTEX
  5
726
100
AcDbEntity
  8
0
 62
     2
100
AcDbVertex
100
AcDb2dVertex
 10
13.211288894798283
 20
33.53549386056882
  0
VERTEX
  5
727
100
AcDbEntity
  8
0
 62
     2
100
AcDbVertex
100
AcDb2dVertex
 10
13.197625135155821
 20
33.603437985126945
  0
SEQEND
  5
728
100
AcDbEntity
  8
0
  0
POLYLINE
  5
729
100
AcDbEntity
  8
0
 62
     2
100
AcDb2dPolyline
 66
     1
 10
0.0
 20
0.0
 30
0.0
 40
0.000000247740786108
 41
0.000000247740786108
  0
VERTEX
  5
72A
100
AcDbEntity
  8
0
 62
     2
100
AcDbVertex
100
AcDb2dVertex
 10
27.181031918164319
 20
29.995684594428095
  0
VERTEX
  5
72B
100
AcDbEntity
  8
0
 62
     2
100
AcDbVertex
100
AcDb2dVertex
 10
27.278845340814751
 20
30.005183577772346
  0
VERTEX
  5
72C
100
AcDbEntity
  8
0
 62
     2
100
AcDbVertex
100
AcDb2dVertex
 10
27.289650663313591
 20
29.961316832185116
  0
VERTEX
  5
72D
100
AcDbEntity
  8
0
 62
     2
100
AcDbVertex
100
AcDb2dVertex
 10
27.305481754591721
 20
29.926289229950971
  0
VERTEX
  5
72E
100
AcDbEntity
  8
0
 62
     2
100
AcDbVertex
100
AcDb2dVertex
 10
27.326338563373344
 20
29.900101074526571
  0
VERTEX
  5
72F
100
AcDbEntity
  8
0
 62
     2
100
AcDbVertex
100
AcDb2dVertex
 10
27.351906986366739
 20
29.881960750546344
  0
VERTEX
  5
730
100
AcDbEntity
  8
0
 62
     2
100
AcDbVertex
100
AcDb2dVertex
 10
27.381872971441116
 20
29.871076390149796
  0
VERTEX
  5
731
100
AcDbEntity
  8
0
 62
     2
100
AcDbVertex
100
AcDb2dVertex
 10
27.416236448930679
 20
29.867448319280708
  0
VERTEX
  5
732
100
AcDbEntity
  8
0
 62
     2
100
AcDbVertex
100
AcDb2dVertex
 10
27.44623379537639
 20
29.869955093316367
  0
VERTEX
  5
733
100
AcDbEntity
  8
0
 62
     2
100
AcDbVertex
100
AcDb2dVertex
 10
27.473655509321969
 20
29.87747501205429
  0
VERTEX
  5
734
100
AcDbEntity
  8
0
 62
     2
100
AcDbVertex
100
AcDb2dVertex
 10
27.498501495148236
 20
29.890008404723304
  0
VERTEX
  5
735
100
AcDbEntity
  8
0
 62
     2
100
AcDbVertex
100
AcDb2dVertex
 10
27.520646119347258
 20
29.90673066890383
  0
VERTEX
  5
736
100
AcDbEntity
  8
0
 62
     2
100
AcDbVertex
100
AcDb2dVertex
 10
27.53996383811273
 20
29.926816954612864
  0
VERTEX
  5
737
100
AcDbEntity
  8
0
 62
     2
100
AcDbVertex
100
AcDb2dVertex
 10
27.556454534579853
 20
29.950267580313394
  0
VERTEX
  5
738
100
AcDbEntity
  8
0
 62
     2
100
AcDbVertex
100
AcDb2dVertex
 10
27.570715027798965
 20
29.978335847061334
  0
VERTEX
  5
739
100
AcDbEntity
  8
0
 62
     2
100
AcDbVertex
100
AcDb2dVertex
 10
27.583342237904734
 20
30.012274824037657
  0
VERTEX
  5
73A
100
AcDbEntity
  8
0
 62
     2
100
AcDbVertex
100
AcDb2dVertex
 10
27.594336033525398
 20
30.052084808034582
  0
VERTEX
  5
73B
100
AcDbEntity
  8
0
 62
     2
100
AcDbVertex
100
AcDb2dVertex
 10
27.602816925057706
 20
30.095094174792735
  0
VERTEX
  5
73C
100
AcDbEntity
  8
0
 62
     2
100
AcDbVertex
100
AcDb2dVertex
 10
27.607905531316671
 20
30.138631093908852
  0
VERTEX
  5
73D
100
AcDbEntity
  8
0
 62
     2
100
AcDbVertex
100
AcDb2dVertex
 10
27.609601712204945
 20
30.18269582901803
  0
VERTEX
  5
73E
100
AcDbEntity
  8
0
 62
     2
100
AcDbVertex
100
AcDb2dVertex
 10
27.609538848400735
 20
30.188236973364546
  0
VERTEX
  5
73F
100
AcDbEntity
  8
0
 62
     2
100
AcDbVertex
100
AcDb2dVertex
 10
27.609350430723854
 20
30.19536113165357
  0
VERTEX
  5
740
100
AcDbEntity
  8
0
 62
     2
100
AcDbVertex
100
AcDb2dVertex
 10
27.609036316698297
 20
30.204068541542593
  0
VERTEX
  5
741
100
AcDbEntity
  8
0
 62
     2
100
AcDbVertex
100
AcDb2dVertex
 10
27.586200578699032
 20
30.172174455457071
  0
VERTEX
  5
742
100
AcDbEntity
  8
0
 62
     2
100
AcDbVertex
100
AcDb2dVertex
 10
27.558402010922936
 20
30.14456795412616
  0
VERTEX
  5
743
100
AcDbEntity
  8
0
 62
     2
100
AcDbVertex
100
AcDb2dVertex
 10
27.525640479467437
 20
30.121249280509907
  0
VERTEX
  5
744
100
AcDbEntity
  8
0
 62
     2
100
AcDbVertex
100
AcDb2dVertex
 10
27.489423721999312
 20
30.103603676310492
  0
VERTEX
  5
745
100
AcDbEntity
  8
0
 62
     2
100
AcDbVertex
100
AcDb2dVertex
 10
27.451259560659754
 20
30.09301618054112
  0
VERTEX
  5
746
100
AcDbEntity
  8
0
 62
     2
100
AcDbVertex
100
AcDb2dVertex
 10
27.411147889370827
 20
30.089487054952571
  0
VERTEX
  5
747
100
AcDbEntity
  8
0
 62
     2
100
AcDbVertex
100
AcDb2dVertex
 10
27.346064560914993
 20
30.098194535510014
  0
VERTEX
  5
748
100
AcDbEntity
  8
0
 62
     2
100
AcDbVertex
100
AcDb2dVertex
 10
27.288017310748213
 20
30.124316652979385
  0
VERTEX
  5
749
100
AcDbEntity
  8
0
 62
     2
100
AcDbVertex
100
AcDb2dVertex
 10
27.237006073322657
 20
30.167853667542637
  0
VERTEX
  5
74A
100
AcDbEntity
  8
0
 62
     2
100
AcDbVertex
100
AcDb2dVertex
 10
27.197428379028029
 20
30.225639220742227
  0
VERTEX
  5
74B
100
AcDbEntity
  8
0
 62
     2
100
AcDbVertex
100
AcDb2dVertex
 10
27.173681776164731
 20
30.294506775649921
  0
VERTEX
  5
74C
100
AcDbEntity
  8
0
 62
     2
100
AcDbVertex
100
AcDb2dVertex
 10
27.165766239484771
 20
30.374456555280091
  0
VERTEX
  5
74D
100
AcDbEntity
  8
0
 62
     2
100
AcDbVertex
100
AcDb2dVertex
 10
27.174027292312342
 20
30.45697902531894
  0
VERTEX
  5
74E
100
AcDbEntity
  8
0
 62
     2
100
AcDbVertex
100
AcDb2dVertex
 10
27.198810468754761
 20
30.528023451549064
  0
VERTEX
  5
74F
100
AcDbEntity
  8
0
 62
     2
100
AcDbVertex
100
AcDb2dVertex
 10
27.240115748609231
 20
30.587589994066715
  0
VERTEX
  5
750
100
AcDbEntity
  8
0
 62
     2
100
AcDbVertex
100
AcDb2dVertex
 10
27.293859721251106
 20
30.632446338903559
  0
VERTEX
  5
751
100
AcDbEntity
  8
0
 62
     2
100
AcDbVertex
100
AcDb2dVertex
 10
27.355959012613109
 20
30.659360087740403
  0
VERTEX
  5
752
100
AcDbEntity
  8
0
 62
     2
100
AcDbVertex
100
AcDb2dVertex
 10
27.426413568050375
 20
30.668331352492846
  0
VERTEX
  5
753
100
AcDbEntity
  8
0
 62
     2
100
AcDbVertex
100
AcDb2dVertex
 10
27.47877544650164
 20
30.663252064035909
  0
VERTEX
  5
754
100
AcDbEntity
  8
0
 62
     2
100
AcDbVertex
100
AcDb2dVertex
 10
27.52805912339085
 20
30.648014077273778
  0
VERTEX
  5
755
100
AcDbEntity
  8
0
 62
     2
100
AcDbVertex
100
AcDb2dVertex
 10
27.574264493039326
 20
30.622617495148642
  0
VERTEX
  5
756
100
AcDbEntity
  8
0
 62
     2
100
AcDbVertex
100
AcDb2dVertex
 10
27.615349859678854
 20
30.587820905760267
  0
VERTEX
  5
757
100
AcDbEntity
  8
0
 62
     2
100
AcDbVertex
100
AcDb2dVertex
 10
27.649273638072696
 20
30.544382804692141
  0
VERTEX
  5
758
100
AcDbEntity
  8
0
 62
     2
100
AcDbVertex
100
AcDb2dVertex
 10
27.676035684236307
 20
30.4923033173947
  0
VERTEX
  5
759
100
AcDbEntity
  8
0
 62
     2
100
AcDbVertex
100
AcDb2dVertex
 10
27.695353315613733
 20
30.427492590767699
  0
VERTEX
  5
75A
100
AcDbEntity
  8
0
 62
     2
100
AcDbVertex
100
AcDb2dVertex
 10
27.706943978940313
 20
30.345860644424285
  0
VERTEX
  5
75B
100
AcDbEntity
  8
0
 62
     2
100
AcDbVertex
100
AcDb2dVertex
 10
27.710807507895279
 20
30.247407653050736
  0
VERTEX
  5
75C
100
AcDbEntity
  8
0
 62
     2
100
AcDbVertex
100
AcDb2dVertex
 10
27.706975331887389
 20
30.143743468782052
  0
VERTEX
  5
75D
100
AcDbEntity
  8
0
 62
     2
100
AcDbVertex
100
AcDb2dVertex
 10
27.695479012897277
 20
30.055185154908877
  0
VERTEX
  5
75E
100
AcDbEntity
  8
0
 62
     2
100
AcDbVertex
100
AcDb2dVertex
 10
27.676318381989635
 20
29.981732962641225
  0
VERTEX
  5
75F
100
AcDbEntity
  8
0
 62
     2
100
AcDbVertex
100
AcDb2dVertex
 10
27.649587691411856
 20
29.921078085718285
  0
VERTEX
  5
760
100
AcDbEntity
  8
0
 62
     2
100
AcDbVertex
100
AcDb2dVertex
 10
27.615381313789701
 20
29.870911474827746
  0
VERTEX
  5
761
100
AcDbEntity
  8
0
 62
     2
100
AcDbVertex
100
AcDb2dVertex
 10
27.573699097532678
 20
29.831233445280755
  0
VERTEX
  5
762
100
AcDbEntity
  8
0
 62
     2
100
AcDbVertex
100
AcDb2dVertex
 10
27.525671852182786
 20
29.802538701620634
  0
VERTEX
  5
763
100
AcDbEntity
  8
0
 62
     2
100
AcDbVertex
100
AcDb2dVertex
 10
27.472430480465125
 20
29.785321678181596
  0
VERTEX
  5
764
100
AcDbEntity
  8
0
 62
     2
100
AcDbVertex
100
AcDb2dVertex
 10
27.413974866904073
 20
29.77958272334639
  0
VERTEX
  5
765
100
AcDbEntity
  8
0
 62
     2
100
AcDbVertex
100
AcDb2dVertex
 10
27.353100593583338
 20
29.785882501889446
  0
VERTEX
  5
766
100
AcDbEntity
  8
0
 62
     2
100
AcDbVertex
100
AcDb2dVertex
 10
27.300141903766491
 20
29.804781403566476
  0
VERTEX
  5
767
100
AcDbEntity
  8
0
 62
     2
100
AcDbVertex
100
AcDb2dVertex
 10
27.255098729535451
 20
29.836279780182387
  0
VERTEX
  5
768
100
AcDbEntity
  8
0
 62
     2
100
AcDbVertex
100
AcDb2dVertex
 10
27.219478801992206
 20
29.87919021798136
  0
VERTEX
  5
769
100
AcDbEntity
  8
0
 62
     2
100
AcDbVertex
100
AcDb2dVertex
 10
27.194789875100884
 20
29.932325048037875
  0
VERTEX
  5
76A
100
AcDbEntity
  8
0
 62
     2
100
AcDbVertex
100
AcDb2dVertex
 10
27.181031918164319
 20
29.995684594428095
  0
SEQEND
  5
76B
100
AcDbEntity
  8
0
  0
POLYLINE
  5
76C
100
AcDbEntity
  8
0
 62
     2
100
AcDb2dPolyline
 66
     1
 10
0.0
 20
0.0
 30
0.0
 40
0.000000247740786108
 41
0.000000247740786108
  0
VERTEX
  5
76D
100
AcDbEntity
  8
0
 62
     2
100
AcDbVertex
100
AcDb2dVertex
 10
27.597728406565299
 20
30.379799733411232
  0
VERTEX
  5
76E
100
AcDbEntity
  8
0
 62
     2
100
AcDbVertex
100
AcDb2dVertex
 10
27.592545573126568
 20
30.43692561622667
  0
VERTEX
  5
76F
100
AcDbEntity
  8
0
 62
     2
100
AcDbVertex
100
AcDb2dVertex
 10
27.57699724174196
 20
30.485607850504479
  0
VERTEX
  5
770
100
AcDbEntity
  8
0
 62
     2
100
AcDbVertex
100
AcDb2dVertex
 10
27.551083277266681
 20
30.525846602329086
  0
VERTEX
  5
771
100
AcDbEntity
  8
0
 62
     2
100
AcDbVertex
100
AcDb2dVertex
 10
27.517881960184429
 20
30.55586079148835
  0
VERTEX
  5
772
100
AcDbEntity
  8
0
 62
     2
100
AcDbVertex
100
AcDb2dVertex
 10
27.480471662137465
 20
30.573869236311875
  0
VERTEX
  5
773
100
AcDbEntity
  8
0
 62
     2
100
AcDbVertex
100
AcDb2dVertex
 10
27.438852269196676
 20
30.579872070099512
  0
VERTEX
  5
774
100
AcDbEntity
  8
0
 62
     2
100
AcDbVertex
100
AcDb2dVertex
 10
27.395568075665192
 20
30.573407520743412
  0
VERTEX
  5
775
100
AcDbEntity
  8
0
 62
     2
100
AcDbVertex
100
AcDb2dVertex
 10
27.35617888201077
 20
30.554013719873716
  0
VERTEX
  5
776
100
AcDbEntity
  8
0
 62
     2
100
AcDbVertex
100
AcDb2dVertex
 10
27.320684608306845
 20
30.521690797115976
  0
VERTEX
  5
777
100
AcDbEntity
  8
0
 62
     2
100
AcDbVertex
100
AcDb2dVertex
 10
27.292728925197753
 20
30.479077344851888
  0
VERTEX
  5
778
100
AcDbEntity
  8
0
 62
     2
100
AcDbVertex
100
AcDb2dVertex
 10
27.275955542577041
 20
30.428811838988256
  0
VERTEX
  5
779
100
AcDbEntity
  8
0
 62
     2
100
AcDbVertex
100
AcDb2dVertex
 10
27.270364408214999
 20
30.370894436525997
  0
VERTEX
  5
77A
100
AcDbEntity
  8
0
 62
     2
100
AcDbVertex
100
AcDb2dVertex
 10
27.275672830983698
 20
30.318946927406266
  0
VERTEX
  5
77B
100
AcDbEntity
  8
0
 62
     2
100
AcDbVertex
100
AcDb2dVertex
 10
27.291598153842902
 20
30.273925637423954
  0
VERTEX
  5
77C
100
AcDbEntity
  8
0
 62
     2
100
AcDbVertex
100
AcDb2dVertex
 10
27.318140328526919
 20
30.235830767099934
  0
VERTEX
  5
77D
100
AcDbEntity
  8
0
 62
     2
100
AcDbVertex
100
AcDb2dVertex
 10
27.35247238240478
 20
30.206971075929513
  0
VERTEX
  5
77E
100
AcDbEntity
  8
0
 62
     2
100
AcDbVertex
100
AcDb2dVertex
 10
27.391767393531413
 20
30.18965514381102
  0
VERTEX
  5
77F
100
AcDbEntity
  8
0
 62
     2
100
AcDbVertex
100
AcDb2dVertex
 10
27.436025291663423
 20
30.183883201936062
  0
VERTEX
  5
780
100
AcDbEntity
  8
0
 62
     2
100
AcDbVertex
100
AcDb2dVertex
 10
27.480345988843315
 20
30.189655224573261
  0
VERTEX
  5
781
100
AcDbEntity
  8
0
 62
     2
100
AcDbVertex
100
AcDb2dVertex
 10
27.519075616154918
 20
30.206971001273889
  0
VERTEX
  5
782
100
AcDbEntity
  8
0
 62
     2
100
AcDbVertex
100
AcDb2dVertex
 10
27.552214068279984
 20
30.235830767099934
  0
VERTEX
  5
783
100
AcDbEntity
  8
0
 62
     2
100
AcDbVertex
100
AcDb2dVertex
 10
27.577499773723364
 20
30.274915191355952
  0
VERTEX
  5
784
100
AcDbEntity
  8
0
 62
     2
100
AcDbVertex
100
AcDb2dVertex
 10
27.592671263768207
 20
30.322904776849072
  0
VERTEX
  5
785
100
AcDbEntity
  8
0
 62
     2
100
AcDbVertex
100
AcDb2dVertex
 10
27.597728406565299
 20
30.379799733411232
  0
SEQEND
  5
786
100
AcDbEntity
  8
0
  0
POLYLINE
  5
787
100
AcDbEntity
  8
0
 62
     2
100
AcDb2dPolyline
 66
     1
 10
0.0
 20
0.0
 30
0.0
 40
0.000000247740786108
 41
0.000000247740786108
  0
VERTEX
  5
788
100
AcDbEntity
  8
0
 62
     2
100
AcDbVertex
100
AcDb2dVertex
 10
28.344615870849818
 20
29.897132642231494
  0
VERTEX
  5
789
100
AcDbEntity
  8
0
 62
     2
100
AcDbVertex
100
AcDb2dVertex
 10
28.344615870849818
 20
29.794424884821783
  0
VERTEX
  5
78A
100
AcDbEntity
  8
0
 62
     2
100
AcDbVertex
100
AcDb2dVertex
 10
27.796747624906065
 20
29.794424884821783
  0
VERTEX
  5
78B
100
AcDbEntity
  8
0
 62
     2
100
AcDbVertex
100
AcDb2dVertex
 10
27.797564249303395
 20
29.819821575676759
  0
VERTEX
  5
78C
100
AcDbEntity
  8
0
 62
     2
100
AcDbVertex
100
AcDb2dVertex
 10
27.801522083749436
 20
29.844558396723539
  0
VERTEX
  5
78D
100
AcDbEntity
  8
0
 62
     2
100
AcDbVertex
100
AcDb2dVertex
 10
27.808620930545711
 20
29.86863569219874
  0
VERTEX
  5
78E
100
AcDbEntity
  8
0
 62
     2
100
AcDbVertex
100
AcDb2dVertex
 10
27.825362860436353
 20
29.907621199816955
  0
VERTEX
  5
78F
100
AcDbEntity
  8
0
 62
     2
100
AcDbVertex
100
AcDb2dVertex
 10
27.847696051887613
 20
29.946210713556471
  0
VERTEX
  5
790
100
AcDbEntity
  8
0
 62
     2
100
AcDbVertex
100
AcDb2dVertex
 10
27.875620298083721
 20
29.984404551706795
  0
VERTEX
  5
791
100
AcDbEntity
  8
0
 62
     2
100
AcDbVertex
100
AcDb2dVertex
 10
27.910894630234122
 20
30.024379526976276
  0
VERTEX
  5
792
100
AcDbEntity
  8
0
 62
     2
100
AcDbVertex
100
AcDb2dVertex
 10
27.955278255166373
 20
30.068312230451735
  0
VERTEX
  5
793
100
AcDbEntity
  8
0
 62
     2
100
AcDbVertex
100
AcDb2dVertex
 10
28.00877093989978
 20
30.116202945608276
  0
VERTEX
  5
794
100
AcDbEntity
  8
0
 62
     2
100
AcDbVertex
100
AcDb2dVertex
 10
28.089119844967865
 20
30.188401890114665
  0
VERTEX
  5
795
100
AcDbEntity
  8
0
 62
     2
100
AcDbVertex
100
AcDb2dVertex
 10
28.14999418780587
 20
30.249848359256667
  0
VERTEX
  5
796
100
AcDbEntity
  8
0
 62
     2
100
AcDbVertex
100
AcDb2dVertex
 10
28.191393688547695
 20
30.30054259113264
  0
VERTEX
  5
797
100
AcDbEntity
  8
0
 62
     2
100
AcDbVertex
100
AcDb2dVertex
 10
28.217778719426885
 20
30.345036152680304
  0
VERTEX
  5
798
100
AcDbEntity
  8
0
 62
     2
100
AcDbVertex
100
AcDb2dVertex
 10
28.233609899382085
 20
30.387880461591834
  0
VERTEX
  5
799
100
AcDbEntity
  8
0
 62
     2
100
AcDbVertex
100
AcDb2dVertex
 10
28.238886911106288
 20
30.429075709509533
  0
VERTEX
  5
79A
100
AcDbEntity
  8
0
 62
     2
100
AcDbVertex
100
AcDb2dVertex
 10
28.234080953175098
 20
30.469215559364514
  0
VERTEX
  5
79B
100
AcDbEntity
  8
0
 62
     2
100
AcDbVertex
100
AcDb2dVertex
 10
28.219663474823395
 20
30.504935642511413
  0
VERTEX
  5
79C
100
AcDbEntity
  8
0
 62
     2
100
AcDbVertex
100
AcDb2dVertex
 10
28.195634154847571
 20
30.536236115361859
  0
VERTEX
  5
79D
100
AcDbEntity
  8
0
 62
     2
100
AcDbVertex
100
AcDb2dVertex
 10
28.163877682170966
 20
30.560478352148177
  0
VERTEX
  5
79E
100
AcDbEntity
  8
0
 62
     2
100
AcDbVertex
100
AcDb2dVertex
 10
28.126278981243384
 20
30.575023626511236
  0
VERTEX
  5
79F
100
AcDbEntity
  8
0
 62
     2
100
AcDbVertex
100
AcDb2dVertex
 10
28.082837751270919
 20
30.579872070099512
  0
VERTEX
  5
7A0
100
AcDbEntity
  8
0
 62
     2
100
AcDbVertex
100
AcDb2dVertex
 10
28.037103455595162
 20
30.574726824044649
  0
VERTEX
  5
7A1
100
AcDbEntity
  8
0
 62
     2
100
AcDbVertex
100
AcDb2dVertex
 10
27.997902789235308
 20
30.559290933235925
  0
VERTEX
  5
7A2
100
AcDbEntity
  8
0
 62
     2
100
AcDbVertex
100
AcDb2dVertex
 10
27.965235485887735
 20
30.533564526296288
  0
VERTEX
  5
7A3
100
AcDbEntity
  8
0
 62
     2
100
AcDbVertex
100
AcDb2dVertex
 10
27.940672120558336
 20
30.498734961969522
  0
VERTEX
  5
7A4
100
AcDbEntity
  8
0
 62
     2
100
AcDbVertex
100
AcDb2dVertex
 10
27.925783452133448
 20
30.455989486552014
  0
VERTEX
  5
7A5
100
AcDbEntity
  8
0
 62
     2
100
AcDbVertex
100
AcDb2dVertex
 10
27.920569240862388
 20
30.405328251148905
  0
VERTEX
  5
7A6
100
AcDbEntity
  8
0
 62
     2
100
AcDbVertex
100
AcDb2dVertex
 10
27.815971072132161
 20
30.416608293870205
  0
VERTEX
  5
7A7
100
AcDbEntity
  8
0
 62
     2
100
AcDbVertex
100
AcDb2dVertex
 10
27.829728969869333
 20
30.492039505478498
  0
VERTEX
  5
7A8
100
AcDbEntity
  8
0
 62
     2
100
AcDbVertex
100
AcDb2dVertex
 10
27.856679558900748
 20
30.554475481250293
  0
VERTEX
  5
7A9
100
AcDbEntity
  8
0
 62
     2
100
AcDbVertex
100
AcDb2dVertex
 10
27.896822629583095
 20
30.603916371689646
  0
VERTEX
  5
7AA
100
AcDbEntity
  8
0
 62
     2
100
AcDbVertex
100
AcDb2dVertex
 10
27.948901770502165
 20
30.639702505654721
  0
VERTEX
  5
7AB
100
AcDbEntity
  8
0
 62
     2
100
AcDbVertex
100
AcDb2dVertex
 10
28.011660753371228
 20
30.661174129482252
  0
VERTEX
  5
7AC
100
AcDbEntity
  8
0
 62
     2
100
AcDbVertex
100
AcDb2dVertex
 10
28.085099333297517
 20
30.668331352492846
  0
VERTEX
  5
7AD
100
AcDbEntity
  8
0
 62
     2
100
AcDbVertex
100
AcDb2dVertex
 10
28.159103238232444
 20
30.660613457433438
  0
VERTEX
  5
7AE
100
AcDbEntity
  8
0
 62
     2
100
AcDbVertex
100
AcDb2dVertex
 10
28.222050705230497
 20
30.637459650549356
  0
VERTEX
  5
7AF
100
AcDbEntity
  8
0
 62
     2
100
AcDbVertex
100
AcDb2dVertex
 10
28.27394143251858
 20
30.598870036788014
  0
VERTEX
  5
7B0
100
AcDbEntity
  8
0
 62
     2
100
AcDbVertex
100
AcDb2dVertex
 10
28.312576691887816
 20
30.548868479932846
  0
VERTEX
  5
7B1
100
AcDbEntity
  8
0
 62
     2
100
AcDbVertex
100
AcDb2dVertex
 10
28.335758022363454
 20
30.491478743239238
  0
VERTEX
  5
7B2
100
AcDbEntity
  8
0
 62
     2
100
AcDbVertex
100
AcDb2dVertex
 10
28.343485079836523
 20
30.426700963673468
  0
VERTEX
  5
7B3
100
AcDbEntity
  8
0
 62
     2
100
AcDbVertex
100
AcDb2dVertex
 10
28.341223392851287
 20
30.39206930424551
  0
VERTEX
  5
7B4
100
AcDbEntity
  8
0
 62
     2
100
AcDbVertex
100
AcDb2dVertex
 10
28.334438764586121
 20
30.357833325046304
  0
VERTEX
  5
7B5
100
AcDbEntity
  8
0
 62
     2
100
AcDbVertex
100
AcDb2dVertex
 10
28.323130841597123
 20
30.323993206263758
  0
VERTEX
  5
7B6
100
AcDbEntity
  8
0
 62
     2
100
AcDbVertex
100
AcDb2dVertex
 10
28.30657721463918
 20
30.289757346533534
  0
VERTEX
  5
7B7
100
AcDbEntity
  8
0
 62
     2
100
AcDbVertex
100
AcDb2dVertex
 10
28.284055741163076
 20
30.254333984423884
  0
VERTEX
  5
7B8
100
AcDbEntity
  8
0
 62
     2
100
AcDbVertex
100
AcDb2dVertex
 10
28.255566078552459
 20
30.217723330099954
  0
VERTEX
  5
7B9
100
AcDbEntity
  8
0
 62
     2
100
AcDbVertex
100
AcDb2dVertex
 10
28.21715049799224
 20
30.17590148571426
  0
VERTEX
  5
7BA
100
AcDbEntity
  8
0
 62
     2
100
AcDbVertex
100
AcDb2dVertex
 10
28.164851518377635
 20
30.124844368517468
  0
VERTEX
  5
7BB
100
AcDbEntity
  8
0
 62
     2
100
AcDbVertex
100
AcDb2dVertex
 10
28.098668825457107
 20
30.06455222367391
  0
VERTEX
  5
7BC
100
AcDbEntity
  8
0
 62
     2
100
AcDbVertex
100
AcDb2dVertex
 10
28.044893348327431
 20
30.016496685393623
  0
VERTEX
  5
7BD
100
AcDbEntity
  8
0
 62
     2
100
AcDbVertex
100
AcDb2dVertex
 10
28.005692683216989
 20
29.979984872492086
  0
VERTEX
  5
7BE
100
AcDbEntity
  8
0
 62
     2
100
AcDbVertex
100
AcDb2dVertex
 10
27.981066560073938
 20
29.95501707198552
  0
VERTEX
  5
7BF
100
AcDbEntity
  8
0
 62
     2
100
AcDbVertex
100
AcDb2dVertex
 10
27.964732838667256
 20
29.935788317913676
  0
VERTEX
  5
7C0
100
AcDbEntity
  8
0
 62
     2
100
AcDbVertex
100
AcDb2dVertex
 10
27.950409567605345
 20
29.916493404001059
  0
VERTEX
  5
7C1
100
AcDbEntity
  8
0
 62
     2
100
AcDbVertex
100
AcDb2dVertex
 10
27.938096501568541
 20
29.897132642231494
  0
VERTEX
  5
7C2
100
AcDbEntity
  8
0
 62
     2
100
AcDbVertex
100
AcDb2dVertex
 10
28.344615870849818
 20
29.897132642231494
  0
SEQEND
  5
7C3
100
AcDbEntity
  8
0
  0
POLYLINE
  5
7C4
100
AcDbEntity
  8
0
 62
     2
100
AcDb2dPolyline
 66
     1
 10
0.0
 20
0.0
 30
0.0
 40
0.000000247740786108
 41
0.000000247740786108
  0
VERTEX
  5
7C5
100
AcDbEntity
  8
0
 62
     2
100
AcDbVertex
100
AcDb2dVertex
 10
28.454302599139897
 20
30.024181544460845
  0
VERTEX
  5
7C6
100
AcDbEntity
  8
0
 62
     2
100
AcDbVertex
100
AcDb2dVertex
 10
28.556073790336885
 20
30.038430019477222
  0
VERTEX
  5
7C7
100
AcDbEntity
  8
0
 62
     2
100
AcDbVertex
100
AcDb2dVertex
 10
28.570491252583953
 20
29.983514106710711
  0
VERTEX
  5
7C8
100
AcDbEntity
  8
0
 62
     2
100
AcDbVertex
100
AcDb2dVertex
 10
28.590374468770623
 20
29.939878053020532
  0
VERTEX
  5
7C9
100
AcDbEntity
  8
0
 62
     2
100
AcDbVertex
100
AcDb2dVertex
 10
28.615723016288452
 20
29.907522155264267
  0
VERTEX
  5
7CA
100
AcDbEntity
  8
0
 62
     2
100
AcDbVertex
100
AcDb2dVertex
 10
28.645845903789368
 20
29.88525900816051
  0
VERTEX
  5
7CB
100
AcDbEntity
  8
0
 62
     2
100
AcDbVertex
100
AcDb2dVertex
 10
28.680052480161709
 20
29.87190095457791
  0
VERTEX
  5
7CC
100
AcDbEntity
  8
0
 62
     2
100
AcDbVertex
100
AcDb2dVertex
 10
28.718342300745409
 20
29.867448319280708
  0
VERTEX
  5
7CD
100
AcDbEntity
  8
0
 62
     2
100
AcDbVertex
100
AcDb2dVertex
 10
28.763730857519302
 20
29.873253351569453
  0
VERTEX
  5
7CE
100
AcDbEntity
  8
0
 62
     2
100
AcDbVertex
100
AcDb2dVertex
 10
28.804156795359784
 20
29.890668045459819
  0
VERTEX
  5
7CF
100
AcDbEntity
  8
0
 62
     2
100
AcDbVertex
100
AcDb2dVertex
 10
28.839619636921814
 20
29.919692727674089
  0
VERTEX
  5
7D0
100
AcDbEntity
  8
0
 62
     2
100
AcDbVertex
100
AcDb2dVertex
 10
28.867103992462948
 20
29.957292962746731
  0
VERTEX
  5
7D1
100
AcDbEntity
  8
0
 62
     2
100
AcDbVertex
100
AcDb2dVertex
 10
28.883594863202223
 20
30.000434077886627
  0
VERTEX
  5
7D2
100
AcDbEntity
  8
0
 62
     2
100
AcDbVertex
100
AcDb2dVertex
 10
28.889091743753678
 20
30.049116375739505
  0
VERTEX
  5
7D3
100
AcDbEntity
  8
0
 62
     2
100
AcDbVertex
100
AcDb2dVertex
 10
28.884003032435597
 20
30.095325052837683
  0
VERTEX
  5
7D4
100
AcDbEntity
  8
0
 62
     2
100
AcDbVertex
100
AcDb2dVertex
 10
28.868737523550127
 20
30.135794591516639
  0
VERTEX
  5
7D5
100
AcDbEntity
  8
0
 62
     2
100
AcDbVertex
100
AcDb2dVertex
 10
28.843294707715035
 20
30.170525256608208
  0
VERTEX
  5
7D6
100
AcDbEntity
  8
0
 62
     2
100
AcDbVertex
100
AcDb2dVertex
 10
28.809999047466132
 20
30.197076305272461
  0
VERTEX
  5
7D7
100
AcDbEntity
  8
0
 62
     2
100
AcDbVertex
100
AcDb2dVertex
 10
28.771175385350151
 20
30.213006812900144
  0
VERTEX
  5
7D8
100
AcDbEntity
  8
0
 62
     2
100
AcDbVertex
100
AcDb2dVertex
 10
28.726823233345161
 20
30.21831701655897
  0
VERTEX
  5
7D9
100
AcDbEntity
  8
0
 62
     2
100
AcDbVertex
100
AcDb2dVertex
 10
28.706029105738882
 20
30.216997781006441
  0
VERTEX
  5
7DA
100
AcDbEntity
  8
0
 62
     2
100
AcDbVertex
100
AcDb2dVertex
 10
28.682094182234994
 20
30.213039794454989
  0
VERTEX
  5
7DB
100
AcDbEntity
  8
0
 62
     2
100
AcDbVertex
100
AcDb2dVertex
 10
28.65501800400062
 20
30.206443287378658
  0
VERTEX
  5
7DC
100
AcDbEntity
  8
0
 62
     2
100
AcDbVertex
100
AcDb2dVertex
 10
28.666325914133612
 20
30.300245747903134
  0
VERTEX
  5
7DD
100
AcDbEntity
  8
0
 62
     2
100
AcDbVertex
100
AcDb2dVertex
 10
28.672670775512454
 20
30.299586157045162
  0
VERTEX
  5
7DE
100
AcDbEntity
  8
0
 62
     2
100
AcDbVertex
100
AcDb2dVertex
 10
28.678136415596871
 20
30.299190297443047
  0
VERTEX
  5
7DF
100
AcDbEntity
  8
0
 62
     2
100
AcDbVertex
100
AcDb2dVertex
 10
28.682722383826469
 20
30.299058374985101
  0
VERTEX
  5
7E0
100
AcDbEntity
  8
0
 62
     2
100
AcDbVertex
100
AcDb2dVertex
 10
28.724624338166773
 20
30.303016345730594
  0
VERTEX
  5
7E1
100
AcDbEntity
  8
0
 62
     2
100
AcDbVertex
100
AcDb2dVertex
 10
28.763636783576199
 20
30.31489000722118
  0
VERTEX
  5
7E2
100
AcDbEntity
  8
0
 62
     2
100
AcDbVertex
100
AcDb2dVertex
 10
28.799759253702998
 20
30.334679562526041
  0
VERTEX
  5
7E3
100
AcDbEntity
  8
0
 62
     2
100
AcDbVertex
100
AcDb2dVertex
 10
28.828657101371416
 20
30.362714813899167
  0
VERTEX
  5
7E4
100
AcDbEntity
  8
0
 62
     2
100
AcDbVertex
100
AcDb2dVertex
 10
28.845996061631812
 20
30.399325417261661
  0
VERTEX
  5
7E5
100
AcDbEntity
  8
0
 62
     2
100
AcDbVertex
100
AcDb2dVertex
 10
28.851775640314781
 20
30.444511557443938
  0
VERTEX
  5
7E6
100
AcDbEntity
  8
0
 62
     2
100
AcDbVertex
100
AcDb2dVertex
 10
28.847566436349634
 20
30.481452095682688
  0
VERTEX
  5
7E7
100
AcDbEntity
  8
0
 62
     2
100
AcDbVertex
100
AcDb2dVertex
 10
28.834939436447275
 20
30.513906904446703
  0
VERTEX
  5
7E8
100
AcDbEntity
  8
0
 62
     2
100
AcDbVertex
100
AcDb2dVertex
 10
28.813894141369243
 20
30.541876136722511
  0
VERTEX
  5
7E9
100
AcDbEntity
  8
0
 62
     2
100
AcDbVertex
100
AcDb2dVertex
 10
28.786189616879373
 20
30.563314853734042
  0
VERTEX
  5
7EA
100
AcDbEntity
  8
0
 62
     2
100
AcDbVertex
100
AcDb2dVertex
 10
28.753585303144458
 20
30.576178016787924
  0
VERTEX
  5
7EB
100
AcDbEntity
  8
0
 62
     2
100
AcDbVertex
100
AcDb2dVertex
 10
28.716080718718811
 20
30.580465756558528
  0
VERTEX
  5
7EC
100
AcDbEntity
  8
0
 62
     2
100
AcDbVertex
100
AcDb2dVertex
 10
28.678701657776362
 20
30.576112092433615
  0
VERTEX
  5
7ED
100
AcDbEntity
  8
0
 62
     2
100
AcDbVertex
100
AcDb2dVertex
 10
28.64572040389287
 20
30.563050947718825
  0
VERTEX
  5
7EE
100
AcDbEntity
  8
0
 62
     2
100
AcDbVertex
100
AcDb2dVertex
 10
28.617136505055075
 20
30.541282450263495
  0
VERTEX
  5
7EF
100
AcDbEntity
  8
0
 62
     2
100
AcDbVertex
100
AcDb2dVertex
 10
28.593892340001101
 20
30.510806585856031
  0
VERTEX
  5
7F0
100
AcDbEntity
  8
0
 62
     2
100
AcDbVertex
100
AcDb2dVertex
 10
28.576930617574984
 20
30.4716232303489
  0
VERTEX
  5
7F1
100
AcDbEntity
  8
0
 62
     2
100
AcDbVertex
100
AcDb2dVertex
 10
28.566250909456581
 20
30.423732531378391
  0
VERTEX
  5
7F2
100
AcDbEntity
  8
0
 62
     2
100
AcDbVertex
100
AcDb2dVertex
 10
28.4644797182596
 20
30.442730498066894
  0
VERTEX
  5
7F3
100
AcDbEntity
  8
0
 62
     2
100
AcDbVertex
100
AcDb2dVertex
 10
28.482195328894935
 20
30.508992550178533
  0
VERTEX
  5
7F4
100
AcDbEntity
  8
0
 62
     2
100
AcDbVertex
100
AcDb2dVertex
 10
28.510465236976248
 20
30.564502185628012
  0
VERTEX
  5
7F5
100
AcDbEntity
  8
0
 62
     2
100
AcDbVertex
100
AcDb2dVertex
 10
28.549289044257083
 20
30.609259549820788
  0
VERTEX
  5
7F6
100
AcDbEntity
  8
0
 62
     2
100
AcDbVertex
100
AcDb2dVertex
 10
28.596970608732644
 20
30.642077251136918
  0
VERTEX
  5
7F7
100
AcDbEntity
  8
0
 62
     2
100
AcDbVertex
100
AcDb2dVertex
 10
28.651814116795311
 20
30.661767815870494
  0
VERTEX
  5
7F8
100
AcDbEntity
  8
0
 62
     2
100
AcDbVertex
100
AcDb2dVertex
 10
28.713819136692212
 20
30.668331352492846
  0
VERTEX
  5
7F9
100
AcDbEntity
  8
0
 62
     2
100
AcDbVertex
100
AcDb2dVertex
 10
28.757857026923734
 20
30.664934175744982
  0
VERTEX
  5
7FA
100
AcDbEntity
  8
0
 62
     2
100
AcDbVertex
100
AcDb2dVertex
 10
28.799507987967385
 20
30.654742524310596
  0
VERTEX
  5
7FB
100
AcDbEntity
  8
0
 62
     2
100
AcDbVertex
100
AcDb2dVertex
 10
28.838771543661839
 20
30.637756499853541
  0
VERTEX
  5
7FC
100
AcDbEntity
  8
0
 62
     2
100
AcDbVertex
100
AcDb2dVertex
 10
28.873857327756628
 20
30.614899603377882
  0
VERTEX
  5
7FD
100
AcDbEntity
  8
0
 62
     2
100
AcDbVertex
100
AcDb2dVertex
 10
28.902975365913353
 20
30.587095248746706
  0
VERTEX
  5
7FE
100
AcDbEntity
  8
0
 62
     2
100
AcDbVertex
100
AcDb2dVertex
 10
28.926125149439248
 20
30.554343552361839
  0
VERTEX
  5
7FF
100
AcDbEntity
  8
0
 62
     2
100
AcDbVertex
100
AcDb2dVertex
 10
28.942929805048319
 20
30.518392578739839
  0
VERTEX
  5
800
100
AcDbEntity
  8
0
 62
     2
100
AcDbVertex
100
AcDb2dVertex
 10
28.953012867562268
 20
30.480990283810602
  0
VERTEX
  5
801
100
AcDbEntity
  8
0
 62
     2
100
AcDbVertex
100
AcDb2dVertex
 10
28.956373809045015
 20
30.442136811607877
  0
VERTEX
  5
802
100
AcDbEntity
  8
0
 62
     2
100
AcDbVertex
100
AcDb2dVertex
 10
28.953169743744464
 20
30.405658126421237
  0
VERTEX
  5
803
100
AcDbEntity
  8
0
 62
     2
100
AcDbVertex
100
AcDb2dVertex
 10
28.943558196901119
 20
30.37142214864863
  0
VERTEX
  5
804
100
AcDbEntity
  8
0
 62
     2
100
AcDbVertex
100
AcDb2dVertex
 10
28.927538638205871
 20
30.339429054198167
  0
VERTEX
  5
805
100
AcDbEntity
  8
0
 62
     2
100
AcDbVertex
100
AcDb2dVertex
 10
28.905236772011197
 20
30.310668301664141
  0
VERTEX
  5
806
100
AcDbEntity
  8
0
 62
     2
100
AcDbVertex
100
AcDb2dVertex
 10
28.876778703457578
 20
30.28612919377721
  0
VERTEX
  5
807
100
AcDbEntity
  8
0
 62
     2
100
AcDbVertex
100
AcDb2dVertex
 10
28.842163916701733
 20
30.265811933280222
  0
VERTEX
  5
808
100
AcDbEntity
  8
0
 62
     2
100
AcDbVertex
100
AcDb2dVertex
 10
28.887521051945708
 20
30.249683514894812
  0
VERTEX
  5
809
100
AcDbEntity
  8
0
 62
     2
100
AcDbVertex
100
AcDb2dVertex
 10
28.925591186961316
 20
30.225045452586667
  0
VERTEX
  5
80A
100
AcDbEntity
  8
0
 62
     2
100
AcDbVertex
100
AcDb2dVertex
 10
28.956373809045015
 20
30.191897969132771
  0
VERTEX
  5
80B
100
AcDbEntity
  8
0
 62
     2
100
AcDbVertex
100
AcDb2dVertex
 10
28.978989471238361
 20
30.151362447688086
  0
VERTEX
  5
80C
100
AcDbEntity
  8
0
 62
     2
100
AcDbVertex
100
AcDb2dVertex
 10
28.992559142754157
 20
30.104560081307998
  0
VERTEX
  5
80D
100
AcDbEntity
  8
0
 62
     2
100
AcDbVertex
100
AcDb2dVertex
 10
28.997082285523813
 20
30.051491121575566
  0
VERTEX
  5
80E
100
AcDbEntity
  8
0
 62
     2
100
AcDbVertex
100
AcDb2dVertex
 10
28.988287083147423
 20
29.979358300632924
  0
VERTEX
  5
80F
100
AcDbEntity
  8
0
 62
     2
100
AcDbVertex
100
AcDb2dVertex
 10
28.961902138788812
 20
29.914943220026284
  0
VERTEX
  5
810
100
AcDbEntity
  8
0
 62
     2
100
AcDbVertex
100
AcDb2dVertex
 10
28.917926914592822
 20
29.858246179165967
  0
VERTEX
  5
811
100
AcDbEntity
  8
0
 62
     2
100
AcDbVertex
100
AcDb2dVertex
 10
28.860507706736957
 20
29.814214533537093
  0
VERTEX
  5
812
100
AcDbEntity
  8
0
 62
     2
100
AcDbVertex
100
AcDb2dVertex
 10
28.793791203963583
 20
29.787795371388619
  0
VERTEX
  5
813
100
AcDbEntity
  8
0
 62
     2
100
AcDbVertex
100
AcDb2dVertex
 10
28.717776905238754
 20
29.778989036887374
  0
VERTEX
  5
814
100
AcDbEntity
  8
0
 62
     2
100
AcDbVertex
100
AcDb2dVertex
 10
28.649144037777663
 20
29.786575136199922
  0
VERTEX
  5
815
100
AcDbEntity
  8
0
 62
     2
100
AcDbVertex
100
AcDb2dVertex
 10
28.588741098901128
 20
29.809333000129065
  0
VERTEX
  5
816
100
AcDbEntity
  8
0
 62
     2
100
AcDbVertex
100
AcDb2dVertex
 10
28.536567645357461
 20
29.847262979674177
  0
VERTEX
  5
817
100
AcDbEntity
  8
0
 62
     2
100
AcDbVertex
100
AcDb2dVertex
 10
28.495387885923844
 20
29.897264671266605
  0
VERTEX
  5
818
100
AcDbEntity
  8
0
 62
     2
100
AcDbVertex
100
AcDb2dVertex
 10
28.467966337457629
 20
29.956237419902731
  0
VERTEX
  5
819
100
AcDbEntity
  8
0
 62
     2
100
AcDbVertex
100
AcDb2dVertex
 10
28.454302599139897
 20
30.024181544460845
  0
SEQEND
  5
81A
100
AcDbEntity
  8
0
  0
POLYLINE
  5
81B
100
AcDbEntity
  8
0
 62
     2
100
AcDb2dPolyline
 66
     1
 10
0.0
 20
0.0
 30
0.0
 40
0.000000247740786108
 41
0.000000247740786108
  0
VERTEX
  5
81C
100
AcDbEntity
  8
0
 62
     2
100
AcDbVertex
100
AcDb2dVertex
 10
29.254337241049516
 20
30.266405619739238
  0
VERTEX
  5
81D
100
AcDbEntity
  8
0
 62
     2
100
AcDbVertex
100
AcDb2dVertex
 10
29.215764521447735
 20
30.284941893681914
  0
VERTEX
  5
81E
100
AcDbEntity
  8
0
 62
     2
100
AcDbVertex
100
AcDb2dVertex
 10
29.184479506151934
 20
30.308095596068771
  0
VERTEX
  5
81F
100
AcDbEntity
  8
0
 62
     2
100
AcDbVertex
100
AcDb2dVertex
 10
29.160481586945632
 20
30.335866935444074
  0
VERTEX
  5
820
100
AcDbEntity
  8
0
 62
     2
100
AcDbVertex
100
AcDb2dVertex
 10
29.143519547589445
 20
30.367926061364997
  0
VERTEX
  5
821
100
AcDbEntity
  8
0
 62
     2
100
AcDbVertex
100
AcDb2dVertex
 10
29.133342624432959
 20
30.403942978479812
  0
VERTEX
  5
822
100
AcDbEntity
  8
0
 62
     2
100
AcDbVertex
100
AcDb2dVertex
 10
29.129950229586537
 20
30.443917870984926
  0
VERTEX
  5
823
100
AcDbEntity
  8
0
 62
     2
100
AcDbVertex
100
AcDb2dVertex
 10
29.137174555915347
 20
30.503880250282055
  0
VERTEX
  5
824
100
AcDbEntity
  8
0
 62
     2
100
AcDbVertex
100
AcDb2dVertex
 10
29.158848246512637
 20
30.55711408736849
  0
VERTEX
  5
825
100
AcDbEntity
  8
0
 62
     2
100
AcDbVertex
100
AcDb2dVertex
 10
29.194970712851283
 20
30.60361952846014
  0
VERTEX
  5
826
100
AcDbEntity
  8
0
 62
     2
100
AcDbVertex
100
AcDb2dVertex
 10
29.243091974223145
 20
30.639570575350152
  0
VERTEX
  5
827
100
AcDbEntity
  8
0
 62
     2
100
AcDbVertex
100
AcDb2dVertex
 10
29.300762522401261
 20
30.661141146905127
  0
VERTEX
  5
828
100
AcDbEntity
  8
0
 62
     2
100
AcDbVertex
100
AcDb2dVertex
 10
29.367981737886151
 20
30.668331352492846
  0
VERTEX
  5
829
100
AcDbEntity
  8
0
 62
     2
100
AcDbVertex
100
AcDb2dVertex
 10
29.435640539250155
 20
30.660976265841278
  0
VERTEX
  5
82A
100
AcDbEntity
  8
0
 62
     2
100
AcDbVertex
100
AcDb2dVertex
 10
29.493876500365101
 20
30.638910884223964
  0
VERTEX
  5
82B
100
AcDbEntity
  8
0
 62
     2
100
AcDbVertex
100
AcDb2dVertex
 10
29.542688949440969
 20
30.602135312312601
  0
VERTEX
  5
82C
100
AcDbEntity
  8
0
 62
     2
100
AcDbVertex
100
AcDb2dVertex
 10
29.579439448653535
 20
30.554805344218941
  0
VERTEX
  5
82D
100
AcDbEntity
  8
0
 62
     2
100
AcDbVertex
100
AcDb2dVertex
 10
29.601490110505626
 20
30.501076674697561
  0
VERTEX
  5
82E
100
AcDbEntity
  8
0
 62
     2
100
AcDbVertex
100
AcDb2dVertex
 10
29.60884022371901
 20
30.440949438689845
  0
VERTEX
  5
82F
100
AcDbEntity
  8
0
 62
     2
100
AcDbVertex
100
AcDb2dVertex
 10
29.605479048289634
 20
30.402326885923756
  0
VERTEX
  5
830
100
AcDbEntity
  8
0
 62
     2
100
AcDbVertex
100
AcDb2dVertex
 10
29.595396401500548
 20
30.367200378208533
  0
VERTEX
  5
831
100
AcDbEntity
  8
0
 62
     2
100
AcDbVertex
100
AcDb2dVertex
 10
29.578591564113243
 20
30.335570092214564
  0
VERTEX
  5
832
100
AcDbEntity
  8
0
 62
     2
100
AcDbVertex
100
AcDb2dVertex
 10
29.55493897518345
 20
30.307963730333697
  0
VERTEX
  5
833
100
AcDbEntity
  8
0
 62
     2
100
AcDbVertex
100
AcDb2dVertex
 10
29.52431361986255
 20
30.284908838369866
  0
VERTEX
  5
834
100
AcDbEntity
  8
0
 62
     2
100
AcDbVertex
100
AcDb2dVertex
 10
29.48671479428263
 20
30.266405619739238
  0
VERTEX
  5
835
100
AcDbEntity
  8
0
 62
     2
100
AcDbVertex
100
AcDb2dVertex
 10
29.533548184820095
 20
30.245428762037978
  0
VERTEX
  5
836
100
AcDbEntity
  8
0
 62
     2
100
AcDbVertex
100
AcDb2dVertex
 10
29.572278010277937
 20
30.217327528355376
  0
VERTEX
  5
837
100
AcDbEntity
  8
0
 62
     2
100
AcDbVertex
100
AcDb2dVertex
 10
29.602903570899183
 20
30.182102142559014
  0
VERTEX
  5
838
100
AcDbEntity
  8
0
 62
     2
100
AcDbVertex
100
AcDb2dVertex
 10
29.625048014880154
 20
30.140808022645832
  0
VERTEX
  5
839
100
AcDbEntity
  8
0
 62
     2
100
AcDbVertex
100
AcDb2dVertex
 10
29.638335051048525
 20
30.094500394045163
  0
VERTEX
  5
83A
100
AcDbEntity
  8
0
 62
     2
100
AcDbVertex
100
AcDb2dVertex
 10
29.642763954117999
 20
30.043179511149347
  0
VERTEX
  5
83B
100
AcDbEntity
  8
0
 62
     2
100
AcDbVertex
100
AcDb2dVertex
 10
29.634408448588001
 20
29.972728802521939
  0
VERTEX
  5
83C
100
AcDbEntity
  8
0
 62
     2
100
AcDbVertex
100
AcDb2dVertex
 10
29.609342822883935
 20
29.910193728428208
  0
VERTEX
  5
83D
100
AcDbEntity
  8
0
 62
     2
100
AcDbVertex
100
AcDb2dVertex
 10
29.567566351733564
 20
29.855574590100396
  0
VERTEX
  5
83E
100
AcDbEntity
  8
0
 62
     2
100
AcDbVertex
100
AcDb2dVertex
 10
29.512157383355021
 20
29.813356986595089
  0
VERTEX
  5
83F
100
AcDbEntity
  8
0
 62
     2
100
AcDbVertex
100
AcDb2dVertex
 10
29.446194804125202
 20
29.788026249505815
  0
VERTEX
  5
840
100
AcDbEntity
  8
0
 62
     2
100
AcDbVertex
100
AcDb2dVertex
 10
29.369677924406101
 20
29.77958272334639
  0
VERTEX
  5
841
100
AcDbEntity
  8
0
 62
     2
100
AcDbVertex
100
AcDb2dVertex
 10
29.29316087519403
 20
29.788059352336482
  0
VERTEX
  5
842
100
AcDbEntity
  8
0
 62
     2
100
AcDbVertex
100
AcDb2dVertex
 10
29.227198276117921
 20
29.813488805614128
  0
VERTEX
  5
843
100
AcDbEntity
  8
0
 62
     2
100
AcDbVertex
100
AcDb2dVertex
 10
29.171789497078631
 20
29.855871433329906
  0
VERTEX
  5
844
100
AcDbEntity
  8
0
 62
     2
100
AcDbVertex
100
AcDb2dVertex
 10
29.130012877048276
 20
29.910919458959288
  0
VERTEX
  5
845
100
AcDbEntity
  8
0
 62
     2
100
AcDbVertex
100
AcDb2dVertex
 10
29.104947204694707
 20
29.974344857369285
  0
VERTEX
  5
846
100
AcDbEntity
  8
0
 62
     2
100
AcDbVertex
100
AcDb2dVertex
 10
29.096591894694196
 20
30.046147943444428
  0
VERTEX
  5
847
100
AcDbEntity
  8
0
 62
     2
100
AcDbVertex
100
AcDb2dVertex
 10
29.101146300531394
 20
30.099678753620356
  0
VERTEX
  5
848
100
AcDbEntity
  8
0
 62
     2
100
AcDbVertex
100
AcDb2dVertex
 10
29.114810217552996
 20
30.147074634793633
  0
VERTEX
  5
849
100
AcDbEntity
  8
0
 62
     2
100
AcDbVertex
100
AcDb2dVertex
 10
29.137583068926315
 20
30.188335850378678
  0
VERTEX
  5
84A
100
AcDbEntity
  8
0
 62
     2
100
AcDbVertex
100
AcDb2dVertex
 10
29.168773881173397
 20
30.222472891082052
  0
VERTEX
  5
84B
100
AcDbEntity
  8
0
 62
     2
100
AcDbVertex
100
AcDb2dVertex
 10
29.207692137550271
 20
30.248496071232186
  0
VERTEX
  5
84C
100
AcDbEntity
  8
0
 62
     2
100
AcDbVertex
100
AcDb2dVertex
 10
29.254337241049516
 20
30.266405619739238
  0
SEQEND
  5
84D
100
AcDbEntity
  8
0
  0
POLYLINE
  5
84E
100
AcDbEntity
  8
0
 62
     2
100
AcDb2dPolyline
 66
     1
 10
0.0
 20
0.0
 30
0.0
 40
0.000000247740786108
 41
0.000000247740786108
  0
VERTEX
  5
84F
100
AcDbEntity
  8
0
 62
     2
100
AcDbVertex
100
AcDb2dVertex
 10
29.233983002810124
 20
30.447479989739019
  0
VERTEX
  5
850
100
AcDbEntity
  8
0
 62
     2
100
AcDbVertex
100
AcDb2dVertex
 10
29.238191877402645
 20
30.408824453884172
  0
VERTEX
  5
851
100
AcDbEntity
  8
0
 62
     2
100
AcDbVertex
100
AcDb2dVertex
 10
29.250819249177322
 20
30.375182163054198
  0
VERTEX
  5
852
100
AcDbEntity
  8
0
 62
     2
100
AcDbVertex
100
AcDb2dVertex
 10
29.271864501755662
 20
30.346553291706353
  0
VERTEX
  5
853
100
AcDbEntity
  8
0
 62
     2
100
AcDbVertex
100
AcDb2dVertex
 10
29.299631518598677
 20
30.32478484574489
  0
VERTEX
  5
854
100
AcDbEntity
  8
0
 62
     2
100
AcDbVertex
100
AcDb2dVertex
 10
29.332424669390701
 20
30.311723677832958
  0
VERTEX
  5
855
100
AcDbEntity
  8
0
 62
     2
100
AcDbVertex
100
AcDb2dVertex
 10
29.370243319912749
 20
30.30736998541132
  0
VERTEX
  5
856
100
AcDbEntity
  8
0
 62
     2
100
AcDbVertex
100
AcDb2dVertex
 10
29.407088066790127
 20
30.311690763853651
  0
VERTEX
  5
857
100
AcDbEntity
  8
0
 62
     2
100
AcDbVertex
100
AcDb2dVertex
 10
29.439221599260218
 20
30.324652851413752
  0
VERTEX
  5
858
100
AcDbEntity
  8
0
 62
     2
100
AcDbVertex
100
AcDb2dVertex
 10
29.466643253796558
 20
30.346256448476847
  0
VERTEX
  5
859
100
AcDbEntity
  8
0
 62
     2
100
AcDbVertex
100
AcDb2dVertex
 10
29.48753127501821
 20
30.374126785802822
  0
VERTEX
  5
85A
100
AcDbEntity
  8
0
 62
     2
100
AcDbVertex
100
AcDb2dVertex
 10
29.500064437252195
 20
30.405888950509194
  0
VERTEX
  5
85B
100
AcDbEntity
  8
0
 62
     2
100
AcDbVertex
100
AcDb2dVertex
 10
29.504242054988776
 20
30.441543125148861
  0
VERTEX
  5
85C
100
AcDbEntity
  8
0
 62
     2
100
AcDbVertex
100
AcDb2dVertex
 10
29.499938562620581
 20
30.478648576554193
  0
VERTEX
  5
85D
100
AcDbEntity
  8
0
 62
     2
100
AcDbVertex
100
AcDb2dVertex
 10
29.487028927957272
 20
30.511598123789135
  0
VERTEX
  5
85E
100
AcDbEntity
  8
0
 62
     2
100
AcDbVertex
100
AcDb2dVertex
 10
29.465512462783256
 20
30.540391920574969
  0
VERTEX
  5
85F
100
AcDbEntity
  8
0
 62
     2
100
AcDbVertex
100
AcDb2dVertex
 10
29.43758800654879
 20
30.562655202211204
  0
VERTEX
  5
860
100
AcDbEntity
  8
0
 62
     2
100
AcDbVertex
100
AcDb2dVertex
 10
29.405454918697107
 20
30.576013103902298
  0
VERTEX
  5
861
100
AcDbEntity
  8
0
 62
     2
100
AcDbVertex
100
AcDb2dVertex
 10
29.369112528899446
 20
30.580465756558528
  0
VERTEX
  5
862
100
AcDbEntity
  8
0
 62
     2
100
AcDbVertex
100
AcDb2dVertex
 10
29.33248727275355
 20
30.576112092433615
  0
VERTEX
  5
863
100
AcDbEntity
  8
0
 62
     2
100
AcDbVertex
100
AcDb2dVertex
 10
29.300259942697583
 20
30.563050947718825
  0
VERTEX
  5
864
100
AcDbEntity
  8
0
 62
     2
100
AcDbVertex
100
AcDb2dVertex
 10
29.272429897262317
 20
30.541282450263495
  0
VERTEX
  5
865
100
AcDbEntity
  8
0
 62
     2
100
AcDbVertex
100
AcDb2dVertex
 10
29.251070327875272
 20
30.513445192458502
  0
VERTEX
  5
866
100
AcDbEntity
  8
0
 62
     2
100
AcDbVertex
100
AcDb2dVertex
 10
29.238254902821456
 20
30.482177657073326
  0
VERTEX
  5
867
100
AcDbEntity
  8
0
 62
     2
100
AcDbVertex
100
AcDb2dVertex
 10
29.233983002810124
 20
30.447479989739019
  0
SEQEND
  5
868
100
AcDbEntity
  8
0
  0
POLYLINE
  5
869
100
AcDbEntity
  8
0
 62
     2
100
AcDb2dPolyline
 66
     1
 10
0.0
 20
0.0
 30
0.0
 40
0.000000247740786108
 41
0.000000247740786108
  0
VERTEX
  5
86A
100
AcDbEntity
  8
0
 62
     2
100
AcDbVertex
100
AcDb2dVertex
 10
29.201190063424423
 20
30.045554256985412
  0
VERTEX
  5
86B
100
AcDbEntity
  8
0
 62
     2
100
AcDbVertex
100
AcDb2dVertex
 10
29.203482878186211
 20
30.015408261098013
  0
VERTEX
  5
86C
100
AcDbEntity
  8
0
 62
     2
100
AcDbVertex
100
AcDb2dVertex
 10
29.21036205865737
 20
29.98592173726114
  0
VERTEX
  5
86D
100
AcDbEntity
  8
0
 62
     2
100
AcDbVertex
100
AcDb2dVertex
 10
29.22182699941715
 20
29.957094974592074
  0
VERTEX
  5
86E
100
AcDbEntity
  8
0
 62
     2
100
AcDbVertex
100
AcDb2dVertex
 10
29.237814947720157
 20
29.930741983131803
  0
VERTEX
  5
86F
100
AcDbEntity
  8
0
 62
     2
100
AcDbVertex
100
AcDb2dVertex
 10
29.258263623808784
 20
29.908676532161596
  0
VERTEX
  5
870
100
AcDbEntity
  8
0
 62
     2
100
AcDbVertex
100
AcDb2dVertex
 10
29.28317241188866
 20
29.89089893441183
  0
VERTEX
  5
871
100
AcDbEntity
  8
0
 62
     2
100
AcDbVertex
100
AcDb2dVertex
 10
29.311002249365313
 20
29.877870911104779
  0
VERTEX
  5
872
100
AcDbEntity
  8
0
 62
     2
100
AcDbVertex
100
AcDb2dVertex
 10
29.340214562782005
 20
29.870053930258933
  0
VERTEX
  5
873
100
AcDbEntity
  8
0
 62
     2
100
AcDbVertex
100
AcDb2dVertex
 10
29.370808715419397
 20
29.867448319280708
  0
VERTEX
  5
874
100
AcDbEntity
  8
0
 62
     2
100
AcDbVertex
100
AcDb2dVertex
 10
29.416605557546479
 20
29.872923525744145
  0
VERTEX
  5
875
100
AcDbEntity
  8
0
 62
     2
100
AcDbVertex
100
AcDb2dVertex
 10
29.45674886064349
 20
29.889348742119267
  0
VERTEX
  5
876
100
AcDbEntity
  8
0
 62
     2
100
AcDbVertex
100
AcDb2dVertex
 10
29.491237958335827
 20
29.916724295379009
  0
VERTEX
  5
877
100
AcDbEntity
  8
0
 62
     2
100
AcDbVertex
100
AcDb2dVertex
 10
29.517622878021523
 20
29.952543471379979
  0
VERTEX
  5
878
100
AcDbEntity
  8
0
 62
     2
100
AcDbVertex
100
AcDb2dVertex
 10
29.533454183517765
 20
29.994299317665963
  0
VERTEX
  5
879
100
AcDbEntity
  8
0
 62
     2
100
AcDbVertex
100
AcDb2dVertex
 10
29.538731180894413
 20
30.041992138231315
  0
VERTEX
  5
87A
100
AcDbEntity
  8
0
 62
     2
100
AcDbVertex
100
AcDb2dVertex
 10
29.533296894512045
 20
30.090476613976289
  0
VERTEX
  5
87B
100
AcDbEntity
  8
0
 62
     2
100
AcDbVertex
100
AcDb2dVertex
 10
29.516994889853404
 20
30.133024054804228
  0
VERTEX
  5
87C
100
AcDbEntity
  8
0
 62
     2
100
AcDbVertex
100
AcDb2dVertex
 10
29.489824469569204
 20
30.169634726919686
  0
VERTEX
  5
87D
100
AcDbEntity
  8
0
 62
     2
100
AcDbVertex
100
AcDb2dVertex
 10
29.454487048063545
 20
30.197669991756051
  0
VERTEX
  5
87E
100
AcDbEntity
  8
0
 62
     2
100
AcDbVertex
100
AcDb2dVertex
 10
29.413684563902006
 20
30.214491029102724
  0
VERTEX
  5
87F
100
AcDbEntity
  8
0
 62
     2
100
AcDbVertex
100
AcDb2dVertex
 10
29.367416342379503
 20
30.220098075936018
  0
VERTEX
  5
880
100
AcDbEntity
  8
0
 62
     2
100
AcDbVertex
100
AcDb2dVertex
 10
29.322278743136057
 20
30.21455706966718
  0
VERTEX
  5
881
100
AcDbEntity
  8
0
 62
     2
100
AcDbVertex
100
AcDb2dVertex
 10
29.282607037907074
 20
30.197933771092622
  0
VERTEX
  5
882
100
AcDbEntity
  8
0
 62
     2
100
AcDbVertex
100
AcDb2dVertex
 10
29.248400588229689
 20
30.170228413378702
  0
VERTEX
  5
883
100
AcDbEntity
  8
0
 62
     2
100
AcDbVertex
100
AcDb2dVertex
 10
29.222172337538002
 20
30.134211507319208
  0
VERTEX
  5
884
100
AcDbEntity
  8
0
 62
     2
100
AcDbVertex
100
AcDb2dVertex
 10
29.206435699663619
 20
30.092653369773366
  0
VERTEX
  5
885
100
AcDbEntity
  8
0
 62
     2
100
AcDbVertex
100
AcDb2dVertex
 10
29.201190063424423
 20
30.045554256985412
  0
SEQEND
  5
886
100
AcDbEntity
  8
0
  0
POLYLINE
  5
887
100
AcDbEntity
  8
0
 62
     2
100
AcDb2dPolyline
 66
     1
 10
0.0
 20
0.0
 30
0.0
 40
0.000000247740786108
 41
0.000000247740786108
  0
VERTEX
  5
888
100
AcDbEntity
  8
0
 62
     2
100
AcDbVertex
100
AcDb2dVertex
 10
30.067941375118725
 20
29.794424884821783
  0
VERTEX
  5
889
100
AcDbEntity
  8
0
 62
     2
100
AcDbVertex
100
AcDb2dVertex
 10
30.067941375118725
 20
30.002808831936282
  0
VERTEX
  5
88A
100
AcDbEntity
  8
0
 62
     2
100
AcDbVertex
100
AcDb2dVertex
 10
29.708349832889393
 20
30.002808831936282
  0
VERTEX
  5
88B
100
AcDbEntity
  8
0
 62
     2
100
AcDbVertex
100
AcDb2dVertex
 10
29.708349832889393
 20
30.100767097673867
  0
VERTEX
  5
88C
100
AcDbEntity
  8
0
 62
     2
100
AcDbVertex
100
AcDb2dVertex
 10
30.08659942683818
 20
30.664769233738753
  0
VERTEX
  5
88D
100
AcDbEntity
  8
0
 62
     2
100
AcDbVertex
100
AcDb2dVertex
 10
30.169712566315713
 20
30.664769233738753
  0
VERTEX
  5
88E
100
AcDbEntity
  8
0
 62
     2
100
AcDbVertex
100
AcDb2dVertex
 10
30.169712566315713
 20
30.100767097673867
  0
VERTEX
  5
88F
100
AcDbEntity
  8
0
 62
     2
100
AcDbVertex
100
AcDb2dVertex
 10
30.281660876632397
 20
30.100767097673867
  0
VERTEX
  5
890
100
AcDbEntity
  8
0
 62
     2
100
AcDbVertex
100
AcDb2dVertex
 10
30.281660876632397
 20
30.002808831936282
  0
VERTEX
  5
891
100
AcDbEntity
  8
0
 62
     2
100
AcDbVertex
100
AcDb2dVertex
 10
30.169712566315713
 20
30.002808831936282
  0
VERTEX
  5
892
100
AcDbEntity
  8
0
 62
     2
100
AcDbVertex
100
AcDb2dVertex
 10
30.169712566315713
 20
29.794424884821783
  0
VERTEX
  5
893
100
AcDbEntity
  8
0
 62
     2
100
AcDbVertex
100
AcDb2dVertex
 10
30.067941375118725
 20
29.794424884821783
  0
SEQEND
  5
894
100
AcDbEntity
  8
0
  0
POLYLINE
  5
895
100
AcDbEntity
  8
0
 62
     2
100
AcDb2dPolyline
 66
     1
 10
0.0
 20
0.0
 30
0.0
 40
0.000000247740786108
 41
0.000000247740786108
  0
VERTEX
  5
896
100
AcDbEntity
  8
0
 62
     2
100
AcDbVertex
100
AcDb2dVertex
 10
30.067941375118725
 20
30.493193847083223
  0
VERTEX
  5
897
100
AcDbEntity
  8
0
 62
     2
100
AcDbVertex
100
AcDb2dVertex
 10
29.808424837566424
 20
30.100767097673867
  0
VERTEX
  5
898
100
AcDbEntity
  8
0
 62
     2
100
AcDbVertex
100
AcDb2dVertex
 10
30.067941375118725
 20
30.100767097673867
  0
VERTEX
  5
899
100
AcDbEntity
  8
0
 62
     2
100
AcDbVertex
100
AcDb2dVertex
 10
30.067941375118725
 20
30.493193847083223
  0
SEQEND
  5
89A
100
AcDbEntity
  8
0
  0
POLYLINE
  5
89B
100
AcDbEntity
  8
0
 62
     2
100
AcDb2dPolyline
 66
     1
 10
0.0
 20
0.0
 30
0.0
 40
0.000000247740786108
 41
0.000000247740786108
  0
VERTEX
  5
89C
100
AcDbEntity
  8
0
 62
     2
100
AcDbVertex
100
AcDb2dVertex
 10
30.920557799146781
 20
29.897132642231494
  0
VERTEX
  5
89D
100
AcDbEntity
  8
0
 62
     2
100
AcDbVertex
100
AcDb2dVertex
 10
30.920557799146781
 20
29.794424884821783
  0
VERTEX
  5
89E
100
AcDbEntity
  8
0
 62
     2
100
AcDbVertex
100
AcDb2dVertex
 10
30.372689553203028
 20
29.794424884821783
  0
VERTEX
  5
89F
100
AcDbEntity
  8
0
 62
     2
100
AcDbVertex
100
AcDb2dVertex
 10
30.373505957244756
 20
29.819821575676759
  0
VERTEX
  5
8A0
100
AcDbEntity
  8
0
 62
     2
100
AcDbVertex
100
AcDb2dVertex
 10
30.377464040479385
 20
29.844558396723539
  0
VERTEX
  5
8A1
100
AcDbEntity
  8
0
 62
     2
100
AcDbVertex
100
AcDb2dVertex
 10
30.384562858842674
 20
29.86863569219874
  0
VERTEX
  5
8A2
100
AcDbEntity
  8
0
 62
     2
100
AcDbVertex
100
AcDb2dVertex
 10
30.401304568377707
 20
29.907621199816955
  0
VERTEX
  5
8A3
100
AcDbEntity
  8
0
 62
     2
100
AcDbVertex
100
AcDb2dVertex
 10
30.423638008617555
 20
29.946210713556471
  0
VERTEX
  5
8A4
100
AcDbEntity
  8
0
 62
     2
100
AcDbVertex
100
AcDb2dVertex
 10
30.451562226380684
 20
29.984404551706795
  0
VERTEX
  5
8A5
100
AcDbEntity
  8
0
 62
     2
100
AcDbVertex
100
AcDb2dVertex
 10
30.486836338175483
 20
30.024379526976276
  0
VERTEX
  5
8A6
100
AcDbEntity
  8
0
 62
     2
100
AcDbVertex
100
AcDb2dVertex
 10
30.531220211896315
 20
30.068312230451735
  0
VERTEX
  5
8A7
100
AcDbEntity
  8
0
 62
     2
100
AcDbVertex
100
AcDb2dVertex
 10
30.584712868196743
 20
30.116202945608276
  0
VERTEX
  5
8A8
100
AcDbEntity
  8
0
 62
     2
100
AcDbVertex
100
AcDb2dVertex
 10
30.665061552909226
 20
30.188401890114665
  0
VERTEX
  5
8A9
100
AcDbEntity
  8
0
 62
     2
100
AcDbVertex
100
AcDb2dVertex
 10
30.725936144535819
 20
30.249848359256667
  0
VERTEX
  5
8AA
100
AcDbEntity
  8
0
 62
     2
100
AcDbVertex
100
AcDb2dVertex
 10
30.767335616844658
 20
30.30054259113264
  0
VERTEX
  5
8AB
100
AcDbEntity
  8
0
 62
     2
100
AcDbVertex
100
AcDb2dVertex
 10
30.793720427368246
 20
30.345036152680304
  0
VERTEX
  5
8AC
100
AcDbEntity
  8
0
 62
     2
100
AcDbVertex
100
AcDb2dVertex
 10
30.809551856112034
 20
30.387880461591834
  0
VERTEX
  5
8AD
100
AcDbEntity
  8
0
 62
     2
100
AcDbVertex
100
AcDb2dVertex
 10
30.814828839403251
 20
30.429075709509533
  0
VERTEX
  5
8AE
100
AcDbEntity
  8
0
 62
     2
100
AcDbVertex
100
AcDb2dVertex
 10
30.810022661116459
 20
30.469215559364514
  0
VERTEX
  5
8AF
100
AcDbEntity
  8
0
 62
     2
100
AcDbVertex
100
AcDb2dVertex
 10
30.795605431553337
 20
30.504935642511413
  0
VERTEX
  5
8B0
100
AcDbEntity
  8
0
 62
     2
100
AcDbVertex
100
AcDb2dVertex
 10
30.771576083144534
 20
30.536236115361859
  0
VERTEX
  5
8B1
100
AcDbEntity
  8
0
 62
     2
100
AcDbVertex
100
AcDb2dVertex
 10
30.739819390112327
 20
30.560478352148177
  0
VERTEX
  5
8B2
100
AcDbEntity
  8
0
 62
     2
100
AcDbVertex
100
AcDb2dVertex
 10
30.702220937973333
 20
30.575023626511236
  0
VERTEX
  5
8B3
100
AcDbEntity
  8
0
 62
     2
100
AcDbVertex
100
AcDb2dVertex
 10
30.658779679567882
 20
30.579872070099512
  0
VERTEX
  5
8B4
100
AcDbEntity
  8
0
 62
     2
100
AcDbVertex
100
AcDb2dVertex
 10
30.613045163536516
 20
30.574726824044649
  0
VERTEX
  5
8B5
100
AcDbEntity
  8
0
 62
     2
100
AcDbVertex
100
AcDb2dVertex
 10
30.573844745965257
 20
30.559290933235925
  0
VERTEX
  5
8B6
100
AcDbEntity
  8
0
 62
     2
100
AcDbVertex
100
AcDb2dVertex
 10
30.541177414184698
 20
30.533564526296288
  0
VERTEX
  5
8B7
100
AcDbEntity
  8
0
 62
     2
100
AcDbVertex
100
AcDb2dVertex
 10
30.51661382849969
 20
30.498734961969522
  0
VERTEX
  5
8B8
100
AcDbEntity
  8
0
 62
     2
100
AcDbVertex
100
AcDb2dVertex
 10
30.50172540886339
 20
30.455989486552014
  0
VERTEX
  5
8B9
100
AcDbEntity
  8
0
 62
     2
100
AcDbVertex
100
AcDb2dVertex
 10
30.496511169159351
 20
30.405328251148905
  0
VERTEX
  5
8BA
100
AcDbEntity
  8
0
 62
     2
100
AcDbVertex
100
AcDb2dVertex
 10
30.391913000429124
 20
30.416608293870205
  0
VERTEX
  5
8BB
100
AcDbEntity
  8
0
 62
     2
100
AcDbVertex
100
AcDb2dVertex
 10
30.405670677810686
 20
30.492039505478498
  0
VERTEX
  5
8BC
100
AcDbEntity
  8
0
 62
     2
100
AcDbVertex
100
AcDb2dVertex
 10
30.432621515630689
 20
30.554475481250293
  0
VERTEX
  5
8BD
100
AcDbEntity
  8
0
 62
     2
100
AcDbVertex
100
AcDb2dVertex
 10
30.472764557880058
 20
30.603916371689646
  0
VERTEX
  5
8BE
100
AcDbEntity
  8
0
 62
     2
100
AcDbVertex
100
AcDb2dVertex
 10
30.524843478443525
 20
30.639702505654721
  0
VERTEX
  5
8BF
100
AcDbEntity
  8
0
 62
     2
100
AcDbVertex
100
AcDb2dVertex
 10
30.587602710101176
 20
30.661174129482252
  0
VERTEX
  5
8C0
100
AcDbEntity
  8
0
 62
     2
100
AcDbVertex
100
AcDb2dVertex
 10
30.66104126159448
 20
30.668331352492846
  0
VERTEX
  5
8C1
100
AcDbEntity
  8
0
 62
     2
100
AcDbVertex
100
AcDb2dVertex
 10
30.735044946173804
 20
30.660613457433438
  0
VERTEX
  5
8C2
100
AcDbEntity
  8
0
 62
     2
100
AcDbVertex
100
AcDb2dVertex
 10
30.797992661960446
 20
30.637459650549356
  0
VERTEX
  5
8C3
100
AcDbEntity
  8
0
 62
     2
100
AcDbVertex
100
AcDb2dVertex
 10
30.849883360815543
 20
30.598870036788014
  0
VERTEX
  5
8C4
100
AcDbEntity
  8
0
 62
     2
100
AcDbVertex
100
AcDb2dVertex
 10
30.88851839982917
 20
30.548868479932846
  0
VERTEX
  5
8C5
100
AcDbEntity
  8
0
 62
     2
100
AcDbVertex
100
AcDb2dVertex
 10
30.911699979093388
 20
30.491478743239238
  0
VERTEX
  5
8C6
100
AcDbEntity
  8
0
 62
     2
100
AcDbVertex
100
AcDb2dVertex
 10
30.919427008133486
 20
30.426700963673468
  0
VERTEX
  5
8C7
100
AcDbEntity
  8
0
 62
     2
100
AcDbVertex
100
AcDb2dVertex
 10
30.917165100792641
 20
30.39206930424551
  0
VERTEX
  5
8C8
100
AcDbEntity
  8
0
 62
     2
100
AcDbVertex
100
AcDb2dVertex
 10
30.91038072131607
 20
30.357833325046304
  0
VERTEX
  5
8C9
100
AcDbEntity
  8
0
 62
     2
100
AcDbVertex
100
AcDb2dVertex
 10
30.899072769894087
 20
30.323993206263758
  0
VERTEX
  5
8CA
100
AcDbEntity
  8
0
 62
     2
100
AcDbVertex
100
AcDb2dVertex
 10
30.882518922580541
 20
30.289757346533534
  0
VERTEX
  5
8CB
100
AcDbEntity
  8
0
 62
     2
100
AcDbVertex
100
AcDb2dVertex
 10
30.859997697893011
 20
30.254333984423884
  0
VERTEX
  5
8CC
100
AcDbEntity
  8
0
 62
     2
100
AcDbVertex
100
AcDb2dVertex
 10
30.831508006849429
 20
30.217723330099954
  0
VERTEX
  5
8CD
100
AcDbEntity
  8
0
 62
     2
100
AcDbVertex
100
AcDb2dVertex
 10
30.793092205933593
 20
30.17590148571426
  0
VERTEX
  5
8CE
100
AcDbEntity
  8
0
 62
     2
100
AcDbVertex
100
AcDb2dVertex
 10
30.740793475107576
 20
30.124844368517468
  0
VERTEX
  5
8CF
100
AcDbEntity
  8
0
 62
     2
100
AcDbVertex
100
AcDb2dVertex
 10
30.67461075375407
 20
30.06455222367391
  0
VERTEX
  5
8D0
100
AcDbEntity
  8
0
 62
     2
100
AcDbVertex
100
AcDb2dVertex
 10
30.620835056268792
 20
30.016496685393623
  0
VERTEX
  5
8D1
100
AcDbEntity
  8
0
 62
     2
100
AcDbVertex
100
AcDb2dVertex
 10
30.581634639946937
 20
29.979984872492086
  0
VERTEX
  5
8D2
100
AcDbEntity
  8
0
 62
     2
100
AcDbVertex
100
AcDb2dVertex
 10
30.557008488370901
 20
29.95501707198552
  0
VERTEX
  5
8D3
100
AcDbEntity
  8
0
 62
     2
100
AcDbVertex
100
AcDb2dVertex
 10
30.540674546608617
 20
29.935788317913676
  0
VERTEX
  5
8D4
100
AcDbEntity
  8
0
 62
     2
100
AcDbVertex
100
AcDb2dVertex
 10
30.526351524335293
 20
29.916493404001059
  0
VERTEX
  5
8D5
100
AcDbEntity
  8
0
 62
     2
100
AcDbVertex
100
AcDb2dVertex
 10
30.514038429865504
 20
29.897132642231494
  0
VERTEX
  5
8D6
100
AcDbEntity
  8
0
 62
     2
100
AcDbVertex
100
AcDb2dVertex
 10
30.920557799146781
 20
29.897132642231494
  0
SEQEND
  5
8D7
100
AcDbEntity
  8
0
  0
POLYLINE
  5
8D8
100
AcDbEntity
  8
0
  6
1
 62
     4
100
AcDb2dPolyline
 66
     1
 10
0.0
 20
0.0
 30
0.0
  0
VERTEX
  5
8D9
100
AcDbEntity
  8
0
  6
1
 62
     4
100
AcDbVertex
100
AcDb2dVertex
 10
49.490990034353217
 20
29.609530959972453
  0
VERTEX
  5
8DA
100
AcDbEntity
  8
0
  6
1
 62
     4
100
AcDbVertex
100
AcDb2dVertex
 10
48.995508444464619
 20
29.609530959972453
  0
SEQEND
  5
8DB
100
AcDbEntity
  8
0
  6
1
  0
POLYLINE
  5
8DC
100
AcDbEntity
  8
0
  6
1
 62
     4
100
AcDb2dPolyline
 66
     1
 10
0.0
 20
0.0
 30
0.0
  0
VERTEX
  5
8DD
100
AcDbEntity
  8
0
  6
1
 62
     4
100
AcDbVertex
100
AcDb2dVertex
 10
49.243249239408925
 20
29.857271754916752
  0
VERTEX
  5
8DE
100
AcDbEntity
  8
0
  6
1
 62
     4
100
AcDbVertex
100
AcDb2dVertex
 10
49.243249239408925
 20
29.361790165028157
  0
SEQEND
  5
8DF
100
AcDbEntity
  8
0
  6
1
  0
POLYLINE
  5
8E0
100
AcDbEntity
  8
0
 62
     1
100
AcDb2dPolyline
 66
     1
 10
0.0
 20
0.0
 30
0.0
  0
VERTEX
  5
8E1
100
AcDbEntity
  8
0
 62
     1
100
AcDbVertex
100
AcDb2dVertex
 10
31.499015719308364
 20
25.150196650975115
  0
VERTEX
  5
8E2
100
AcDbEntity
  8
0
 62
     1
100
AcDbVertex
100
AcDb2dVertex
 10
31.734369474505446
 20
25.385550406172197
  0
SEQEND
  5
8E3
100
AcDbEntity
  8
0
  0
POLYLINE
  5
8E4
100
AcDbEntity
  8
0
 62
     1
100
AcDb2dPolyline
 66
     1
 10
0.0
 20
0.0
 30
0.0
  0
VERTEX
  5
8E5
100
AcDbEntity
  8
0
 62
     1
100
AcDbVertex
100
AcDb2dVertex
 10
31.148657218727006
 20
25.150196650975115
  0
VERTEX
  5
8E6
100
AcDbEntity
  8
0
 62
     1
100
AcDbVertex
100
AcDb2dVertex
 10
31.384010973924095
 20
25.385550406172197
  0
SEQEND
  5
8E7
100
AcDbEntity
  8
0
  0
POLYLINE
  5
8E8
100
AcDbEntity
  8
0
 62
     1
100
AcDb2dPolyline
 66
     1
 10
0.0
 20
0.0
 30
0.0
  0
VERTEX
  5
8E9
100
AcDbEntity
  8
0
 62
     1
100
AcDbVertex
100
AcDb2dVertex
 10
30.798298965886456
 20
25.150196650975115
  0
VERTEX
  5
8EA
100
AcDbEntity
  8
0
 62
     1
100
AcDbVertex
100
AcDb2dVertex
 10
31.033652721083531
 20
25.385550406172197
  0
SEQEND
  5
8EB
100
AcDbEntity
  8
0
  0
POLYLINE
  5
8EC
100
AcDbEntity
  8
0
 62
     1
100
AcDb2dPolyline
 66
     1
 10
0.0
 20
0.0
 30
0.0
  0
VERTEX
  5
8ED
100
AcDbEntity
  8
0
 62
     1
100
AcDbVertex
100
AcDb2dVertex
 10
30.447940465305106
 20
25.150196650975115
  0
VERTEX
  5
8EE
100
AcDbEntity
  8
0
 62
     1
100
AcDbVertex
100
AcDb2dVertex
 10
30.68329422050218
 20
25.385550406172197
  0
SEQEND
  5
8EF
100
AcDbEntity
  8
0
  0
POLYLINE
  5
8F0
100
AcDbEntity
  8
0
 62
     1
100
AcDb2dPolyline
 66
     1
 10
0.0
 20
0.0
 30
0.0
  0
VERTEX
  5
8F1
100
AcDbEntity
  8
0
 62
     1
100
AcDbVertex
100
AcDb2dVertex
 10
30.097582212464541
 20
25.150196650975115
  0
VERTEX
  5
8F2
100
AcDbEntity
  8
0
 62
     1
100
AcDbVertex
100
AcDb2dVertex
 10
30.332935967661623
 20
25.385550406172197
  0
SEQEND
  5
8F3
100
AcDbEntity
  8
0
  0
POLYLINE
  5
8F4
100
AcDbEntity
  8
0
 62
     1
100
AcDb2dPolyline
 66
     1
 10
0.0
 20
0.0
 30
0.0
  0
VERTEX
  5
8F5
100
AcDbEntity
  8
0
 62
     1
100
AcDbVertex
100
AcDb2dVertex
 10
29.747223711883191
 20
25.150196650975115
  0
VERTEX
  5
8F6
100
AcDbEntity
  8
0
 62
     1
100
AcDbVertex
100
AcDb2dVertex
 10
29.982577467080265
 20
25.385550406172197
  0
SEQEND
  5
8F7
100
AcDbEntity
  8
0
  0
POLYLINE
  5
8F8
100
AcDbEntity
  8
0
 62
     1
100
AcDb2dPolyline
 66
     1
 10
0.0
 20
0.0
 30
0.0
  0
VERTEX
  5
8F9
100
AcDbEntity
  8
0
 62
     1
100
AcDbVertex
100
AcDb2dVertex
 10
29.396865211301833
 20
25.150196650975115
  0
VERTEX
  5
8FA
100
AcDbEntity
  8
0
 62
     1
100
AcDbVertex
100
AcDb2dVertex
 10
29.632218966498915
 20
25.385550406172197
  0
SEQEND
  5
8FB
100
AcDbEntity
  8
0
  0
POLYLINE
  5
8FC
100
AcDbEntity
  8
0
 62
     1
100
AcDb2dPolyline
 66
     1
 10
0.0
 20
0.0
 30
0.0
  0
VERTEX
  5
8FD
100
AcDbEntity
  8
0
 62
     1
100
AcDbVertex
100
AcDb2dVertex
 10
29.046506958461276
 20
25.150196650975115
  0
VERTEX
  5
8FE
100
AcDbEntity
  8
0
 62
     1
100
AcDbVertex
100
AcDb2dVertex
 10
29.281860713658357
 20
25.385550406172197
  0
SEQEND
  5
8FF
100
AcDbEntity
  8
0
  0
POLYLINE
  5
900
100
AcDbEntity
  8
0
 62
     1
100
AcDb2dPolyline
 66
     1
 10
0.0
 20
0.0
 30
0.0
  0
VERTEX
  5
901
100
AcDbEntity
  8
0
 62
     1
100
AcDbVertex
100
AcDb2dVertex
 10
28.696148457879918
 20
25.150196650975115
  0
VERTEX
  5
902
100
AcDbEntity
  8
0
 62
     1
100
AcDbVertex
100
AcDb2dVertex
 10
28.931502213077007
 20
25.385550406172197
  0
SEQEND
  5
903
100
AcDbEntity
  8
0
  0
POLYLINE
  5
904
100
AcDbEntity
  8
0
 62
     1
100
AcDb2dPolyline
 66
     1
 10
0.0
 20
0.0
 30
0.0
  0
VERTEX
  5
905
100
AcDbEntity
  8
0
 62
     1
100
AcDbVertex
100
AcDb2dVertex
 10
28.345790205039361
 20
25.150196650975115
  0
VERTEX
  5
906
100
AcDbEntity
  8
0
 62
     1
100
AcDbVertex
100
AcDb2dVertex
 10
28.581143960236442
 20
25.385550406172197
  0
SEQEND
  5
907
100
AcDbEntity
  8
0
  0
POLYLINE
  5
908
100
AcDbEntity
  8
0
 62
     1
100
AcDb2dPolyline
 66
     1
 10
0.0
 20
0.0
 30
0.0
  0
VERTEX
  5
909
100
AcDbEntity
  8
0
 62
     1
100
AcDbVertex
100
AcDb2dVertex
 10
27.99543170445801
 20
25.150196650975115
  0
VERTEX
  5
90A
100
AcDbEntity
  8
0
 62
     1
100
AcDbVertex
100
AcDb2dVertex
 10
28.230785459655092
 20
25.385550406172197
  0
SEQEND
  5
90B
100
AcDbEntity
  8
0
  0
POLYLINE
  5
90C
100
AcDbEntity
  8
0
 62
     1
100
AcDb2dPolyline
 66
     1
 10
0.0
 20
0.0
 30
0.0
  0
VERTEX
  5
90D
100
AcDbEntity
  8
0
 62
     1
100
AcDbVertex
100
AcDb2dVertex
 10
27.645073451617446
 20
25.150196650975115
  0
VERTEX
  5
90E
100
AcDbEntity
  8
0
 62
     1
100
AcDbVertex
100
AcDb2dVertex
 10
27.880427206814534
 20
25.385550406172197
  0
SEQEND
  5
90F
100
AcDbEntity
  8
0
  0
POLYLINE
  5
910
100
AcDbEntity
  8
0
 62
     1
100
AcDb2dPolyline
 66
     1
 10
0.0
 20
0.0
 30
0.0
  0
VERTEX
  5
911
100
AcDbEntity
  8
0
 62
     1
100
AcDbVertex
100
AcDb2dVertex
 10
27.294714951036095
 20
25.150196650975115
  0
VERTEX
  5
912
100
AcDbEntity
  8
0
 62
     1
100
AcDbVertex
100
AcDb2dVertex
 10
27.530068706233177
 20
25.385550406172197
  0
SEQEND
  5
913
100
AcDbEntity
  8
0
  0
POLYLINE
  5
914
100
AcDbEntity
  8
0
 62
     1
100
AcDb2dPolyline
 66
     1
 10
0.0
 20
0.0
 30
0.0
  0
VERTEX
  5
915
100
AcDbEntity
  8
0
 62
     1
100
AcDbVertex
100
AcDb2dVertex
 10
26.944356698195538
 20
25.150196650975115
  0
VERTEX
  5
916
100
AcDbEntity
  8
0
 62
     1
100
AcDbVertex
100
AcDb2dVertex
 10
27.179710453392619
 20
25.385550406172197
  0
SEQEND
  5
917
100
AcDbEntity
  8
0
  0
POLYLINE
  5
918
100
AcDbEntity
  8
0
 62
     1
100
AcDb2dPolyline
 66
     1
 10
0.0
 20
0.0
 30
0.0
  0
VERTEX
  5
919
100
AcDbEntity
  8
0
 62
     1
100
AcDbVertex
100
AcDb2dVertex
 10
26.593998197614187
 20
25.150196650975115
  0
VERTEX
  5
91A
100
AcDbEntity
  8
0
 62
     1
100
AcDbVertex
100
AcDb2dVertex
 10
26.829351952811262
 20
25.385550406172197
  0
SEQEND
  5
91B
100
AcDbEntity
  8
0
  0
POLYLINE
  5
91C
100
AcDbEntity
  8
0
 62
     1
100
AcDb2dPolyline
 66
     1
 10
0.0
 20
0.0
 30
0.0
  0
VERTEX
  5
91D
100
AcDbEntity
  8
0
 62
     1
100
AcDbVertex
100
AcDb2dVertex
 10
26.243639697032837
 20
25.150196650975115
  0
VERTEX
  5
91E
100
AcDbEntity
  8
0
 62
     1
100
AcDbVertex
100
AcDb2dVertex
 10
26.478993452229911
 20
25.385550406172197
  0
SEQEND
  5
91F
100
AcDbEntity
  8
0
  0
POLYLINE
  5
920
100
AcDbEntity
  8
0
 62
     1
100
AcDb2dPolyline
 66
     1
 10
0.0
 20
0.0
 30
0.0
  0
VERTEX
  5
921
100
AcDbEntity
  8
0
 62
     1
100
AcDbVertex
100
AcDb2dVertex
 10
25.893281444192272
 20
25.150196650975115
  0
VERTEX
  5
922
100
AcDbEntity
  8
0
 62
     1
100
AcDbVertex
100
AcDb2dVertex
 10
26.128635199389354
 20
25.385550406172197
  0
SEQEND
  5
923
100
AcDbEntity
  8
0
  0
POLYLINE
  5
924
100
AcDbEntity
  8
0
 62
     1
100
AcDb2dPolyline
 66
     1
 10
0.0
 20
0.0
 30
0.0
  0
VERTEX
  5
925
100
AcDbEntity
  8
0
 62
     1
100
AcDbVertex
100
AcDb2dVertex
 10
25.542922943610922
 20
25.150196650975115
  0
VERTEX
  5
926
100
AcDbEntity
  8
0
 62
     1
100
AcDbVertex
100
AcDb2dVertex
 10
25.778276698807996
 20
25.385550406172197
  0
SEQEND
  5
927
100
AcDbEntity
  8
0
  0
POLYLINE
  5
928
100
AcDbEntity
  8
0
 62
     1
100
AcDb2dPolyline
 66
     1
 10
0.0
 20
0.0
 30
0.0
  0
VERTEX
  5
929
100
AcDbEntity
  8
0
 62
     1
100
AcDbVertex
100
AcDb2dVertex
 10
25.192564690770357
 20
25.150196650975115
  0
VERTEX
  5
92A
100
AcDbEntity
  8
0
 62
     1
100
AcDbVertex
100
AcDb2dVertex
 10
25.427918445967446
 20
25.385550406172197
  0
SEQEND
  5
92B
100
AcDbEntity
  8
0
  0
POLYLINE
  5
92C
100
AcDbEntity
  8
0
 62
     1
100
AcDb2dPolyline
 66
     1
 10
0.0
 20
0.0
 30
0.0
  0
VERTEX
  5
92D
100
AcDbEntity
  8
0
 62
     1
100
AcDbVertex
100
AcDb2dVertex
 10
24.842206190189007
 20
25.150196650975115
  0
VERTEX
  5
92E
100
AcDbEntity
  8
0
 62
     1
100
AcDbVertex
100
AcDb2dVertex
 10
25.077559945386088
 20
25.385550406172197
  0
SEQEND
  5
92F
100
AcDbEntity
  8
0
  0
POLYLINE
  5
930
100
AcDbEntity
  8
0
 62
     1
100
AcDb2dPolyline
 66
     1
 10
0.0
 20
0.0
 30
0.0
  0
VERTEX
  5
931
100
AcDbEntity
  8
0
 62
     1
100
AcDbVertex
100
AcDb2dVertex
 10
24.491847937348449
 20
25.150196650975115
  0
VERTEX
  5
932
100
AcDbEntity
  8
0
 62
     1
100
AcDbVertex
100
AcDb2dVertex
 10
24.727201692545531
 20
25.385550406172197
  0
SEQEND
  5
933
100
AcDbEntity
  8
0
  0
POLYLINE
  5
934
100
AcDbEntity
  8
0
 62
     1
100
AcDb2dPolyline
 66
     1
 10
0.0
 20
0.0
 30
0.0
  0
VERTEX
  5
935
100
AcDbEntity
  8
0
 62
     1
100
AcDbVertex
100
AcDb2dVertex
 10
24.141489436767092
 20
25.150196650975115
  0
VERTEX
  5
936
100
AcDbEntity
  8
0
 62
     1
100
AcDbVertex
100
AcDb2dVertex
 10
24.376843191964173
 20
25.385550406172197
  0
SEQEND
  5
937
100
AcDbEntity
  8
0
  0
POLYLINE
  5
938
100
AcDbEntity
  8
0
 62
     1
100
AcDb2dPolyline
 66
     1
 10
0.0
 20
0.0
 30
0.0
  0
VERTEX
  5
939
100
AcDbEntity
  8
0
 62
     1
100
AcDbVertex
100
AcDb2dVertex
 10
23.791130936185734
 20
25.150196650975115
  0
VERTEX
  5
93A
100
AcDbEntity
  8
0
 62
     1
100
AcDbVertex
100
AcDb2dVertex
 10
24.026484691382823
 20
25.385550406172197
  0
SEQEND
  5
93B
100
AcDbEntity
  8
0
  0
POLYLINE
  5
93C
100
AcDbEntity
  8
0
 62
     1
100
AcDb2dPolyline
 66
     1
 10
0.0
 20
0.0
 30
0.0
  0
VERTEX
  5
93D
100
AcDbEntity
  8
0
 62
     1
100
AcDbVertex
100
AcDb2dVertex
 10
23.440772683345177
 20
25.150196650975115
  0
VERTEX
  5
93E
100
AcDbEntity
  8
0
 62
     1
100
AcDbVertex
100
AcDb2dVertex
 10
23.676126438542266
 20
25.385550406172197
  0
SEQEND
  5
93F
100
AcDbEntity
  8
0
  0
POLYLINE
  5
940
100
AcDbEntity
  8
0
 62
     1
100
AcDb2dPolyline
 66
     1
 10
0.0
 20
0.0
 30
0.0
  0
VERTEX
  5
941
100
AcDbEntity
  8
0
 62
     1
100
AcDbVertex
100
AcDb2dVertex
 10
31.849373972148921
 20
25.150196650975115
  0
VERTEX
  5
942
100
AcDbEntity
  8
0
 62
     1
100
AcDbVertex
100
AcDb2dVertex
 10
32.084727727346007
 20
25.385550406172197
  0
SEQEND
  5
943
100
AcDbEntity
  8
0
  0
POLYLINE
  5
944
100
AcDbEntity
  8
0
 62
     1
100
AcDb2dPolyline
 66
     1
 10
0.0
 20
0.0
 30
0.0
  0
VERTEX
  5
945
100
AcDbEntity
  8
0
 62
     1
100
AcDbVertex
100
AcDb2dVertex
 10
32.199732472730275
 20
25.150196650975115
  0
VERTEX
  5
946
100
AcDbEntity
  8
0
 62
     1
100
AcDbVertex
100
AcDb2dVertex
 10
32.435086227927357
 20
25.385550406172197
  0
SEQEND
  5
947
100
AcDbEntity
  8
0
  0
POLYLINE
  5
948
100
AcDbEntity
  8
0
 62
     1
100
AcDb2dPolyline
 66
     1
 10
0.0
 20
0.0
 30
0.0
  0
VERTEX
  5
949
100
AcDbEntity
  8
0
 62
     1
100
AcDbVertex
100
AcDb2dVertex
 10
32.550090973311626
 20
25.150196650975115
  0
VERTEX
  5
94A
100
AcDbEntity
  8
0
 62
     1
100
AcDbVertex
100
AcDb2dVertex
 10
32.785444728508722
 20
25.385550406172197
  0
SEQEND
  5
94B
100
AcDbEntity
  8
0
  0
POLYLINE
  5
94C
100
AcDbEntity
  8
0
 62
     1
100
AcDb2dPolyline
 66
     1
 10
0.0
 20
0.0
 30
0.0
  0
VERTEX
  5
94D
100
AcDbEntity
  8
0
 62
     1
100
AcDbVertex
100
AcDb2dVertex
 10
32.90044922615219
 20
25.150196650975115
  0
VERTEX
  5
94E
100
AcDbEntity
  8
0
 62
     1
100
AcDbVertex
100
AcDb2dVertex
 10
33.135802981349272
 20
25.385550406172197
  0
SEQEND
  5
94F
100
AcDbEntity
  8
0
  0
POLYLINE
  5
950
100
AcDbEntity
  8
0
 62
     1
100
AcDb2dPolyline
 66
     1
 10
0.0
 20
0.0
 30
0.0
  0
VERTEX
  5
951
100
AcDbEntity
  8
0
 62
     1
100
AcDbVertex
100
AcDb2dVertex
 10
33.250807726733541
 20
25.150196650975115
  0
VERTEX
  5
952
100
AcDbEntity
  8
0
 62
     1
100
AcDbVertex
100
AcDb2dVertex
 10
33.486161481930623
 20
25.385550406172197
  0
SEQEND
  5
953
100
AcDbEntity
  8
0
  0
POLYLINE
  5
954
100
AcDbEntity
  8
0
 62
     1
100
AcDb2dPolyline
 66
     1
 10
0.0
 20
0.0
 30
0.0
  0
VERTEX
  5
955
100
AcDbEntity
  8
0
 62
     1
100
AcDbVertex
100
AcDb2dVertex
 10
33.601165979574105
 20
25.150196650975115
  0
VERTEX
  5
956
100
AcDbEntity
  8
0
 62
     1
100
AcDbVertex
100
AcDb2dVertex
 10
33.836519734771187
 20
25.385550406172197
  0
SEQEND
  5
957
100
AcDbEntity
  8
0
  0
POLYLINE
  5
958
100
AcDbEntity
  8
0
 62
     1
100
AcDb2dPolyline
 66
     1
 10
0.0
 20
0.0
 30
0.0
  0
VERTEX
  5
959
100
AcDbEntity
  8
0
 62
     1
100
AcDbVertex
100
AcDb2dVertex
 10
33.951524480155456
 20
25.150196650975115
  0
VERTEX
  5
95A
100
AcDbEntity
  8
0
 62
     1
100
AcDbVertex
100
AcDb2dVertex
 10
34.186878235352538
 20
25.385550406172197
  0
SEQEND
  5
95B
100
AcDbEntity
  8
0
  0
POLYLINE
  5
95C
100
AcDbEntity
  8
0
 62
     1
100
AcDb2dPolyline
 66
     1
 10
0.0
 20
0.0
 30
0.0
  0
VERTEX
  5
95D
100
AcDbEntity
  8
0
 62
     1
100
AcDbVertex
100
AcDb2dVertex
 10
34.30188273299602
 20
25.150196650975115
  0
VERTEX
  5
95E
100
AcDbEntity
  8
0
 62
     1
100
AcDbVertex
100
AcDb2dVertex
 10
34.537236488193102
 20
25.385550406172197
  0
SEQEND
  5
95F
100
AcDbEntity
  8
0
  0
POLYLINE
  5
960
100
AcDbEntity
  8
0
 62
     1
100
AcDb2dPolyline
 66
     1
 10
0.0
 20
0.0
 30
0.0
  0
VERTEX
  5
961
100
AcDbEntity
  8
0
 62
     1
100
AcDbVertex
100
AcDb2dVertex
 10
34.652241233577371
 20
25.150196650975115
  0
VERTEX
  5
962
100
AcDbEntity
  8
0
 62
     1
100
AcDbVertex
100
AcDb2dVertex
 10
34.887594988774453
 20
25.385550406172197
  0
SEQEND
  5
963
100
AcDbEntity
  8
0
  0
POLYLINE
  5
964
100
AcDbEntity
  8
0
 62
     1
100
AcDb2dPolyline
 66
     1
 10
0.0
 20
0.0
 30
0.0
  0
VERTEX
  5
965
100
AcDbEntity
  8
0
 62
     1
100
AcDbVertex
100
AcDb2dVertex
 10
35.002599486417921
 20
25.150196650975115
  0
VERTEX
  5
966
100
AcDbEntity
  8
0
 62
     1
100
AcDbVertex
100
AcDb2dVertex
 10
35.237953241615003
 20
25.385550406172197
  0
SEQEND
  5
967
100
AcDbEntity
  8
0
  0
POLYLINE
  5
968
100
AcDbEntity
  8
0
 62
     1
100
AcDb2dPolyline
 66
     1
 10
0.0
 20
0.0
 30
0.0
  0
VERTEX
  5
969
100
AcDbEntity
  8
0
 62
     1
100
AcDbVertex
100
AcDb2dVertex
 10
35.352957986999272
 20
25.150196650975115
  0
VERTEX
  5
96A
100
AcDbEntity
  8
0
 62
     1
100
AcDbVertex
100
AcDb2dVertex
 10
35.588311742196368
 20
25.385550406172197
  0
SEQEND
  5
96B
100
AcDbEntity
  8
0
  0
POLYLINE
  5
96C
100
AcDbEntity
  8
0
 62
     1
100
AcDb2dPolyline
 66
     1
 10
0.0
 20
0.0
 30
0.0
  0
VERTEX
  5
96D
100
AcDbEntity
  8
0
 62
     1
100
AcDbVertex
100
AcDb2dVertex
 10
35.703316487580636
 20
25.150196650975115
  0
VERTEX
  5
96E
100
AcDbEntity
  8
0
 62
     1
100
AcDbVertex
100
AcDb2dVertex
 10
35.938670242777718
 20
25.385550406172197
  0
SEQEND
  5
96F
100
AcDbEntity
  8
0
  0
POLYLINE
  5
970
100
AcDbEntity
  8
0
 62
     1
100
AcDb2dPolyline
 66
     1
 10
0.0
 20
0.0
 30
0.0
  0
VERTEX
  5
971
100
AcDbEntity
  8
0
 62
     1
100
AcDbVertex
100
AcDb2dVertex
 10
36.053674740421187
 20
25.150196650975115
  0
VERTEX
  5
972
100
AcDbEntity
  8
0
 62
     1
100
AcDbVertex
100
AcDb2dVertex
 10
36.289028495618282
 20
25.385550406172197
  0
SEQEND
  5
973
100
AcDbEntity
  8
0
  0
POLYLINE
  5
974
100
AcDbEntity
  8
0
 62
     1
100
AcDb2dPolyline
 66
     1
 10
0.0
 20
0.0
 30
0.0
  0
VERTEX
  5
975
100
AcDbEntity
  8
0
 62
     1
100
AcDbVertex
100
AcDb2dVertex
 10
36.404033241002551
 20
25.150196650975115
  0
VERTEX
  5
976
100
AcDbEntity
  8
0
 62
     1
100
AcDbVertex
100
AcDb2dVertex
 10
36.639386996199633
 20
25.385550406172197
  0
SEQEND
  5
977
100
AcDbEntity
  8
0
  0
POLYLINE
  5
978
100
AcDbEntity
  8
0
 62
     1
100
AcDb2dPolyline
 66
     1
 10
0.0
 20
0.0
 30
0.0
  0
VERTEX
  5
979
100
AcDbEntity
  8
0
 62
     1
100
AcDbVertex
100
AcDb2dVertex
 10
36.754391493843102
 20
25.150196650975115
  0
VERTEX
  5
97A
100
AcDbEntity
  8
0
 62
     1
100
AcDbVertex
100
AcDb2dVertex
 10
36.989745249040197
 20
25.385550406172197
  0
SEQEND
  5
97B
100
AcDbEntity
  8
0
  0
POLYLINE
  5
97C
100
AcDbEntity
  8
0
 62
     1
100
AcDb2dPolyline
 66
     1
 10
0.0
 20
0.0
 30
0.0
  0
VERTEX
  5
97D
100
AcDbEntity
  8
0
 62
     1
100
AcDbVertex
100
AcDb2dVertex
 10
37.104749994424452
 20
25.150196650975115
  0
VERTEX
  5
97E
100
AcDbEntity
  8
0
 62
     1
100
AcDbVertex
100
AcDb2dVertex
 10
37.340103749621548
 20
25.385550406172197
  0
SEQEND
  5
97F
100
AcDbEntity
  8
0
  0
POLYLINE
  5
980
100
AcDbEntity
  8
0
 62
     1
100
AcDb2dPolyline
 66
     1
 10
0.0
 20
0.0
 30
0.0
  0
VERTEX
  5
981
100
AcDbEntity
  8
0
 62
     1
100
AcDbVertex
100
AcDb2dVertex
 10
37.455108247265017
 20
25.150196650975115
  0
VERTEX
  5
982
100
AcDbEntity
  8
0
 62
     1
100
AcDbVertex
100
AcDb2dVertex
 10
37.690462002462098
 20
25.385550406172197
  0
SEQEND
  5
983
100
AcDbEntity
  8
0
  0
POLYLINE
  5
984
100
AcDbEntity
  8
0
 62
     1
100
AcDb2dPolyline
 66
     1
 10
0.0
 20
0.0
 30
0.0
  0
VERTEX
  5
985
100
AcDbEntity
  8
0
 62
     1
100
AcDbVertex
100
AcDb2dVertex
 10
37.805466747846381
 20
25.150196650975115
  0
VERTEX
  5
986
100
AcDbEntity
  8
0
 62
     1
100
AcDbVertex
100
AcDb2dVertex
 10
38.040820503043463
 20
25.385550406172197
  0
SEQEND
  5
987
100
AcDbEntity
  8
0
  0
POLYLINE
  5
988
100
AcDbEntity
  8
0
 62
     1
100
AcDb2dPolyline
 66
     1
 10
0.0
 20
0.0
 30
0.0
  0
VERTEX
  5
989
100
AcDbEntity
  8
0
 62
     1
100
AcDbVertex
100
AcDb2dVertex
 10
38.155825248427732
 20
25.150196650975115
  0
VERTEX
  5
98A
100
AcDbEntity
  8
0
 62
     1
100
AcDbVertex
100
AcDb2dVertex
 10
38.391179003624799
 20
25.385550406172197
  0
SEQEND
  5
98B
100
AcDbEntity
  8
0
  0
POLYLINE
  5
98C
100
AcDbEntity
  8
0
 62
     1
100
AcDb2dPolyline
 66
     1
 10
0.0
 20
0.0
 30
0.0
  0
VERTEX
  5
98D
100
AcDbEntity
  8
0
 62
     1
100
AcDbVertex
100
AcDb2dVertex
 10
38.506183501268282
 20
25.150196650975115
  0
VERTEX
  5
98E
100
AcDbEntity
  8
0
 62
     1
100
AcDbVertex
100
AcDb2dVertex
 10
38.741537256465364
 20
25.385550406172197
  0
SEQEND
  5
98F
100
AcDbEntity
  8
0
  0
POLYLINE
  5
990
100
AcDbEntity
  8
0
 62
     1
100
AcDb2dPolyline
 66
     1
 10
0.0
 20
0.0
 30
0.0
  0
VERTEX
  5
991
100
AcDbEntity
  8
0
 62
     1
100
AcDbVertex
100
AcDb2dVertex
 10
38.856542001849647
 20
25.150196650975115
  0
VERTEX
  5
992
100
AcDbEntity
  8
0
 62
     1
100
AcDbVertex
100
AcDb2dVertex
 10
39.091895757046728
 20
25.385550406172197
  0
SEQEND
  5
993
100
AcDbEntity
  8
0
  0
POLYLINE
  5
994
100
AcDbEntity
  8
0
 62
     1
100
AcDb2dPolyline
 66
     1
 10
0.0
 20
0.0
 30
0.0
  0
VERTEX
  5
995
100
AcDbEntity
  8
0
 62
     1
100
AcDbVertex
100
AcDb2dVertex
 10
39.206900254690197
 20
25.150196650975115
  0
VERTEX
  5
996
100
AcDbEntity
  8
0
 62
     1
100
AcDbVertex
100
AcDb2dVertex
 10
39.442254009887279
 20
25.385550406172197
  0
SEQEND
  5
997
100
AcDbEntity
  8
0
  0
POLYLINE
  5
998
100
AcDbEntity
  8
0
 62
     1
100
AcDb2dPolyline
 66
     1
 10
0.0
 20
0.0
 30
0.0
  0
VERTEX
  5
999
100
AcDbEntity
  8
0
 62
     1
100
AcDbVertex
100
AcDb2dVertex
 10
39.557258755271548
 20
25.150196650975115
  0
VERTEX
  5
99A
100
AcDbEntity
  8
0
 62
     1
100
AcDbVertex
100
AcDb2dVertex
 10
39.792612510468643
 20
25.385550406172197
  0
SEQEND
  5
99B
100
AcDbEntity
  8
0
  0
POLYLINE
  5
99C
100
AcDbEntity
  8
0
 62
     1
100
AcDb2dPolyline
 66
     1
 10
0.0
 20
0.0
 30
0.0
  0
VERTEX
  5
99D
100
AcDbEntity
  8
0
 62
     1
100
AcDbVertex
100
AcDb2dVertex
 10
39.907617008112112
 20
25.150196650975115
  0
VERTEX
  5
99E
100
AcDbEntity
  8
0
 62
     1
100
AcDbVertex
100
AcDb2dVertex
 10
40.138775025206016
 20
25.381354420328226
  0
SEQEND
  5
99F
100
AcDbEntity
  8
0
  0
POLYLINE
  5
9A0
100
AcDbEntity
  8
0
 62
     1
100
AcDb2dPolyline
 66
     1
 10
0.0
 20
0.0
 30
0.0
  0
VERTEX
  5
9A1
100
AcDbEntity
  8
0
 62
     1
100
AcDbVertex
100
AcDb2dVertex
 10
32.845911567553159
 20
25.397937445919414
  0
VERTEX
  5
9A2
100
AcDbEntity
  8
0
 62
     1
100
AcDbVertex
100
AcDb2dVertex
 10
32.598170772608853
 20
25.64567824086371
  0
SEQEND
  5
9A3
100
AcDbEntity
  8
0
  0
POLYLINE
  5
9A4
100
AcDbEntity
  8
0
 62
     1
100
AcDb2dPolyline
 66
     1
 10
0.0
 20
0.0
 30
0.0
  0
VERTEX
  5
9A5
100
AcDbEntity
  8
0
 62
     1
100
AcDbVertex
100
AcDb2dVertex
 10
31.899943814176137
 20
25.397937445919414
  0
VERTEX
  5
9A6
100
AcDbEntity
  8
0
 62
     1
100
AcDbVertex
100
AcDb2dVertex
 10
31.652203019231838
 20
25.64567824086371
  0
SEQEND
  5
9A7
100
AcDbEntity
  8
0
  0
POLYLINE
  5
9A8
100
AcDbEntity
  8
0
 62
     1
100
AcDb2dPolyline
 66
     1
 10
0.0
 20
0.0
 30
0.0
  0
VERTEX
  5
9A9
100
AcDbEntity
  8
0
 62
     1
100
AcDbVertex
100
AcDb2dVertex
 10
30.953976060799118
 20
25.397937445919414
  0
VERTEX
  5
9AA
100
AcDbEntity
  8
0
 62
     1
100
AcDbVertex
100
AcDb2dVertex
 10
30.706235265854819
 20
25.64567824086371
  0
SEQEND
  5
9AB
100
AcDbEntity
  8
0
  0
POLYLINE
  5
9AC
100
AcDbEntity
  8
0
 62
     1
100
AcDb2dPolyline
 66
     1
 10
0.0
 20
0.0
 30
0.0
  0
VERTEX
  5
9AD
100
AcDbEntity
  8
0
 62
     1
100
AcDbVertex
100
AcDb2dVertex
 10
30.008008555162892
 20
25.397937445919414
  0
VERTEX
  5
9AE
100
AcDbEntity
  8
0
 62
     1
100
AcDbVertex
100
AcDb2dVertex
 10
29.760267760218593
 20
25.64567824086371
  0
SEQEND
  5
9AF
100
AcDbEntity
  8
0
  0
POLYLINE
  5
9B0
100
AcDbEntity
  8
0
 62
     1
100
AcDb2dPolyline
 66
     1
 10
0.0
 20
0.0
 30
0.0
  0
VERTEX
  5
9B1
100
AcDbEntity
  8
0
 62
     1
100
AcDbVertex
100
AcDb2dVertex
 10
29.062040801785873
 20
25.397937445919414
  0
VERTEX
  5
9B2
100
AcDbEntity
  8
0
 62
     1
100
AcDbVertex
100
AcDb2dVertex
 10
28.814300006841574
 20
25.64567824086371
  0
SEQEND
  5
9B3
100
AcDbEntity
  8
0
  0
POLYLINE
  5
9B4
100
AcDbEntity
  8
0
 62
     1
100
AcDb2dPolyline
 66
     1
 10
0.0
 20
0.0
 30
0.0
  0
VERTEX
  5
9B5
100
AcDbEntity
  8
0
 62
     1
100
AcDbVertex
100
AcDb2dVertex
 10
28.116073296149647
 20
25.397937445919414
  0
VERTEX
  5
9B6
100
AcDbEntity
  8
0
 62
     1
100
AcDbVertex
100
AcDb2dVertex
 10
27.868332501205355
 20
25.64567824086371
  0
SEQEND
  5
9B7
100
AcDbEntity
  8
0
  0
POLYLINE
  5
9B8
100
AcDbEntity
  8
0
 62
     1
100
AcDb2dPolyline
 66
     1
 10
0.0
 20
0.0
 30
0.0
  0
VERTEX
  5
9B9
100
AcDbEntity
  8
0
 62
     1
100
AcDbVertex
100
AcDb2dVertex
 10
27.170105542772628
 20
25.397937445919414
  0
VERTEX
  5
9BA
100
AcDbEntity
  8
0
 62
     1
100
AcDbVertex
100
AcDb2dVertex
 10
26.922364747828336
 20
25.64567824086371
  0
SEQEND
  5
9BB
100
AcDbEntity
  8
0
  0
POLYLINE
  5
9BC
100
AcDbEntity
  8
0
 62
     1
100
AcDb2dPolyline
 66
     1
 10
0.0
 20
0.0
 30
0.0
  0
VERTEX
  5
9BD
100
AcDbEntity
  8
0
 62
     1
100
AcDbVertex
100
AcDb2dVertex
 10
26.224137789395609
 20
25.397937445919414
  0
VERTEX
  5
9BE
100
AcDbEntity
  8
0
 62
     1
100
AcDbVertex
100
AcDb2dVertex
 10
25.976396994451317
 20
25.64567824086371
  0
SEQEND
  5
9BF
100
AcDbEntity
  8
0
  0
POLYLINE
  5
9C0
100
AcDbEntity
  8
0
 62
     1
100
AcDb2dPolyline
 66
     1
 10
0.0
 20
0.0
 30
0.0
  0
VERTEX
  5
9C1
100
AcDbEntity
  8
0
 62
     1
100
AcDbVertex
100
AcDb2dVertex
 10
25.27817028375939
 20
25.397937445919414
  0
VERTEX
  5
9C2
100
AcDbEntity
  8
0
 62
     1
100
AcDbVertex
100
AcDb2dVertex
 10
25.030429488815091
 20
25.64567824086371
  0
SEQEND
  5
9C3
100
AcDbEntity
  8
0
  0
POLYLINE
  5
9C4
100
AcDbEntity
  8
0
 62
     1
100
AcDb2dPolyline
 66
     1
 10
0.0
 20
0.0
 30
0.0
  0
VERTEX
  5
9C5
100
AcDbEntity
  8
0
 62
     1
100
AcDbVertex
100
AcDb2dVertex
 10
24.332202530382371
 20
25.397937445919414
  0
VERTEX
  5
9C6
100
AcDbEntity
  8
0
 62
     1
100
AcDbVertex
100
AcDb2dVertex
 10
24.084461735438072
 20
25.64567824086371
  0
SEQEND
  5
9C7
100
AcDbEntity
  8
0
  0
POLYLINE
  5
9C8
100
AcDbEntity
  8
0
 62
     1
100
AcDb2dPolyline
 66
     1
 10
0.0
 20
0.0
 30
0.0
  0
VERTEX
  5
9C9
100
AcDbEntity
  8
0
 62
     1
100
AcDbVertex
100
AcDb2dVertex
 10
23.72594736014636
 20
26.004192616155422
  0
VERTEX
  5
9CA
100
AcDbEntity
  8
0
 62
     1
100
AcDbVertex
100
AcDb2dVertex
 10
23.675689423779982
 20
26.054450552521796
  0
SEQEND
  5
9CB
100
AcDbEntity
  8
0
  0
POLYLINE
  5
9CC
100
AcDbEntity
  8
0
 62
     1
100
AcDb2dPolyline
 66
     1
 10
0.0
 20
0.0
 30
0.0
  0
VERTEX
  5
9CD
100
AcDbEntity
  8
0
 62
     1
100
AcDbVertex
100
AcDb2dVertex
 10
23.077891876542576
 20
25.70628034638219
  0
VERTEX
  5
9CE
100
AcDbEntity
  8
0
 62
     1
100
AcDbVertex
100
AcDb2dVertex
 10
22.729721670402963
 20
26.054450552521796
  0
SEQEND
  5
9CF
100
AcDbEntity
  8
0
  0
POLYLINE
  5
9D0
100
AcDbEntity
  8
0
 62
     1
100
AcDb2dPolyline
 66
     1
 10
0.0
 20
0.0
 30
0.0
  0
VERTEX
  5
9D1
100
AcDbEntity
  8
0
 62
     1
100
AcDbVertex
100
AcDb2dVertex
 10
33.791879073189378
 20
25.397937445919414
  0
VERTEX
  5
9D2
100
AcDbEntity
  8
0
 62
     1
100
AcDbVertex
100
AcDb2dVertex
 10
33.544138278245086
 20
25.64567824086371
  0
SEQEND
  5
9D3
100
AcDbEntity
  8
0
  0
POLYLINE
  5
9D4
100
AcDbEntity
  8
0
 62
     1
100
AcDb2dPolyline
 66
     1
 10
0.0
 20
0.0
 30
0.0
  0
VERTEX
  5
9D5
100
AcDbEntity
  8
0
 62
     1
100
AcDbVertex
100
AcDb2dVertex
 10
34.737846826566397
 20
25.397937445919414
  0
VERTEX
  5
9D6
100
AcDbEntity
  8
0
 62
     1
100
AcDbVertex
100
AcDb2dVertex
 10
34.490106031622105
 20
25.64567824086371
  0
SEQEND
  5
9D7
100
AcDbEntity
  8
0
  0
POLYLINE
  5
9D8
100
AcDbEntity
  8
0
 62
     1
100
AcDb2dPolyline
 66
     1
 10
0.0
 20
0.0
 30
0.0
  0
VERTEX
  5
9D9
100
AcDbEntity
  8
0
 62
     1
100
AcDbVertex
100
AcDb2dVertex
 10
35.683814332202616
 20
25.397937445919414
  0
VERTEX
  5
9DA
100
AcDbEntity
  8
0
 62
     1
100
AcDbVertex
100
AcDb2dVertex
 10
35.436073537258324
 20
25.64567824086371
  0
SEQEND
  5
9DB
100
AcDbEntity
  8
0
  0
POLYLINE
  5
9DC
100
AcDbEntity
  8
0
 62
     1
100
AcDb2dPolyline
 66
     1
 10
0.0
 20
0.0
 30
0.0
  0
VERTEX
  5
9DD
100
AcDbEntity
  8
0
 62
     1
100
AcDbVertex
100
AcDb2dVertex
 10
36.629782085579635
 20
25.397937445919414
  0
VERTEX
  5
9DE
100
AcDbEntity
  8
0
 62
     1
100
AcDbVertex
100
AcDb2dVertex
 10
36.382041290635343
 20
25.64567824086371
  0
SEQEND
  5
9DF
100
AcDbEntity
  8
0
  0
POLYLINE
  5
9E0
100
AcDbEntity
  8
0
 62
     1
100
AcDb2dPolyline
 66
     1
 10
0.0
 20
0.0
 30
0.0
  0
VERTEX
  5
9E1
100
AcDbEntity
  8
0
 62
     1
100
AcDbVertex
100
AcDb2dVertex
 10
37.575749838956654
 20
25.397937445919414
  0
VERTEX
  5
9E2
100
AcDbEntity
  8
0
 62
     1
100
AcDbVertex
100
AcDb2dVertex
 10
37.328009044012362
 20
25.64567824086371
  0
SEQEND
  5
9E3
100
AcDbEntity
  8
0
  0
POLYLINE
  5
9E4
100
AcDbEntity
  8
0
 62
     1
100
AcDb2dPolyline
 66
     1
 10
0.0
 20
0.0
 30
0.0
  0
VERTEX
  5
9E5
100
AcDbEntity
  8
0
 62
     1
100
AcDbVertex
100
AcDb2dVertex
 10
38.521717344592886
 20
25.397937445919414
  0
VERTEX
  5
9E6
100
AcDbEntity
  8
0
 62
     1
100
AcDbVertex
100
AcDb2dVertex
 10
37.599431877026973
 20
26.320222913485321
  0
SEQEND
  5
9E7
100
AcDbEntity
  8
0
  0
POLYLINE
  5
9E8
100
AcDbEntity
  8
0
 62
     1
100
AcDb2dPolyline
 66
     1
 10
0.0
 20
0.0
 30
0.0
  0
VERTEX
  5
9E9
100
AcDbEntity
  8
0
 62
     1
100
AcDbVertex
100
AcDb2dVertex
 10
39.467685097969905
 20
25.397937445919414
  0
VERTEX
  5
9EA
100
AcDbEntity
  8
0
 62
     1
100
AcDbVertex
100
AcDb2dVertex
 10
38.067949606534611
 20
26.797672937354687
  0
SEQEND
  5
9EB
100
AcDbEntity
  8
0
  0
POLYLINE
  5
9EC
100
AcDbEntity
  8
0
 62
     1
100
AcDb2dPolyline
 66
     1
 10
0.0
 20
0.0
 30
0.0
  0
VERTEX
  5
9ED
100
AcDbEntity
  8
0
 62
     1
100
AcDbVertex
100
AcDb2dVertex
 10
40.661393646291216
 20
25.150196650975115
  0
VERTEX
  5
9EE
100
AcDbEntity
  8
0
 62
     1
100
AcDbVertex
100
AcDb2dVertex
 10
39.013917359911645
 20
26.797672937354687
  0
SEQEND
  5
9EF
100
AcDbEntity
  8
0
  0
POLYLINE
  5
9F0
100
AcDbEntity
  8
0
 62
     1
100
AcDb2dPolyline
 66
     1
 10
0.0
 20
0.0
 30
0.0
  0
VERTEX
  5
9F1
100
AcDbEntity
  8
0
 62
     1
100
AcDbVertex
100
AcDb2dVertex
 10
41.607361151927435
 20
25.150196650975115
  0
VERTEX
  5
9F2
100
AcDbEntity
  8
0
 62
     1
100
AcDbVertex
100
AcDb2dVertex
 10
39.959884865547863
 20
26.797672937354687
  0
SEQEND
  5
9F3
100
AcDbEntity
  8
0
  0
POLYLINE
  5
9F4
100
AcDbEntity
  8
0
 62
     1
100
AcDb2dPolyline
 66
     1
 10
0.0
 20
0.0
 30
0.0
  0
VERTEX
  5
9F5
100
AcDbEntity
  8
0
 62
     1
100
AcDbVertex
100
AcDb2dVertex
 10
42.058766186024314
 20
25.644759370255262
  0
VERTEX
  5
9F6
100
AcDbEntity
  8
0
 62
     1
100
AcDbVertex
100
AcDb2dVertex
 10
40.905852618924897
 20
26.797672937354687
  0
SEQEND
  5
9F7
100
AcDbEntity
  8
0
  0
POLYLINE
  5
9F8
100
AcDbEntity
  8
0
 62
     1
100
AcDb2dPolyline
 66
     1
 10
0.0
 20
0.0
 30
0.0
  0
VERTEX
  5
9F9
100
AcDbEntity
  8
0
 62
     1
100
AcDbVertex
100
AcDb2dVertex
 10
42.058766186024314
 20
26.59072687589148
  0
VERTEX
  5
9FA
100
AcDbEntity
  8
0
 62
     1
100
AcDbVertex
100
AcDb2dVertex
 10
41.517370051386308
 20
27.13212301052949
  0
SEQEND
  5
9FB
100
AcDbEntity
  8
0
  0
POLYLINE
  5
9FC
100
AcDbEntity
  8
0
 62
     1
100
AcDb2dPolyline
 66
     1
 10
0.0
 20
0.0
 30
0.0
  0
VERTEX
  5
9FD
100
AcDbEntity
  8
0
 62
     1
100
AcDbVertex
100
AcDb2dVertex
 10
31.292238864808109
 20
33.573383679081203
  0
VERTEX
  5
9FE
100
AcDbEntity
  8
0
 62
     1
100
AcDbVertex
100
AcDb2dVertex
 10
31.04449806986381
 20
33.821124474025503
  0
SEQEND
  5
9FF
100
AcDbEntity
  8
0
  0
POLYLINE
  5
A00
100
AcDbEntity
  8
0
 62
     1
100
AcDb2dPolyline
 66
     1
 10
0.0
 20
0.0
 30
0.0
  0
VERTEX
  5
A01
100
AcDbEntity
  8
0
 62
     1
100
AcDbVertex
100
AcDb2dVertex
 10
30.34627111143109
 20
33.573383679081203
  0
VERTEX
  5
A02
100
AcDbEntity
  8
0
 62
     1
100
AcDbVertex
100
AcDb2dVertex
 10
30.098530316486791
 20
33.821124474025503
  0
SEQEND
  5
A03
100
AcDbEntity
  8
0
  0
POLYLINE
  5
A04
100
AcDbEntity
  8
0
 62
     1
100
AcDb2dPolyline
 66
     1
 10
0.0
 20
0.0
 30
0.0
  0
VERTEX
  5
A05
100
AcDbEntity
  8
0
 62
     1
100
AcDbVertex
100
AcDb2dVertex
 10
29.400303605794864
 20
33.573383679081203
  0
VERTEX
  5
A06
100
AcDbEntity
  8
0
 62
     1
100
AcDbVertex
100
AcDb2dVertex
 10
29.152562810850565
 20
33.821124474025503
  0
SEQEND
  5
A07
100
AcDbEntity
  8
0
  0
POLYLINE
  5
A08
100
AcDbEntity
  8
0
 62
     1
100
AcDb2dPolyline
 66
     1
 10
0.0
 20
0.0
 30
0.0
  0
VERTEX
  5
A09
100
AcDbEntity
  8
0
 62
     1
100
AcDbVertex
100
AcDb2dVertex
 10
28.454335852417845
 20
33.573383679081203
  0
VERTEX
  5
A0A
100
AcDbEntity
  8
0
 62
     1
100
AcDbVertex
100
AcDb2dVertex
 10
28.206595057473546
 20
33.821124474025503
  0
SEQEND
  5
A0B
100
AcDbEntity
  8
0
  0
POLYLINE
  5
A0C
100
AcDbEntity
  8
0
 62
     1
100
AcDb2dPolyline
 66
     1
 10
0.0
 20
0.0
 30
0.0
  0
VERTEX
  5
A0D
100
AcDbEntity
  8
0
 62
     1
100
AcDbVertex
100
AcDb2dVertex
 10
27.508368099040826
 20
33.573383679081203
  0
VERTEX
  5
A0E
100
AcDbEntity
  8
0
 62
     1
100
AcDbVertex
100
AcDb2dVertex
 10
27.260627304096534
 20
33.821124474025503
  0
SEQEND
  5
A0F
100
AcDbEntity
  8
0
  0
POLYLINE
  5
A10
100
AcDbEntity
  8
0
 62
     1
100
AcDb2dPolyline
 66
     1
 10
0.0
 20
0.0
 30
0.0
  0
VERTEX
  5
A11
100
AcDbEntity
  8
0
 62
     1
100
AcDbVertex
100
AcDb2dVertex
 10
26.5624005934046
 20
33.573383679081203
  0
VERTEX
  5
A12
100
AcDbEntity
  8
0
 62
     1
100
AcDbVertex
100
AcDb2dVertex
 10
26.314659798460308
 20
33.821124474025503
  0
SEQEND
  5
A13
100
AcDbEntity
  8
0
  0
POLYLINE
  5
A14
100
AcDbEntity
  8
0
 62
     1
100
AcDb2dPolyline
 66
     1
 10
0.0
 20
0.0
 30
0.0
  0
VERTEX
  5
A15
100
AcDbEntity
  8
0
 62
     1
100
AcDbVertex
100
AcDb2dVertex
 10
25.616432840027588
 20
33.573383679081203
  0
VERTEX
  5
A16
100
AcDbEntity
  8
0
 62
     1
100
AcDbVertex
100
AcDb2dVertex
 10
25.368692045083289
 20
33.821124474025503
  0
SEQEND
  5
A17
100
AcDbEntity
  8
0
  0
POLYLINE
  5
A18
100
AcDbEntity
  8
0
 62
     1
100
AcDb2dPolyline
 66
     1
 10
0.0
 20
0.0
 30
0.0
  0
VERTEX
  5
A19
100
AcDbEntity
  8
0
 62
     1
100
AcDbVertex
100
AcDb2dVertex
 10
24.670465334391363
 20
33.573383679081203
  0
VERTEX
  5
A1A
100
AcDbEntity
  8
0
 62
     1
100
AcDbVertex
100
AcDb2dVertex
 10
24.422724539447064
 20
33.821124474025503
  0
SEQEND
  5
A1B
100
AcDbEntity
  8
0
  0
POLYLINE
  5
A1C
100
AcDbEntity
  8
0
 62
     1
100
AcDb2dPolyline
 66
     1
 10
0.0
 20
0.0
 30
0.0
  0
VERTEX
  5
A1D
100
AcDbEntity
  8
0
 62
     1
100
AcDbVertex
100
AcDb2dVertex
 10
23.72594736014636
 20
33.571933899949187
  0
VERTEX
  5
A1E
100
AcDbEntity
  8
0
 62
     1
100
AcDbVertex
100
AcDb2dVertex
 10
23.476756786070045
 20
33.821124474025503
  0
SEQEND
  5
A1F
100
AcDbEntity
  8
0
  0
POLYLINE
  5
A20
100
AcDbEntity
  8
0
 62
     1
100
AcDb2dPolyline
 66
     1
 10
0.0
 20
0.0
 30
0.0
  0
VERTEX
  5
A21
100
AcDbEntity
  8
0
 62
     1
100
AcDbVertex
100
AcDb2dVertex
 10
23.187302139295408
 20
33.164611367423113
  0
VERTEX
  5
A22
100
AcDbEntity
  8
0
 62
     1
100
AcDbVertex
100
AcDb2dVertex
 10
22.530789032693026
 20
33.821124474025503
  0
SEQEND
  5
A23
100
AcDbEntity
  8
0
  0
POLYLINE
  5
A24
100
AcDbEntity
  8
0
 62
     1
100
AcDb2dPolyline
 66
     1
 10
0.0
 20
0.0
 30
0.0
  0
VERTEX
  5
A25
100
AcDbEntity
  8
0
 62
     1
100
AcDbVertex
100
AcDb2dVertex
 10
32.238206618185131
 20
33.573383679081203
  0
VERTEX
  5
A26
100
AcDbEntity
  8
0
 62
     1
100
AcDbVertex
100
AcDb2dVertex
 10
31.990465823240829
 20
33.821124474025503
  0
SEQEND
  5
A27
100
AcDbEntity
  8
0
  0
POLYLINE
  5
A28
100
AcDbEntity
  8
0
 62
     1
100
AcDb2dPolyline
 66
     1
 10
0.0
 20
0.0
 30
0.0
  0
VERTEX
  5
A29
100
AcDbEntity
  8
0
 62
     1
100
AcDbVertex
100
AcDb2dVertex
 10
33.18417412382135
 20
33.573383679081203
  0
VERTEX
  5
A2A
100
AcDbEntity
  8
0
 62
     1
100
AcDbVertex
100
AcDb2dVertex
 10
32.936433328877058
 20
33.821124474025503
  0
SEQEND
  5
A2B
100
AcDbEntity
  8
0
  0
POLYLINE
  5
A2C
100
AcDbEntity
  8
0
 62
     1
100
AcDb2dPolyline
 66
     1
 10
0.0
 20
0.0
 30
0.0
  0
VERTEX
  5
A2D
100
AcDbEntity
  8
0
 62
     1
100
AcDbVertex
100
AcDb2dVertex
 10
34.130141877198369
 20
33.573383679081203
  0
VERTEX
  5
A2E
100
AcDbEntity
  8
0
 62
     1
100
AcDbVertex
100
AcDb2dVertex
 10
33.882401082254077
 20
33.821124474025503
  0
SEQEND
  5
A2F
100
AcDbEntity
  8
0
  0
POLYLINE
  5
A30
100
AcDbEntity
  8
0
 62
     1
100
AcDb2dPolyline
 66
     1
 10
0.0
 20
0.0
 30
0.0
  0
VERTEX
  5
A31
100
AcDbEntity
  8
0
 62
     1
100
AcDbVertex
100
AcDb2dVertex
 10
35.076109382834588
 20
33.573383679081203
  0
VERTEX
  5
A32
100
AcDbEntity
  8
0
 62
     1
100
AcDbVertex
100
AcDb2dVertex
 10
34.828368587890296
 20
33.821124474025503
  0
SEQEND
  5
A33
100
AcDbEntity
  8
0
  0
POLYLINE
  5
A34
100
AcDbEntity
  8
0
 62
     1
100
AcDb2dPolyline
 66
     1
 10
0.0
 20
0.0
 30
0.0
  0
VERTEX
  5
A35
100
AcDbEntity
  8
0
 62
     1
100
AcDbVertex
100
AcDb2dVertex
 10
36.022077136211607
 20
33.573383679081203
  0
VERTEX
  5
A36
100
AcDbEntity
  8
0
 62
     1
100
AcDbVertex
100
AcDb2dVertex
 10
35.774336341267315
 20
33.821124474025503
  0
SEQEND
  5
A37
100
AcDbEntity
  8
0
  0
POLYLINE
  5
A38
100
AcDbEntity
  8
0
 62
     1
100
AcDb2dPolyline
 66
     1
 10
0.0
 20
0.0
 30
0.0
  0
VERTEX
  5
A39
100
AcDbEntity
  8
0
 62
     1
100
AcDbVertex
100
AcDb2dVertex
 10
38.120039586079614
 20
32.421388982590223
  0
VERTEX
  5
A3A
100
AcDbEntity
  8
0
 62
     1
100
AcDbVertex
100
AcDb2dVertex
 10
37.599431877026973
 20
32.941996691642863
  0
SEQEND
  5
A3B
100
AcDbEntity
  8
0
  0
POLYLINE
  5
A3C
100
AcDbEntity
  8
0
 62
     1
100
AcDb2dPolyline
 66
     1
 10
0.0
 20
0.0
 30
0.0
  0
VERTEX
  5
A3D
100
AcDbEntity
  8
0
 62
     1
100
AcDbVertex
100
AcDb2dVertex
 10
36.968044889588626
 20
33.573383679081203
  0
VERTEX
  5
A3E
100
AcDbEntity
  8
0
 62
     1
100
AcDbVertex
100
AcDb2dVertex
 10
36.720304094644334
 20
33.821124474025503
  0
SEQEND
  5
A3F
100
AcDbEntity
  8
0
  0
POLYLINE
  5
A40
100
AcDbEntity
  8
0
 62
     1
100
AcDb2dPolyline
 66
     1
 10
0.0
 20
0.0
 30
0.0
  0
VERTEX
  5
A41
100
AcDbEntity
  8
0
 62
     1
100
AcDbVertex
100
AcDb2dVertex
 10
39.066007091715832
 20
32.421388982590223
  0
VERTEX
  5
A42
100
AcDbEntity
  8
0
 62
     1
100
AcDbVertex
100
AcDb2dVertex
 10
37.666271600280552
 20
33.821124474025503
  0
SEQEND
  5
A43
100
AcDbEntity
  8
0
  0
POLYLINE
  5
A44
100
AcDbEntity
  8
0
 62
     1
100
AcDb2dPolyline
 66
     1
 10
0.0
 20
0.0
 30
0.0
  0
VERTEX
  5
A45
100
AcDbEntity
  8
0
 62
     1
100
AcDbVertex
100
AcDb2dVertex
 10
40.011974845092865
 20
32.421388982590223
  0
VERTEX
  5
A46
100
AcDbEntity
  8
0
 62
     1
100
AcDbVertex
100
AcDb2dVertex
 10
38.612239353657571
 20
33.821124474025503
  0
SEQEND
  5
A47
100
AcDbEntity
  8
0
  0
POLYLINE
  5
A48
100
AcDbEntity
  8
0
 62
     1
100
AcDb2dPolyline
 66
     1
 10
0.0
 20
0.0
 30
0.0
  0
VERTEX
  5
A49
100
AcDbEntity
  8
0
 62
     1
100
AcDbVertex
100
AcDb2dVertex
 10
41.292392671644677
 20
32.086938909415423
  0
VERTEX
  5
A4A
100
AcDbEntity
  8
0
 62
     1
100
AcDbVertex
100
AcDb2dVertex
 10
41.067803006247132
 20
32.311528327072182
  0
SEQEND
  5
A4B
100
AcDbEntity
  8
0
  0
POLYLINE
  5
A4C
100
AcDbEntity
  8
0
 62
     1
100
AcDb2dPolyline
 66
     1
 10
0.0
 20
0.0
 30
0.0
  0
VERTEX
  5
A4D
100
AcDbEntity
  8
0
 62
     1
100
AcDbVertex
100
AcDb2dVertex
 10
40.95794259846987
 20
32.421388982590223
  0
VERTEX
  5
A4E
100
AcDbEntity
  8
0
 62
     1
100
AcDbVertex
100
AcDb2dVertex
 10
39.55820710703459
 20
33.821124474025503
  0
SEQEND
  5
A4F
100
AcDbEntity
  8
0
  0
POLYLINE
  5
A50
100
AcDbEntity
  8
0
 62
     1
100
AcDb2dPolyline
 66
     1
 10
0.0
 20
0.0
 30
0.0
  0
VERTEX
  5
A51
100
AcDbEntity
  8
0
 62
     1
100
AcDbVertex
100
AcDb2dVertex
 10
42.058766186024314
 20
32.266532900672011
  0
VERTEX
  5
A52
100
AcDbEntity
  8
0
 62
     1
100
AcDbVertex
100
AcDb2dVertex
 10
40.256433817726531
 20
34.068865268969795
  0
SEQEND
  5
A53
100
AcDbEntity
  8
0
  0
POLYLINE
  5
A54
100
AcDbEntity
  8
0
 62
     1
100
AcDb2dPolyline
 66
     1
 10
0.0
 20
0.0
 30
0.0
  0
VERTEX
  5
A55
100
AcDbEntity
  8
0
 62
     1
100
AcDbVertex
100
AcDb2dVertex
 10
42.058766186024314
 20
33.21250065404903
  0
VERTEX
  5
A56
100
AcDbEntity
  8
0
 62
     1
100
AcDbVertex
100
AcDb2dVertex
 10
41.202401571103536
 20
34.068865268969795
  0
SEQEND
  5
A57
100
AcDbEntity
  8
0
  0
POLYLINE
  5
A58
100
AcDbEntity
  8
0
 62
     7
100
AcDb2dPolyline
 66
     1
 10
0.0
 20
0.0
 30
0.0
  0
VERTEX
  5
A59
100
AcDbEntity
  8
0
 62
     7
100
AcDbVertex
100
AcDb2dVertex
 10
40.138775025206016
 20
25.385550406172197
  0
VERTEX
  5
A5A
100
AcDbEntity
  8
0
 62
     7
100
AcDbVertex
100
AcDb2dVertex
 10
23.416271366465988
 20
25.385550406172197
  0
SEQEND
  5
A5B
100
AcDbEntity
  8
0
  0
POLYLINE
  5
A5C
100
AcDbEntity
  8
0
 62
     7
100
AcDb2dPolyline
 66
     1
 10
0.0
 20
0.0
 30
0.0
  0
VERTEX
  5
A5D
100
AcDbEntity
  8
0
 62
     7
100
AcDbVertex
100
AcDb2dVertex
 10
40.138775025206016
 20
33.833511513772713
  0
VERTEX
  5
A5E
100
AcDbEntity
  8
0
 62
     7
100
AcDbVertex
100
AcDb2dVertex
 10
23.416271366465988
 20
33.833511513772713
  0
SEQEND
  5
A5F
100
AcDbEntity
  8
0
  0
POLYLINE
  5
A60
100
AcDbEntity
  8
0
 62
     7
100
AcDb2dPolyline
 66
     1
 10
0.0
 20
0.0
 30
0.0
  0
VERTEX
  5
A61
100
AcDbEntity
  8
0
 62
     7
100
AcDbVertex
100
AcDb2dVertex
 10
40.138775025206016
 20
33.821124474025495
  0
VERTEX
  5
A62
100
AcDbEntity
  8
0
 62
     7
100
AcDbVertex
100
AcDb2dVertex
 10
23.416271366465988
 20
33.821124474025495
  0
SEQEND
  5
A63
100
AcDbEntity
  8
0
  0
POLYLINE
  5
A64
100
AcDbEntity
  8
0
 62
     7
100
AcDb2dPolyline
 66
     1
 10
0.0
 20
0.0
 30
0.0
  0
VERTEX
  5
A65
100
AcDbEntity
  8
0
 62
     7
100
AcDbVertex
100
AcDb2dVertex
 10
40.138775025206016
 20
25.39793744591941
  0
VERTEX
  5
A66
100
AcDbEntity
  8
0
 62
     7
100
AcDbVertex
100
AcDb2dVertex
 10
23.416271366465988
 20
25.39793744591941
  0
SEQEND
  5
A67
100
AcDbEntity
  8
0
  0
POLYLINE
  5
A68
100
AcDbEntity
  8
0
 62
     7
100
AcDb2dPolyline
 66
     1
 10
0.0
 20
0.0
 30
0.0
  0
VERTEX
  5
A69
100
AcDbEntity
  8
0
 62
     7
100
AcDbVertex
100
AcDb2dVertex
 10
37.599431877026973
 20
25.645678240863706
  0
VERTEX
  5
A6A
100
AcDbEntity
  8
0
 62
     7
100
AcDbVertex
100
AcDb2dVertex
 10
23.72594736014636
 20
25.645678240863706
  0
SEQEND
  5
A6B
100
AcDbEntity
  8
0
  0
POLYLINE
  5
A6C
100
AcDbEntity
  8
0
 62
     7
100
AcDb2dPolyline
 66
     1
 10
0.0
 20
0.0
 30
0.0
  0
VERTEX
  5
A6D
100
AcDbEntity
  8
0
 62
     7
100
AcDbVertex
100
AcDb2dVertex
 10
37.599431877026973
 20
33.573383679081196
  0
VERTEX
  5
A6E
100
AcDbEntity
  8
0
 62
     7
100
AcDbVertex
100
AcDb2dVertex
 10
23.72594736014636
 20
33.573383679081196
  0
SEQEND
  5
A6F
100
AcDbEntity
  8
0
  0
POLYLINE
  5
A70
100
AcDbEntity
  8
0
 62
     7
100
AcDb2dPolyline
 66
     1
 10
0.0
 20
0.0
 30
0.0
  0
VERTEX
  5
A71
100
AcDbEntity
  8
0
 62
     7
100
AcDbVertex
100
AcDb2dVertex
 10
41.811025391080022
 20
34.068865268969788
  0
VERTEX
  5
A72
100
AcDbEntity
  8
0
 62
     7
100
AcDbVertex
100
AcDb2dVertex
 10
23.416271366465988
 20
34.068865268969788
  0
SEQEND
  5
A73
100
AcDbEntity
  8
0
  0
POLYLINE
  5
A74
100
AcDbEntity
  8
0
 62
     7
100
AcDb2dPolyline
 66
     1
 10
0.0
 20
0.0
 30
0.0
  0
VERTEX
  5
A75
100
AcDbEntity
  8
0
 62
     7
100
AcDbVertex
100
AcDb2dVertex
 10
41.811025391080022
 20
25.150196650975111
  0
VERTEX
  5
A76
100
AcDbEntity
  8
0
 62
     7
100
AcDbVertex
100
AcDb2dVertex
 10
23.416271366465988
 20
25.150196650975111
  0
SEQEND
  5
A77
100
AcDbEntity
  8
0
  0
POLYLINE
  5
A78
100
AcDbEntity
  8
0
  6
1
 62
     4
100
AcDb2dPolyline
 66
     1
 10
0.0
 20
0.0
 30
0.0
  0
VERTEX
  5
A79
100
AcDbEntity
  8
0
  6
1
 62
     4
100
AcDbVertex
100
AcDb2dVertex
 10
42.306506980968621
 20
29.609530959972453
  0
VERTEX
  5
A7A
100
AcDbEntity
  8
0
  6
1
 62
     4
100
AcDbVertex
100
AcDb2dVertex
 10
18.278247929088412
 20
29.609530959972453
  0
SEQEND
  5
A7B
100
AcDbEntity
  8
0
  6
1
  0
POLYLINE
  5
A7C
100
AcDbEntity
  8
0
 62
     7
100
AcDb2dPolyline
 66
     1
 10
0.0
 20
0.0
 30
0.0
  0
VERTEX
  5
A7D
100
AcDbEntity
  8
0
 62
     7
100
AcDbVertex
100
AcDb2dVertex
 10
40.080147661564041
 20
31.925907392701632
  0
VERTEX
  5
A7E
100
AcDbEntity
  8
0
 62
     7
100
AcDbVertex
100
AcDb2dVertex
 10
19.03574290885884
 20
31.925907392701632
  0
SEQEND
  5
A7F
100
AcDbEntity
  8
0
  0
POLYLINE
  5
A80
100
AcDbEntity
  8
0
  6
1
 62
     4
100
AcDb2dPolyline
 66
     1
 10
0.0
 20
0.0
 30
0.0
  0
VERTEX
  5
A81
100
AcDbEntity
  8
0
  6
1
 62
     4
100
AcDbVertex
100
AcDb2dVertex
 10
40.297517169233728
 20
31.81194662702725
  0
VERTEX
  5
A82
100
AcDbEntity
  8
0
  6
1
 62
     4
100
AcDbVertex
100
AcDb2dVertex
 10
18.520180441095238
 20
31.81194662702725
  0
SEQEND
  5
A83
100
AcDbEntity
  8
0
  6
1
  0
POLYLINE
  5
A84
100
AcDbEntity
  8
0
 62
     7
100
AcDb2dPolyline
 66
     1
 10
0.0
 20
0.0
 30
0.0
  0
VERTEX
  5
A85
100
AcDbEntity
  8
0
 62
     7
100
AcDbVertex
100
AcDb2dVertex
 10
38.342654261859863
 20
31.611276583122372
  0
VERTEX
  5
A86
100
AcDbEntity
  8
0
 62
     7
100
AcDbVertex
100
AcDb2dVertex
 10
18.854090687077854
 20
31.611276583122372
  0
SEQEND
  5
A87
100
AcDbEntity
  8
0
  0
POLYLINE
  5
A88
100
AcDbEntity
  8
0
  6
1
 62
     4
100
AcDb2dPolyline
 66
     1
 10
0.0
 20
0.0
 30
0.0
  0
VERTEX
  5
A89
100
AcDbEntity
  8
0
  6
1
 62
     4
100
AcDbVertex
100
AcDb2dVertex
 10
40.297517169233728
 20
27.407115292917656
  0
VERTEX
  5
A8A
100
AcDbEntity
  8
0
  6
1
 62
     4
100
AcDbVertex
100
AcDb2dVertex
 10
18.520180441095238
 20
27.407115292917656
  0
SEQEND
  5
A8B
100
AcDbEntity
  8
0
  6
1
  0
POLYLINE
  5
A8C
100
AcDbEntity
  8
0
 62
     7
100
AcDb2dPolyline
 66
     1
 10
0.0
 20
0.0
 30
0.0
  0
VERTEX
  5
A8D
100
AcDbEntity
  8
0
 62
     7
100
AcDbVertex
100
AcDb2dVertex
 10
38.342654261859863
 20
27.607785336822538
  0
VERTEX
  5
A8E
100
AcDbEntity
  8
0
 62
     7
100
AcDbVertex
100
AcDb2dVertex
 10
18.854090687077854
 20
27.607785336822538
  0
SEQEND
  5
A8F
100
AcDbEntity
  8
0
  0
POLYLINE
  5
A90
100
AcDbEntity
  8
0
 62
     7
100
AcDb2dPolyline
 66
     1
 10
0.0
 20
0.0
 30
0.0
  0
VERTEX
  5
A91
100
AcDbEntity
  8
0
 62
     7
100
AcDbVertex
100
AcDb2dVertex
 10
40.080147661564041
 20
27.293154527243281
  0
VERTEX
  5
A92
100
AcDbEntity
  8
0
 62
     7
100
AcDbVertex
100
AcDb2dVertex
 10
19.03574290885884
 20
27.293154527243281
  0
SEQEND
  5
A93
100
AcDbEntity
  8
0
  0
POLYLINE
  5
A94
100
AcDbEntity
  8
0
 62
     7
100
AcDb2dPolyline
 66
     1
 10
0.0
 20
0.0
 30
0.0
  0
VERTEX
  5
A95
100
AcDbEntity
  8
0
 62
     7
100
AcDbVertex
100
AcDb2dVertex
 10
23.416271366465988
 20
25.39793744591941
  0
VERTEX
  5
A96
100
AcDbEntity
  8
0
 62
     7
100
AcDbVertex
100
AcDb2dVertex
 10
23.416271366465988
 20
25.150196650975111
  0
SEQEND
  5
A97
100
AcDbEntity
  8
0
  0
POLYLINE
  5
A98
100
AcDbEntity
  8
0
 62
     7
100
AcDb2dPolyline
 66
     1
 10
0.0
 20
0.0
 30
0.0
  0
VERTEX
  5
A99
100
AcDbEntity
  8
0
 62
     7
100
AcDbVertex
100
AcDb2dVertex
 10
23.416271366465988
 20
25.39793744591941
  0
VERTEX
  5
A9A
100
AcDbEntity
  8
0
 62
     7
100
AcDbVertex
100
AcDb2dVertex
 10
23.415517004940778
 20
25.419539350735942
  0
VERTEX
  5
A9B
100
AcDbEntity
  8
0
 62
     7
100
AcDbVertex
100
AcDb2dVertex
 10
23.413257611990669
 20
25.441036014692159
  0
VERTEX
  5
A9C
100
AcDbEntity
  8
0
 62
     7
100
AcDbVertex
100
AcDb2dVertex
 10
23.409504203426213
 20
25.462322702680435
  0
VERTEX
  5
A9D
100
AcDbEntity
  8
0
 62
     7
100
AcDbVertex
100
AcDb2dVertex
 10
23.404275030643984
 20
25.483295720631549
  0
VERTEX
  5
A9E
100
AcDbEntity
  8
0
 62
     7
100
AcDbVertex
100
AcDb2dVertex
 10
23.397595610159559
 20
25.503852876967866
  0
VERTEX
  5
A9F
100
AcDbEntity
  8
0
 62
     7
100
AcDbVertex
100
AcDb2dVertex
 10
23.389498457810536
 20
25.523894025272281
  0
VERTEX
  5
AA0
100
AcDbEntity
  8
0
 62
     7
100
AcDbVertex
100
AcDb2dVertex
 10
23.380023059223458
 20
25.543321514666545
  0
VERTEX
  5
AA1
100
AcDbEntity
  8
0
 62
     7
100
AcDbVertex
100
AcDb2dVertex
 10
23.369215515417832
 20
25.562040714022086
  0
VERTEX
  5
AA2
100
AcDbEntity
  8
0
 62
     7
100
AcDbVertex
100
AcDb2dVertex
 10
23.357128513273057
 20
25.579960425422065
  0
VERTEX
  5
AA3
100
AcDbEntity
  8
0
 62
     7
100
AcDbVertex
100
AcDb2dVertex
 10
23.343820941599436
 20
25.596993334539686
  0
VERTEX
  5
AA4
100
AcDbEntity
  8
0
 62
     7
100
AcDbVertex
100
AcDb2dVertex
 10
23.329357640107599
 20
25.613056468399773
  0
VERTEX
  5
AA5
100
AcDbEntity
  8
0
 62
     7
100
AcDbVertex
100
AcDb2dVertex
 10
23.313809059778958
 20
25.628071564541301
  0
VERTEX
  5
AA6
100
AcDbEntity
  8
0
 62
     7
100
AcDbVertex
100
AcDb2dVertex
 10
23.297250952769186
 20
25.641965454946469
  0
VERTEX
  5
AA7
100
AcDbEntity
  8
0
 62
     7
100
AcDbVertex
100
AcDb2dVertex
 10
23.279763988479136
 20
25.654670479502755
  0
VERTEX
  5
AA8
100
AcDbEntity
  8
0
 62
     7
100
AcDbVertex
100
AcDb2dVertex
 10
23.261433369625802
 20
25.666124737033439
  0
VERTEX
  5
AA9
100
AcDbEntity
  8
0
 62
     7
100
AcDbVertex
100
AcDb2dVertex
 10
23.242348389247258
 20
25.676272395394165
  0
VERTEX
  5
AAA
100
AcDbEntity
  8
0
 62
     7
100
AcDbVertex
100
AcDb2dVertex
 10
23.222602039390349
 20
25.685064016335968
  0
VERTEX
  5
AAB
100
AcDbEntity
  8
0
 62
     7
100
AcDbVertex
100
AcDb2dVertex
 10
23.202290516432871
 20
25.692456806535827
  0
VERTEX
  5
AAC
100
AcDbEntity
  8
0
 62
     7
100
AcDbVertex
100
AcDb2dVertex
 10
23.1815127780885
 20
25.698414735728662
  0
VERTEX
  5
AAD
100
AcDbEntity
  8
0
 62
     7
100
AcDbVertex
100
AcDb2dVertex
 10
23.160370045037364
 20
25.702908772971394
  0
VERTEX
  5
AAE
100
AcDbEntity
  8
0
 62
     7
100
AcDbVertex
100
AcDb2dVertex
 10
23.138965328397969
 20
25.705917004774932
  0
VERTEX
  5
AAF
100
AcDbEntity
  8
0
 62
     7
100
AcDbVertex
100
AcDb2dVertex
 10
23.117402909208
 20
25.70742478276922
  0
VERTEX
  5
AB0
100
AcDbEntity
  8
0
 62
     7
100
AcDbVertex
100
AcDb2dVertex
 10
23.095787836363233
 20
25.70742478276922
  0
VERTEX
  5
AB1
100
AcDbEntity
  8
0
 62
     7
100
AcDbVertex
100
AcDb2dVertex
 10
23.074225417173263
 20
25.705917004774932
  0
VERTEX
  5
AB2
100
AcDbEntity
  8
0
 62
     7
100
AcDbVertex
100
AcDb2dVertex
 10
23.052820700533868
 20
25.702908772971394
  0
VERTEX
  5
AB3
100
AcDbEntity
  8
0
 62
     7
100
AcDbVertex
100
AcDb2dVertex
 10
23.031677967482732
 20
25.698414735728662
  0
VERTEX
  5
AB4
100
AcDbEntity
  8
0
 62
     7
100
AcDbVertex
100
AcDb2dVertex
 10
23.010900229138361
 20
25.692456806535827
  0
VERTEX
  5
AB5
100
AcDbEntity
  8
0
 62
     7
100
AcDbVertex
100
AcDb2dVertex
 10
22.990588706180883
 20
25.685064016335968
  0
VERTEX
  5
AB6
100
AcDbEntity
  8
0
 62
     7
100
AcDbVertex
100
AcDb2dVertex
 10
22.970842356323974
 20
25.676272395394165
  0
VERTEX
  5
AB7
100
AcDbEntity
  8
0
 62
     7
100
AcDbVertex
100
AcDb2dVertex
 10
22.95175737594543
 20
25.666124737033439
  0
VERTEX
  5
AB8
100
AcDbEntity
  8
0
 62
     7
100
AcDbVertex
100
AcDb2dVertex
 10
22.933426757092096
 20
25.654670479502755
  0
VERTEX
  5
AB9
100
AcDbEntity
  8
0
 62
     7
100
AcDbVertex
100
AcDb2dVertex
 10
22.915939792802046
 20
25.641965454946469
  0
VERTEX
  5
ABA
100
AcDbEntity
  8
0
 62
     7
100
AcDbVertex
100
AcDb2dVertex
 10
22.899381685792275
 20
25.628071564541301
  0
VERTEX
  5
ABB
100
AcDbEntity
  8
0
 62
     7
100
AcDbVertex
100
AcDb2dVertex
 10
22.883833105463633
 20
25.613056468399773
  0
VERTEX
  5
ABC
100
AcDbEntity
  8
0
 62
     7
100
AcDbVertex
100
AcDb2dVertex
 10
22.869369803971797
 20
25.596993334539686
  0
VERTEX
  5
ABD
100
AcDbEntity
  8
0
 62
     7
100
AcDbVertex
100
AcDb2dVertex
 10
22.856062232298175
 20
25.579960425422065
  0
VERTEX
  5
ABE
100
AcDbEntity
  8
0
 62
     7
100
AcDbVertex
100
AcDb2dVertex
 10
22.843975230153401
 20
25.562040714022086
  0
VERTEX
  5
ABF
100
AcDbEntity
  8
0
 62
     7
100
AcDbVertex
100
AcDb2dVertex
 10
22.833167686347775
 20
25.543321514666545
  0
VERTEX
  5
AC0
100
AcDbEntity
  8
0
 62
     7
100
AcDbVertex
100
AcDb2dVertex
 10
22.823692287760696
 20
25.523894025272281
  0
VERTEX
  5
AC1
100
AcDbEntity
  8
0
 62
     7
100
AcDbVertex
100
AcDb2dVertex
 10
22.815595135411673
 20
25.503852876967866
  0
VERTEX
  5
AC2
100
AcDbEntity
  8
0
 62
     7
100
AcDbVertex
100
AcDb2dVertex
 10
22.808915714927249
 20
25.483295720631549
  0
VERTEX
  5
AC3
100
AcDbEntity
  8
0
 62
     7
100
AcDbVertex
100
AcDb2dVertex
 10
22.803686542145019
 20
25.462322702680435
  0
VERTEX
  5
AC4
100
AcDbEntity
  8
0
 62
     7
100
AcDbVertex
100
AcDb2dVertex
 10
22.799933133580563
 20
25.441036014692159
  0
VERTEX
  5
AC5
100
AcDbEntity
  8
0
 62
     7
100
AcDbVertex
100
AcDb2dVertex
 10
22.797673740630454
 20
25.419539350735942
  0
VERTEX
  5
AC6
100
AcDbEntity
  8
0
 62
     7
100
AcDbVertex
100
AcDb2dVertex
 10
22.796919379105244
 20
25.39793744591941
  0
VERTEX
  5
AC7
100
AcDbEntity
  8
0
 62
     7
100
AcDbVertex
100
AcDb2dVertex
 10
22.797673740630454
 20
25.376335541102875
  0
VERTEX
  5
AC8
100
AcDbEntity
  8
0
 62
     7
100
AcDbVertex
100
AcDb2dVertex
 10
22.799933133580563
 20
25.354838877146662
  0
VERTEX
  5
AC9
100
AcDbEntity
  8
0
 62
     7
100
AcDbVertex
100
AcDb2dVertex
 10
22.803686542145019
 20
25.333552189158382
  0
VERTEX
  5
ACA
100
AcDbEntity
  8
0
 62
     7
100
AcDbVertex
100
AcDb2dVertex
 10
22.808915714927249
 20
25.312579171207268
  0
VERTEX
  5
ACB
100
AcDbEntity
  8
0
 62
     7
100
AcDbVertex
100
AcDb2dVertex
 10
22.815595135411673
 20
25.292022014870955
  0
VERTEX
  5
ACC
100
AcDbEntity
  8
0
 62
     7
100
AcDbVertex
100
AcDb2dVertex
 10
22.823692287760696
 20
25.27198086656654
  0
VERTEX
  5
ACD
100
AcDbEntity
  8
0
 62
     7
100
AcDbVertex
100
AcDb2dVertex
 10
22.833167686347775
 20
25.252553377172276
  0
VERTEX
  5
ACE
100
AcDbEntity
  8
0
 62
     7
100
AcDbVertex
100
AcDb2dVertex
 10
22.843975230153401
 20
25.233834177816735
  0
VERTEX
  5
ACF
100
AcDbEntity
  8
0
 62
     7
100
AcDbVertex
100
AcDb2dVertex
 10
22.856062232298175
 20
25.215914466416756
  0
VERTEX
  5
AD0
100
AcDbEntity
  8
0
 62
     7
100
AcDbVertex
100
AcDb2dVertex
 10
22.869369803971797
 20
25.198881557299131
  0
VERTEX
  5
AD1
100
AcDbEntity
  8
0
 62
     7
100
AcDbVertex
100
AcDb2dVertex
 10
22.883833105463633
 20
25.182818423439048
  0
VERTEX
  5
AD2
100
AcDbEntity
  8
0
 62
     7
100
AcDbVertex
100
AcDb2dVertex
 10
22.899381685792275
 20
25.16780332729752
  0
VERTEX
  5
AD3
100
AcDbEntity
  8
0
 62
     7
100
AcDbVertex
100
AcDb2dVertex
 10
22.915939792802046
 20
25.153909436892349
  0
VERTEX
  5
AD4
100
AcDbEntity
  8
0
 62
     7
100
AcDbVertex
100
AcDb2dVertex
 10
22.933426757092096
 20
25.141204412336062
  0
VERTEX
  5
AD5
100
AcDbEntity
  8
0
 62
     7
100
AcDbVertex
100
AcDb2dVertex
 10
22.95175737594543
 20
25.129750154805379
  0
VERTEX
  5
AD6
100
AcDbEntity
  8
0
 62
     7
100
AcDbVertex
100
AcDb2dVertex
 10
22.970842356323974
 20
25.119602496444653
  0
VERTEX
  5
AD7
100
AcDbEntity
  8
0
 62
     7
100
AcDbVertex
100
AcDb2dVertex
 10
22.990588706180883
 20
25.11081087550285
  0
VERTEX
  5
AD8
100
AcDbEntity
  8
0
 62
     7
100
AcDbVertex
100
AcDb2dVertex
 10
23.010900229138361
 20
25.103418085302994
  0
VERTEX
  5
AD9
100
AcDbEntity
  8
0
 62
     7
100
AcDbVertex
100
AcDb2dVertex
 10
23.031677967482732
 20
25.097460156110156
  0
VERTEX
  5
ADA
100
AcDbEntity
  8
0
 62
     7
100
AcDbVertex
100
AcDb2dVertex
 10
23.052820700533868
 20
25.092966118867427
  0
VERTEX
  5
ADB
100
AcDbEntity
  8
0
 62
     7
100
AcDbVertex
100
AcDb2dVertex
 10
23.074225417173263
 20
25.089957887063886
  0
VERTEX
  5
ADC
100
AcDbEntity
  8
0
 62
     7
100
AcDbVertex
100
AcDb2dVertex
 10
23.095787836363233
 20
25.088450109069601
  0
VERTEX
  5
ADD
100
AcDbEntity
  8
0
 62
     7
100
AcDbVertex
100
AcDb2dVertex
 10
23.117402909208
 20
25.088450109069601
  0
VERTEX
  5
ADE
100
AcDbEntity
  8
0
 62
     7
100
AcDbVertex
100
AcDb2dVertex
 10
23.138965328397969
 20
25.089957887063886
  0
VERTEX
  5
ADF
100
AcDbEntity
  8
0
 62
     7
100
AcDbVertex
100
AcDb2dVertex
 10
23.160370045037364
 20
25.092966118867427
  0
VERTEX
  5
AE0
100
AcDbEntity
  8
0
 62
     7
100
AcDbVertex
100
AcDb2dVertex
 10
23.1815127780885
 20
25.097460156110156
  0
VERTEX
  5
AE1
100
AcDbEntity
  8
0
 62
     7
100
AcDbVertex
100
AcDb2dVertex
 10
23.202290516432871
 20
25.103418085302994
  0
VERTEX
  5
AE2
100
AcDbEntity
  8
0
 62
     7
100
AcDbVertex
100
AcDb2dVertex
 10
23.222602039390349
 20
25.11081087550285
  0
VERTEX
  5
AE3
100
AcDbEntity
  8
0
 62
     7
100
AcDbVertex
100
AcDb2dVertex
 10
23.242348389247258
 20
25.119602496444653
  0
VERTEX
  5
AE4
100
AcDbEntity
  8
0
 62
     7
100
AcDbVertex
100
AcDb2dVertex
 10
23.261433369625802
 20
25.129750154805379
  0
VERTEX
  5
AE5
100
AcDbEntity
  8
0
 62
     7
100
AcDbVertex
100
AcDb2dVertex
 10
23.279763988479136
 20
25.141204412336062
  0
VERTEX
  5
AE6
100
AcDbEntity
  8
0
 62
     7
100
AcDbVertex
100
AcDb2dVertex
 10
23.297250952769186
 20
25.153909436892349
  0
VERTEX
  5
AE7
100
AcDbEntity
  8
0
 62
     7
100
AcDbVertex
100
AcDb2dVertex
 10
23.313809059778958
 20
25.16780332729752
  0
VERTEX
  5
AE8
100
AcDbEntity
  8
0
 62
     7
100
AcDbVertex
100
AcDb2dVertex
 10
23.329357640107599
 20
25.182818423439048
  0
VERTEX
  5
AE9
100
AcDbEntity
  8
0
 62
     7
100
AcDbVertex
100
AcDb2dVertex
 10
23.343820941599436
 20
25.198881557299131
  0
VERTEX
  5
AEA
100
AcDbEntity
  8
0
 62
     7
100
AcDbVertex
100
AcDb2dVertex
 10
23.357128513273057
 20
25.215914466416756
  0
VERTEX
  5
AEB
100
AcDbEntity
  8
0
 62
     7
100
AcDbVertex
100
AcDb2dVertex
 10
23.369215515417832
 20
25.233834177816735
  0
VERTEX
  5
AEC
100
AcDbEntity
  8
0
 62
     7
100
AcDbVertex
100
AcDb2dVertex
 10
23.380023059223458
 20
25.252553377172276
  0
VERTEX
  5
AED
100
AcDbEntity
  8
0
 62
     7
100
AcDbVertex
100
AcDb2dVertex
 10
23.389498457810536
 20
25.27198086656654
  0
VERTEX
  5
AEE
100
AcDbEntity
  8
0
 62
     7
100
AcDbVertex
100
AcDb2dVertex
 10
23.397595610159559
 20
25.292022014870955
  0
VERTEX
  5
AEF
100
AcDbEntity
  8
0
 62
     7
100
AcDbVertex
100
AcDb2dVertex
 10
23.404275030643984
 20
25.312579171207268
  0
VERTEX
  5
AF0
100
AcDbEntity
  8
0
 62
     7
100
AcDbVertex
100
AcDb2dVertex
 10
23.409504203426213
 20
25.333552189158382
  0
VERTEX
  5
AF1
100
AcDbEntity
  8
0
 62
     7
100
AcDbVertex
100
AcDb2dVertex
 10
23.413257611990669
 20
25.354838877146662
  0
VERTEX
  5
AF2
100
AcDbEntity
  8
0
 62
     7
100
AcDbVertex
100
AcDb2dVertex
 10
23.416271366465988
 20
25.39793744591941
  0
SEQEND
  5
AF3
100
AcDbEntity
  8
0
  0
POLYLINE
  5
AF4
100
AcDbEntity
  8
0
 62
     7
100
AcDb2dPolyline
 66
     1
 10
0.0
 20
0.0
 30
0.0
  0
VERTEX
  5
AF5
100
AcDbEntity
  8
0
 62
     7
100
AcDbVertex
100
AcDb2dVertex
 10
18.771131461260421
 20
31.467586922054679
  0
VERTEX
  5
AF6
100
AcDbEntity
  8
0
 62
     7
100
AcDbVertex
100
AcDb2dVertex
 10
18.771131461260421
 20
27.751474997890227
  0
SEQEND
  5
AF7
100
AcDbEntity
  8
0
  0
POLYLINE
  5
AF8
100
AcDbEntity
  8
0
 62
     7
100
AcDb2dPolyline
 66
     1
 10
0.0
 20
0.0
 30
0.0
  0
VERTEX
  5
AF9
100
AcDbEntity
  8
0
 62
     7
100
AcDbVertex
100
AcDb2dVertex
 10
18.771131461260421
 20
27.751474997890227
  0
VERTEX
  5
AFA
100
AcDbEntity
  8
0
 62
     7
100
AcDbVertex
100
AcDb2dVertex
 10
19.03574290885884
 20
27.293154527243281
  0
SEQEND
  5
AFB
100
AcDbEntity
  8
0
  0
POLYLINE
  5
AFC
100
AcDbEntity
  8
0
 62
     7
100
AcDb2dPolyline
 66
     1
 10
0.0
 20
0.0
 30
0.0
  0
VERTEX
  5
AFD
100
AcDbEntity
  8
0
 62
     7
100
AcDbVertex
100
AcDb2dVertex
 10
23.72594736014636
 20
26.054450552521796
  0
VERTEX
  5
AFE
100
AcDbEntity
  8
0
 62
     7
100
AcDbVertex
100
AcDb2dVertex
 10
22.487243385424872
 20
26.054450552521796
  0
SEQEND
  5
AFF
100
AcDbEntity
  8
0
  0
POLYLINE
  5
B00
100
AcDbEntity
  8
0
 62
     7
100
AcDb2dPolyline
 66
     1
 10
0.0
 20
0.0
 30
0.0
  0
VERTEX
  5
B01
100
AcDbEntity
  8
0
 62
     7
100
AcDbVertex
100
AcDb2dVertex
 10
22.796919379105244
 20
25.39793744591941
  0
VERTEX
  5
B02
100
AcDbEntity
  8
0
 62
     7
100
AcDbVertex
100
AcDb2dVertex
 10
22.487243385424872
 20
25.39793744591941
  0
SEQEND
  5
B03
100
AcDbEntity
  8
0
  0
POLYLINE
  5
B04
100
AcDbEntity
  8
0
 62
     7
100
AcDb2dPolyline
 66
     1
 10
0.0
 20
0.0
 30
0.0
  0
VERTEX
  5
B05
100
AcDbEntity
  8
0
 62
     7
100
AcDbVertex
100
AcDb2dVertex
 10
22.487243385424872
 20
26.079224632016224
  0
VERTEX
  5
B06
100
AcDbEntity
  8
0
 62
     7
100
AcDbVertex
100
AcDb2dVertex
 10
22.487243385424872
 20
25.39793744591941
  0
SEQEND
  5
B07
100
AcDbEntity
  8
0
  0
POLYLINE
  5
B08
100
AcDbEntity
  8
0
 62
     7
100
AcDb2dPolyline
 66
     1
 10
0.0
 20
0.0
 30
0.0
  0
VERTEX
  5
B09
100
AcDbEntity
  8
0
 62
     7
100
AcDbVertex
100
AcDb2dVertex
 10
23.72594736014636
 20
26.079224632016224
  0
VERTEX
  5
B0A
100
AcDbEntity
  8
0
 62
     7
100
AcDbVertex
100
AcDb2dVertex
 10
23.72594736014636
 20
25.645678240863706
  0
SEQEND
  5
B0B
100
AcDbEntity
  8
0
  0
POLYLINE
  5
B0C
100
AcDbEntity
  8
0
 62
     7
100
AcDb2dPolyline
 66
     1
 10
0.0
 20
0.0
 30
0.0
  0
VERTEX
  5
B0D
100
AcDbEntity
  8
0
 62
     7
100
AcDbVertex
100
AcDb2dVertex
 10
18.771131461260421
 20
31.467586922054679
  0
VERTEX
  5
B0E
100
AcDbEntity
  8
0
 62
     7
100
AcDbVertex
100
AcDb2dVertex
 10
19.03574290885884
 20
31.925907392701632
  0
SEQEND
  5
B0F
100
AcDbEntity
  8
0
  0
POLYLINE
  5
B10
100
AcDbEntity
  8
0
 62
     7
100
AcDb2dPolyline
 66
     1
 10
0.0
 20
0.0
 30
0.0
  0
VERTEX
  5
B11
100
AcDbEntity
  8
0
 62
     7
100
AcDbVertex
100
AcDb2dVertex
 10
23.416271366465988
 20
33.821124474025495
  0
VERTEX
  5
B12
100
AcDbEntity
  8
0
 62
     7
100
AcDbVertex
100
AcDb2dVertex
 10
23.415517004940778
 20
33.84272637884203
  0
VERTEX
  5
B13
100
AcDbEntity
  8
0
 62
     7
100
AcDbVertex
100
AcDb2dVertex
 10
23.413257611990669
 20
33.864223042798244
  0
VERTEX
  5
B14
100
AcDbEntity
  8
0
 62
     7
100
AcDbVertex
100
AcDb2dVertex
 10
23.409504203426213
 20
33.885509730786524
  0
VERTEX
  5
B15
100
AcDbEntity
  8
0
 62
     7
100
AcDbVertex
100
AcDb2dVertex
 10
23.404275030643984
 20
33.906482748737638
  0
VERTEX
  5
B16
100
AcDbEntity
  8
0
 62
     7
100
AcDbVertex
100
AcDb2dVertex
 10
23.397595610159559
 20
33.927039905073947
  0
VERTEX
  5
B17
100
AcDbEntity
  8
0
 62
     7
100
AcDbVertex
100
AcDb2dVertex
 10
23.389498457810536
 20
33.947081053378362
  0
VERTEX
  5
B18
100
AcDbEntity
  8
0
 62
     7
100
AcDbVertex
100
AcDb2dVertex
 10
23.380023059223458
 20
33.96650854277263
  0
VERTEX
  5
B19
100
AcDbEntity
  8
0
 62
     7
100
AcDbVertex
100
AcDb2dVertex
 10
23.369215515417832
 20
33.985227742128167
  0
VERTEX
  5
B1A
100
AcDbEntity
  8
0
 62
     7
100
AcDbVertex
100
AcDb2dVertex
 10
23.357128513273057
 20
34.00314745352815
  0
VERTEX
  5
B1B
100
AcDbEntity
  8
0
 62
     7
100
AcDbVertex
100
AcDb2dVertex
 10
23.343820941599436
 20
34.020180362645775
  0
VERTEX
  5
B1C
100
AcDbEntity
  8
0
 62
     7
100
AcDbVertex
100
AcDb2dVertex
 10
23.329357640107599
 20
34.036243496505854
  0
VERTEX
  5
B1D
100
AcDbEntity
  8
0
 62
     7
100
AcDbVertex
100
AcDb2dVertex
 10
23.313809059778958
 20
34.051258592647386
  0
VERTEX
  5
B1E
100
AcDbEntity
  8
0
 62
     7
100
AcDbVertex
100
AcDb2dVertex
 10
23.297250952769186
 20
34.065152483052557
  0
VERTEX
  5
B1F
100
AcDbEntity
  8
0
 62
     7
100
AcDbVertex
100
AcDb2dVertex
 10
23.279763988479136
 20
34.07785750760884
  0
VERTEX
  5
B20
100
AcDbEntity
  8
0
 62
     7
100
AcDbVertex
100
AcDb2dVertex
 10
23.261433369625802
 20
34.089311765139527
  0
VERTEX
  5
B21
100
AcDbEntity
  8
0
 62
     7
100
AcDbVertex
100
AcDb2dVertex
 10
23.242348389247258
 20
34.099459423500249
  0
VERTEX
  5
B22
100
AcDbEntity
  8
0
 62
     7
100
AcDbVertex
100
AcDb2dVertex
 10
23.222602039390349
 20
34.108251044442049
  0
VERTEX
  5
B23
100
AcDbEntity
  8
0
 62
     7
100
AcDbVertex
100
AcDb2dVertex
 10
23.202290516432871
 20
34.115643834641908
  0
VERTEX
  5
B24
100
AcDbEntity
  8
0
 62
     7
100
AcDbVertex
100
AcDb2dVertex
 10
23.1815127780885
 20
34.121601763834747
  0
VERTEX
  5
B25
100
AcDbEntity
  8
0
 62
     7
100
AcDbVertex
100
AcDb2dVertex
 10
23.160370045037364
 20
34.126095801077476
  0
VERTEX
  5
B26
100
AcDbEntity
  8
0
 62
     7
100
AcDbVertex
100
AcDb2dVertex
 10
23.138965328397969
 20
34.129104032881017
  0
VERTEX
  5
B27
100
AcDbEntity
  8
0
 62
     7
100
AcDbVertex
100
AcDb2dVertex
 10
23.117402909208
 20
34.130611810875301
  0
VERTEX
  5
B28
100
AcDbEntity
  8
0
 62
     7
100
AcDbVertex
100
AcDb2dVertex
 10
23.095787836363233
 20
34.130611810875301
  0
VERTEX
  5
B29
100
AcDbEntity
  8
0
 62
     7
100
AcDbVertex
100
AcDb2dVertex
 10
23.074225417173263
 20
34.129104032881017
  0
VERTEX
  5
B2A
100
AcDbEntity
  8
0
 62
     7
100
AcDbVertex
100
AcDb2dVertex
 10
23.052820700533868
 20
34.126095801077476
  0
VERTEX
  5
B2B
100
AcDbEntity
  8
0
 62
     7
100
AcDbVertex
100
AcDb2dVertex
 10
23.031677967482732
 20
34.121601763834747
  0
VERTEX
  5
B2C
100
AcDbEntity
  8
0
 62
     7
100
AcDbVertex
100
AcDb2dVertex
 10
23.010900229138361
 20
34.115643834641908
  0
VERTEX
  5
B2D
100
AcDbEntity
  8
0
 62
     7
100
AcDbVertex
100
AcDb2dVertex
 10
22.990588706180883
 20
34.108251044442049
  0
VERTEX
  5
B2E
100
AcDbEntity
  8
0
 62
     7
100
AcDbVertex
100
AcDb2dVertex
 10
22.970842356323974
 20
34.099459423500249
  0
VERTEX
  5
B2F
100
AcDbEntity
  8
0
 62
     7
100
AcDbVertex
100
AcDb2dVertex
 10
22.95175737594543
 20
34.089311765139527
  0
VERTEX
  5
B30
100
AcDbEntity
  8
0
 62
     7
100
AcDbVertex
100
AcDb2dVertex
 10
22.933426757092096
 20
34.07785750760884
  0
VERTEX
  5
B31
100
AcDbEntity
  8
0
 62
     7
100
AcDbVertex
100
AcDb2dVertex
 10
22.915939792802046
 20
34.065152483052557
  0
VERTEX
  5
B32
100
AcDbEntity
  8
0
 62
     7
100
AcDbVertex
100
AcDb2dVertex
 10
22.899381685792275
 20
34.051258592647386
  0
VERTEX
  5
B33
100
AcDbEntity
  8
0
 62
     7
100
AcDbVertex
100
AcDb2dVertex
 10
22.883833105463633
 20
34.036243496505854
  0
VERTEX
  5
B34
100
AcDbEntity
  8
0
 62
     7
100
AcDbVertex
100
AcDb2dVertex
 10
22.869369803971797
 20
34.020180362645775
  0
VERTEX
  5
B35
100
AcDbEntity
  8
0
 62
     7
100
AcDbVertex
100
AcDb2dVertex
 10
22.856062232298175
 20
34.00314745352815
  0
VERTEX
  5
B36
100
AcDbEntity
  8
0
 62
     7
100
AcDbVertex
100
AcDb2dVertex
 10
22.843975230153401
 20
33.985227742128167
  0
VERTEX
  5
B37
100
AcDbEntity
  8
0
 62
     7
100
AcDbVertex
100
AcDb2dVertex
 10
22.833167686347775
 20
33.96650854277263
  0
VERTEX
  5
B38
100
AcDbEntity
  8
0
 62
     7
100
AcDbVertex
100
AcDb2dVertex
 10
22.823692287760696
 20
33.947081053378362
  0
VERTEX
  5
B39
100
AcDbEntity
  8
0
 62
     7
100
AcDbVertex
100
AcDb2dVertex
 10
22.815595135411673
 20
33.927039905073947
  0
VERTEX
  5
B3A
100
AcDbEntity
  8
0
 62
     7
100
AcDbVertex
100
AcDb2dVertex
 10
22.808915714927249
 20
33.906482748737638
  0
VERTEX
  5
B3B
100
AcDbEntity
  8
0
 62
     7
100
AcDbVertex
100
AcDb2dVertex
 10
22.803686542145019
 20
33.885509730786524
  0
VERTEX
  5
B3C
100
AcDbEntity
  8
0
 62
     7
100
AcDbVertex
100
AcDb2dVertex
 10
22.799933133580563
 20
33.864223042798244
  0
VERTEX
  5
B3D
100
AcDbEntity
  8
0
 62
     7
100
AcDbVertex
100
AcDb2dVertex
 10
22.797673740630454
 20
33.84272637884203
  0
VERTEX
  5
B3E
100
AcDbEntity
  8
0
 62
     7
100
AcDbVertex
100
AcDb2dVertex
 10
22.796919379105244
 20
33.821124474025495
  0
VERTEX
  5
B3F
100
AcDbEntity
  8
0
 62
     7
100
AcDbVertex
100
AcDb2dVertex
 10
22.797673740630454
 20
33.79952256920896
  0
VERTEX
  5
B40
100
AcDbEntity
  8
0
 62
     7
100
AcDbVertex
100
AcDb2dVertex
 10
22.799933133580563
 20
33.778025905252747
  0
VERTEX
  5
B41
100
AcDbEntity
  8
0
 62
     7
100
AcDbVertex
100
AcDb2dVertex
 10
22.803686542145019
 20
33.756739217264467
  0
VERTEX
  5
B42
100
AcDbEntity
  8
0
 62
     7
100
AcDbVertex
100
AcDb2dVertex
 10
22.808915714927249
 20
33.735766199313353
  0
VERTEX
  5
B43
100
AcDbEntity
  8
0
 62
     7
100
AcDbVertex
100
AcDb2dVertex
 10
22.815595135411673
 20
33.715209042977037
  0
VERTEX
  5
B44
100
AcDbEntity
  8
0
 62
     7
100
AcDbVertex
100
AcDb2dVertex
 10
22.823692287760696
 20
33.695167894672622
  0
VERTEX
  5
B45
100
AcDbEntity
  8
0
 62
     7
100
AcDbVertex
100
AcDb2dVertex
 10
22.833167686347775
 20
33.675740405278361
  0
VERTEX
  5
B46
100
AcDbEntity
  8
0
 62
     7
100
AcDbVertex
100
AcDb2dVertex
 10
22.843975230153401
 20
33.657021205922817
  0
VERTEX
  5
B47
100
AcDbEntity
  8
0
 62
     7
100
AcDbVertex
100
AcDb2dVertex
 10
22.856062232298175
 20
33.639101494522841
  0
VERTEX
  5
B48
100
AcDbEntity
  8
0
 62
     7
100
AcDbVertex
100
AcDb2dVertex
 10
22.869369803971797
 20
33.622068585405216
  0
VERTEX
  5
B49
100
AcDbEntity
  8
0
 62
     7
100
AcDbVertex
100
AcDb2dVertex
 10
22.883833105463633
 20
33.60600545154513
  0
VERTEX
  5
B4A
100
AcDbEntity
  8
0
 62
     7
100
AcDbVertex
100
AcDb2dVertex
 10
22.899381685792275
 20
33.590990355403605
  0
VERTEX
  5
B4B
100
AcDbEntity
  8
0
 62
     7
100
AcDbVertex
100
AcDb2dVertex
 10
22.915939792802046
 20
33.577096464998434
  0
VERTEX
  5
B4C
100
AcDbEntity
  8
0
 62
     7
100
AcDbVertex
100
AcDb2dVertex
 10
22.933426757092096
 20
33.564391440442151
  0
VERTEX
  5
B4D
100
AcDbEntity
  8
0
 62
     7
100
AcDbVertex
100
AcDb2dVertex
 10
22.95175737594543
 20
33.552937182911464
  0
VERTEX
  5
B4E
100
AcDbEntity
  8
0
 62
     7
100
AcDbVertex
100
AcDb2dVertex
 10
22.970842356323974
 20
33.542789524550741
  0
VERTEX
  5
B4F
100
AcDbEntity
  8
0
 62
     7
100
AcDbVertex
100
AcDb2dVertex
 10
22.990588706180883
 20
33.533997903608935
  0
VERTEX
  5
B50
100
AcDbEntity
  8
0
 62
     7
100
AcDbVertex
100
AcDb2dVertex
 10
23.010900229138361
 20
33.526605113409076
  0
VERTEX
  5
B51
100
AcDbEntity
  8
0
 62
     7
100
AcDbVertex
100
AcDb2dVertex
 10
23.031677967482732
 20
33.520647184216244
  0
VERTEX
  5
B52
100
AcDbEntity
  8
0
 62
     7
100
AcDbVertex
100
AcDb2dVertex
 10
23.052820700533868
 20
33.516153146973508
  0
VERTEX
  5
B53
100
AcDbEntity
  8
0
 62
     7
100
AcDbVertex
100
AcDb2dVertex
 10
23.074225417173263
 20
33.513144915169967
  0
VERTEX
  5
B54
100
AcDbEntity
  8
0
 62
     7
100
AcDbVertex
100
AcDb2dVertex
 10
23.095787836363233
 20
33.511637137175683
  0
VERTEX
  5
B55
100
AcDbEntity
  8
0
 62
     7
100
AcDbVertex
100
AcDb2dVertex
 10
23.117402909208
 20
33.511637137175683
  0
VERTEX
  5
B56
100
AcDbEntity
  8
0
 62
     7
100
AcDbVertex
100
AcDb2dVertex
 10
23.138965328397969
 20
33.513144915169967
  0
VERTEX
  5
B57
100
AcDbEntity
  8
0
 62
     7
100
AcDbVertex
100
AcDb2dVertex
 10
23.160370045037364
 20
33.516153146973508
  0
VERTEX
  5
B58
100
AcDbEntity
  8
0
 62
     7
100
AcDbVertex
100
AcDb2dVertex
 10
23.1815127780885
 20
33.520647184216244
  0
VERTEX
  5
B59
100
AcDbEntity
  8
0
 62
     7
100
AcDbVertex
100
AcDb2dVertex
 10
23.202290516432871
 20
33.526605113409076
  0
VERTEX
  5
B5A
100
AcDbEntity
  8
0
 62
     7
100
AcDbVertex
100
AcDb2dVertex
 10
23.222602039390349
 20
33.533997903608935
  0
VERTEX
  5
B5B
100
AcDbEntity
  8
0
 62
     7
100
AcDbVertex
100
AcDb2dVertex
 10
23.242348389247258
 20
33.542789524550741
  0
VERTEX
  5
B5C
100
AcDbEntity
  8
0
 62
     7
100
AcDbVertex
100
AcDb2dVertex
 10
23.261433369625802
 20
33.552937182911464
  0
VERTEX
  5
B5D
100
AcDbEntity
  8
0
 62
     7
100
AcDbVertex
100
AcDb2dVertex
 10
23.279763988479136
 20
33.564391440442151
  0
VERTEX
  5
B5E
100
AcDbEntity
  8
0
 62
     7
100
AcDbVertex
100
AcDb2dVertex
 10
23.297250952769186
 20
33.577096464998434
  0
VERTEX
  5
B5F
100
AcDbEntity
  8
0
 62
     7
100
AcDbVertex
100
AcDb2dVertex
 10
23.313809059778958
 20
33.590990355403605
  0
VERTEX
  5
B60
100
AcDbEntity
  8
0
 62
     7
100
AcDbVertex
100
AcDb2dVertex
 10
23.329357640107599
 20
33.60600545154513
  0
VERTEX
  5
B61
100
AcDbEntity
  8
0
 62
     7
100
AcDbVertex
100
AcDb2dVertex
 10
23.343820941599436
 20
33.622068585405216
  0
VERTEX
  5
B62
100
AcDbEntity
  8
0
 62
     7
100
AcDbVertex
100
AcDb2dVertex
 10
23.357128513273057
 20
33.639101494522841
  0
VERTEX
  5
B63
100
AcDbEntity
  8
0
 62
     7
100
AcDbVertex
100
AcDb2dVertex
 10
23.369215515417832
 20
33.657021205922817
  0
VERTEX
  5
B64
100
AcDbEntity
  8
0
 62
     7
100
AcDbVertex
100
AcDb2dVertex
 10
23.380023059223458
 20
33.675740405278361
  0
VERTEX
  5
B65
100
AcDbEntity
  8
0
 62
     7
100
AcDbVertex
100
AcDb2dVertex
 10
23.389498457810536
 20
33.695167894672622
  0
VERTEX
  5
B66
100
AcDbEntity
  8
0
 62
     7
100
AcDbVertex
100
AcDb2dVertex
 10
23.397595610159559
 20
33.715209042977037
  0
VERTEX
  5
B67
100
AcDbEntity
  8
0
 62
     7
100
AcDbVertex
100
AcDb2dVertex
 10
23.404275030643984
 20
33.735766199313353
  0
VERTEX
  5
B68
100
AcDbEntity
  8
0
 62
     7
100
AcDbVertex
100
AcDb2dVertex
 10
23.409504203426213
 20
33.756739217264467
  0
VERTEX
  5
B69
100
AcDbEntity
  8
0
 62
     7
100
AcDbVertex
100
AcDb2dVertex
 10
23.413257611990669
 20
33.778025905252747
  0
VERTEX
  5
B6A
100
AcDbEntity
  8
0
 62
     7
100
AcDbVertex
100
AcDb2dVertex
 10
23.416271366465988
 20
33.821124474025495
  0
SEQEND
  5
B6B
100
AcDbEntity
  8
0
  0
POLYLINE
  5
B6C
100
AcDbEntity
  8
0
 62
     7
100
AcDb2dPolyline
 66
     1
 10
0.0
 20
0.0
 30
0.0
  0
VERTEX
  5
B6D
100
AcDbEntity
  8
0
 62
     7
100
AcDbVertex
100
AcDb2dVertex
 10
22.487243385424872
 20
33.139837287928678
  0
VERTEX
  5
B6E
100
AcDbEntity
  8
0
 62
     7
100
AcDbVertex
100
AcDb2dVertex
 10
22.487243385424872
 20
33.821124474025495
  0
SEQEND
  5
B6F
100
AcDbEntity
  8
0
  0
POLYLINE
  5
B70
100
AcDbEntity
  8
0
 62
     7
100
AcDb2dPolyline
 66
     1
 10
0.0
 20
0.0
 30
0.0
  0
VERTEX
  5
B71
100
AcDbEntity
  8
0
 62
     7
100
AcDbVertex
100
AcDb2dVertex
 10
23.72594736014636
 20
33.164611367423113
  0
VERTEX
  5
B72
100
AcDbEntity
  8
0
 62
     7
100
AcDbVertex
100
AcDb2dVertex
 10
22.487243385424872
 20
33.164611367423113
  0
SEQEND
  5
B73
100
AcDbEntity
  8
0
  0
POLYLINE
  5
B74
100
AcDbEntity
  8
0
 62
     7
100
AcDb2dPolyline
 66
     1
 10
0.0
 20
0.0
 30
0.0
  0
VERTEX
  5
B75
100
AcDbEntity
  8
0
 62
     7
100
AcDbVertex
100
AcDb2dVertex
 10
23.72594736014636
 20
33.139837287928678
  0
VERTEX
  5
B76
100
AcDbEntity
  8
0
 62
     7
100
AcDbVertex
100
AcDb2dVertex
 10
23.72594736014636
 20
33.573383679081196
  0
SEQEND
  5
B77
100
AcDbEntity
  8
0
  0
POLYLINE
  5
B78
100
AcDbEntity
  8
0
 62
     7
100
AcDb2dPolyline
 66
     1
 10
0.0
 20
0.0
 30
0.0
  0
VERTEX
  5
B79
100
AcDbEntity
  8
0
 62
     7
100
AcDbVertex
100
AcDb2dVertex
 10
22.796919379105244
 20
33.821124474025495
  0
VERTEX
  5
B7A
100
AcDbEntity
  8
0
 62
     7
100
AcDbVertex
100
AcDb2dVertex
 10
22.487243385424872
 20
33.821124474025495
  0
SEQEND
  5
B7B
100
AcDbEntity
  8
0
  0
POLYLINE
  5
B7C
100
AcDbEntity
  8
0
 62
     7
100
AcDb2dPolyline
 66
     1
 10
0.0
 20
0.0
 30
0.0
  0
VERTEX
  5
B7D
100
AcDbEntity
  8
0
 62
     7
100
AcDbVertex
100
AcDb2dVertex
 10
23.416271366465988
 20
33.821124474025495
  0
VERTEX
  5
B7E
100
AcDbEntity
  8
0
 62
     7
100
AcDbVertex
100
AcDb2dVertex
 10
23.416271366465988
 20
34.068865268969788
  0
SEQEND
  5
B7F
100
AcDbEntity
  8
0
  0
POLYLINE
  5
B80
100
AcDbEntity
  8
0
 62
     7
100
AcDb2dPolyline
 66
     1
 10
0.0
 20
0.0
 30
0.0
  0
VERTEX
  5
B81
100
AcDbEntity
  8
0
 62
     7
100
AcDbVertex
100
AcDb2dVertex
 10
42.058766186024314
 20
27.132123010529487
  0
VERTEX
  5
B82
100
AcDbEntity
  8
0
 62
     7
100
AcDbVertex
100
AcDb2dVertex
 10
41.067803006247132
 20
27.132123010529487
  0
SEQEND
  5
B83
100
AcDbEntity
  8
0
  0
POLYLINE
  5
B84
100
AcDbEntity
  8
0
 62
     7
100
AcDb2dPolyline
 66
     1
 10
0.0
 20
0.0
 30
0.0
  0
VERTEX
  5
B85
100
AcDbEntity
  8
0
 62
     7
100
AcDbVertex
100
AcDb2dVertex
 10
42.058766186024314
 20
32.086938909415416
  0
VERTEX
  5
B86
100
AcDbEntity
  8
0
 62
     7
100
AcDbVertex
100
AcDb2dVertex
 10
41.067803006247132
 20
32.086938909415416
  0
SEQEND
  5
B87
100
AcDbEntity
  8
0
  0
POLYLINE
  5
B88
100
AcDbEntity
  8
0
 62
     7
100
AcDb2dPolyline
 66
     1
 10
0.0
 20
0.0
 30
0.0
  0
VERTEX
  5
B89
100
AcDbEntity
  8
0
 62
     7
100
AcDbVertex
100
AcDb2dVertex
 10
40.138775025206016
 20
25.150196650975111
  0
VERTEX
  5
B8A
100
AcDbEntity
  8
0
 62
     7
100
AcDbVertex
100
AcDb2dVertex
 10
40.138775025206016
 20
25.39793744591941
  0
SEQEND
  5
B8B
100
AcDbEntity
  8
0
  0
POLYLINE
  5
B8C
100
AcDbEntity
  8
0
 62
     7
100
AcDb2dPolyline
 66
     1
 10
0.0
 20
0.0
 30
0.0
  0
VERTEX
  5
B8D
100
AcDbEntity
  8
0
 62
     7
100
AcDbVertex
100
AcDb2dVertex
 10
41.067803006247132
 20
32.334679704359715
  0
VERTEX
  5
B8E
100
AcDbEntity
  8
0
 62
     7
100
AcDbVertex
100
AcDb2dVertex
 10
41.067803006247132
 20
26.884382215585191
  0
SEQEND
  5
B8F
100
AcDbEntity
  8
0
  0
POLYLINE
  5
B90
100
AcDbEntity
  8
0
 62
     7
100
AcDb2dPolyline
 66
     1
 10
0.0
 20
0.0
 30
0.0
  0
VERTEX
  5
B91
100
AcDbEntity
  8
0
 62
     7
100
AcDbVertex
100
AcDb2dVertex
 10
41.067803006247132
 20
26.797672937354687
  0
VERTEX
  5
B92
100
AcDbEntity
  8
0
 62
     7
100
AcDbVertex
100
AcDb2dVertex
 10
37.599431877026973
 20
26.797672937354687
  0
SEQEND
  5
B93
100
AcDbEntity
  8
0
  0
POLYLINE
  5
B94
100
AcDbEntity
  8
0
 62
     7
100
AcDb2dPolyline
 66
     1
 10
0.0
 20
0.0
 30
0.0
  0
VERTEX
  5
B95
100
AcDbEntity
  8
0
 62
     7
100
AcDbVertex
100
AcDb2dVertex
 10
40.920511282629406
 20
26.884382196684069
  0
VERTEX
  5
B96
100
AcDbEntity
  8
0
 62
     7
100
AcDbVertex
100
AcDb2dVertex
 10
40.619063420171514
 20
27.053896915270641
  0
VERTEX
  5
B97
100
AcDbEntity
  8
0
 62
     7
100
AcDbVertex
100
AcDb2dVertex
 10
40.306525205860154
 20
27.201970672838463
  0
VERTEX
  5
B98
100
AcDbEntity
  8
0
 62
     7
100
AcDbVertex
100
AcDb2dVertex
 10
39.98441900699369
 20
27.327882391558017
  0
VERTEX
  5
B99
100
AcDbEntity
  8
0
 62
     7
100
AcDbVertex
100
AcDb2dVertex
 10
39.654314325545101
 20
27.431018257470878
  0
VERTEX
  5
B9A
100
AcDbEntity
  8
0
 62
     7
100
AcDbVertex
100
AcDb2dVertex
 10
39.3178194107888
 20
27.51087550071426
  0
VERTEX
  5
B9B
100
AcDbEntity
  8
0
 62
     7
100
AcDbVertex
100
AcDb2dVertex
 10
38.976573580719588
 20
27.567066175745541
  0
VERTEX
  5
B9C
100
AcDbEntity
  8
0
 62
     7
100
AcDbVertex
100
AcDb2dVertex
 10
38.63223930720757
 20
27.599315743758073
  0
VERTEX
  5
B9D
100
AcDbEntity
  8
0
 62
     7
100
AcDbVertex
100
AcDb2dVertex
 10
38.342654261859863
 20
27.607785336822538
  0
SEQEND
  5
B9E
100
AcDbEntity
  8
0
  0
POLYLINE
  5
B9F
100
AcDbEntity
  8
0
 62
     7
100
AcDb2dPolyline
 66
     1
 10
0.0
 20
0.0
 30
0.0
  0
VERTEX
  5
BA0
100
AcDbEntity
  8
0
 62
     7
100
AcDbVertex
100
AcDb2dVertex
 10
37.599431877026973
 20
25.645678240863706
  0
VERTEX
  5
BA1
100
AcDbEntity
  8
0
 62
     7
100
AcDbVertex
100
AcDb2dVertex
 10
37.599431877026973
 20
27.293154527243281
  0
SEQEND
  5
BA2
100
AcDbEntity
  8
0
  0
POLYLINE
  5
BA3
100
AcDbEntity
  8
0
 62
     7
100
AcDb2dPolyline
 66
     1
 10
0.0
 20
0.0
 30
0.0
  0
VERTEX
  5
BA4
100
AcDbEntity
  8
0
 62
     7
100
AcDbVertex
100
AcDb2dVertex
 10
41.067803006247132
 20
27.082574851540627
  0
VERTEX
  5
BA5
100
AcDbEntity
  8
0
 62
     7
100
AcDbVertex
100
AcDb2dVertex
 10
41.067803006247132
 20
26.797672937354687
  0
SEQEND
  5
BA6
100
AcDbEntity
  8
0
  0
POLYLINE
  5
BA7
100
AcDbEntity
  8
0
 62
     7
100
AcDb2dPolyline
 66
     1
 10
0.0
 20
0.0
 30
0.0
  0
VERTEX
  5
BA8
100
AcDbEntity
  8
0
 62
     7
100
AcDbVertex
100
AcDb2dVertex
 10
41.067803006247132
 20
27.082574851540627
  0
VERTEX
  5
BA9
100
AcDbEntity
  8
0
 62
     7
100
AcDbVertex
100
AcDb2dVertex
 10
41.117351165235988
 20
27.132123010529487
  0
SEQEND
  5
BAA
100
AcDbEntity
  8
0
  0
POLYLINE
  5
BAB
100
AcDbEntity
  8
0
 62
     7
100
AcDb2dPolyline
 66
     1
 10
0.0
 20
0.0
 30
0.0
  0
VERTEX
  5
BAC
100
AcDbEntity
  8
0
 62
     7
100
AcDbVertex
100
AcDb2dVertex
 10
41.067803006247132
 20
26.884382215585191
  0
VERTEX
  5
BAD
100
AcDbEntity
  8
0
 62
     7
100
AcDbVertex
100
AcDb2dVertex
 10
40.920511194020946
 20
26.884382215585191
  0
SEQEND
  5
BAE
100
AcDbEntity
  8
0
  0
POLYLINE
  5
BAF
100
AcDbEntity
  8
0
 62
     7
100
AcDb2dPolyline
 66
     1
 10
0.0
 20
0.0
 30
0.0
  0
VERTEX
  5
BB0
100
AcDbEntity
  8
0
 62
     7
100
AcDbVertex
100
AcDb2dVertex
 10
41.067803006247132
 20
32.421388982590223
  0
VERTEX
  5
BB1
100
AcDbEntity
  8
0
 62
     7
100
AcDbVertex
100
AcDb2dVertex
 10
37.599431877026973
 20
32.421388982590223
  0
SEQEND
  5
BB2
100
AcDbEntity
  8
0
  0
POLYLINE
  5
BB3
100
AcDbEntity
  8
0
 62
     7
100
AcDb2dPolyline
 66
     1
 10
0.0
 20
0.0
 30
0.0
  0
VERTEX
  5
BB4
100
AcDbEntity
  8
0
 62
     7
100
AcDbVertex
100
AcDb2dVertex
 10
38.342654261859863
 20
31.611276583122372
  0
VERTEX
  5
BB5
100
AcDbEntity
  8
0
 62
     7
100
AcDbVertex
100
AcDb2dVertex
 10
38.688284738924395
 20
31.623346367525716
  0
VERTEX
  5
BB6
100
AcDbEntity
  8
0
 62
     7
100
AcDbVertex
100
AcDb2dVertex
 10
39.032231362223854
 20
31.659496654727445
  0
VERTEX
  5
BB7
100
AcDbEntity
  8
0
 62
     7
100
AcDbVertex
100
AcDb2dVertex
 10
39.372818370036285
 20
31.719551191758733
  0
VERTEX
  5
BB8
100
AcDbEntity
  8
0
 62
     7
100
AcDbVertex
100
AcDb2dVertex
 10
39.708386657254124
 20
31.803217956274469
  0
VERTEX
  5
BB9
100
AcDbEntity
  8
0
 62
     7
100
AcDbVertex
100
AcDb2dVertex
 10
40.037301158635159
 20
31.910088684025176
  0
VERTEX
  5
BBA
100
AcDbEntity
  8
0
 62
     7
100
AcDbVertex
100
AcDb2dVertex
 10
40.35795953150577
 20
32.0396431216096
  0
VERTEX
  5
BBB
100
AcDbEntity
  8
0
 62
     7
100
AcDbVertex
100
AcDb2dVertex
 10
40.66879936181401
 20
32.191249499002794
  0
VERTEX
  5
BBC
100
AcDbEntity
  8
0
 62
     7
100
AcDbVertex
100
AcDb2dVertex
 10
40.920510337573276
 20
32.334679250732776
  0
SEQEND
  5
BBD
100
AcDbEntity
  8
0
  0
POLYLINE
  5
BBE
100
AcDbEntity
  8
0
 62
     7
100
AcDb2dPolyline
 66
     1
 10
0.0
 20
0.0
 30
0.0
  0
VERTEX
  5
BBF
100
AcDbEntity
  8
0
 62
     7
100
AcDbVertex
100
AcDb2dVertex
 10
37.599431877026973
 20
31.925907392701632
  0
VERTEX
  5
BC0
100
AcDbEntity
  8
0
 62
     7
100
AcDbVertex
100
AcDb2dVertex
 10
37.599431877026973
 20
33.573383679081196
  0
SEQEND
  5
BC1
100
AcDbEntity
  8
0
  0
POLYLINE
  5
BC2
100
AcDbEntity
  8
0
 62
     7
100
AcDb2dPolyline
 66
     1
 10
0.0
 20
0.0
 30
0.0
  0
VERTEX
  5
BC3
100
AcDbEntity
  8
0
 62
     7
100
AcDbVertex
100
AcDb2dVertex
 10
41.067803006247132
 20
32.136487068404278
  0
VERTEX
  5
BC4
100
AcDbEntity
  8
0
 62
     7
100
AcDbVertex
100
AcDb2dVertex
 10
41.067803006247132
 20
32.421388982590223
  0
SEQEND
  5
BC5
100
AcDbEntity
  8
0
  0
POLYLINE
  5
BC6
100
AcDbEntity
  8
0
 62
     7
100
AcDb2dPolyline
 66
     1
 10
0.0
 20
0.0
 30
0.0
  0
VERTEX
  5
BC7
100
AcDbEntity
  8
0
 62
     7
100
AcDbVertex
100
AcDb2dVertex
 10
41.067803006247132
 20
32.136487068404278
  0
VERTEX
  5
BC8
100
AcDbEntity
  8
0
 62
     7
100
AcDbVertex
100
AcDb2dVertex
 10
41.117351165235988
 20
32.086938909415416
  0
SEQEND
  5
BC9
100
AcDbEntity
  8
0
  0
POLYLINE
  5
BCA
100
AcDbEntity
  8
0
 62
     7
100
AcDb2dPolyline
 66
     1
 10
0.0
 20
0.0
 30
0.0
  0
VERTEX
  5
BCB
100
AcDbEntity
  8
0
 62
     7
100
AcDbVertex
100
AcDb2dVertex
 10
41.067803006247132
 20
32.334679704359715
  0
VERTEX
  5
BCC
100
AcDbEntity
  8
0
 62
     7
100
AcDbVertex
100
AcDb2dVertex
 10
40.920511194020946
 20
32.334679704359715
  0
SEQEND
  5
BCD
100
AcDbEntity
  8
0
  0
POLYLINE
  5
BCE
100
AcDbEntity
  8
0
 62
     7
100
AcDb2dPolyline
 66
     1
 10
0.0
 20
0.0
 30
0.0
  0
VERTEX
  5
BCF
100
AcDbEntity
  8
0
 62
     7
100
AcDbVertex
100
AcDb2dVertex
 10
40.138775025206016
 20
33.821124474025495
  0
VERTEX
  5
BD0
100
AcDbEntity
  8
0
 62
     7
100
AcDbVertex
100
AcDb2dVertex
 10
40.138775025206016
 20
34.068865268969788
  0
SEQEND
  5
BD1
100
AcDbEntity
  8
0
  0
POLYLINE
  5
BD2
100
AcDbEntity
  8
0
 62
     7
100
AcDb2dPolyline
 66
     1
 10
0.0
 20
0.0
 30
0.0
  0
VERTEX
  5
BD3
100
AcDbEntity
  8
0
 62
     7
100
AcDbVertex
100
AcDb2dVertex
 10
42.058766186024314
 20
25.39793744591941
  0
VERTEX
  5
BD4
100
AcDbEntity
  8
0
 62
     7
100
AcDbVertex
100
AcDb2dVertex
 10
41.811025391080022
 20
25.150196650975111
  0
SEQEND
  5
BD5
100
AcDbEntity
  8
0
  0
POLYLINE
  5
BD6
100
AcDbEntity
  8
0
 62
     7
100
AcDb2dPolyline
 66
     1
 10
0.0
 20
0.0
 30
0.0
  0
VERTEX
  5
BD7
100
AcDbEntity
  8
0
 62
     7
100
AcDbVertex
100
AcDb2dVertex
 10
42.058766186024314
 20
25.39793744591941
  0
VERTEX
  5
BD8
100
AcDbEntity
  8
0
 62
     7
100
AcDbVertex
100
AcDb2dVertex
 10
42.058766186024314
 20
33.821124474025495
  0
SEQEND
  5
BD9
100
AcDbEntity
  8
0
  0
POLYLINE
  5
BDA
100
AcDbEntity
  8
0
 62
     7
100
AcDb2dPolyline
 66
     1
 10
0.0
 20
0.0
 30
0.0
  0
VERTEX
  5
BDB
100
AcDbEntity
  8
0
 62
     7
100
AcDbVertex
100
AcDb2dVertex
 10
42.009218027035459
 20
27.132123010529487
  0
VERTEX
  5
BDC
100
AcDbEntity
  8
0
 62
     7
100
AcDbVertex
100
AcDb2dVertex
 10
42.058766186024314
 20
27.082574851540627
  0
SEQEND
  5
BDD
100
AcDbEntity
  8
0
  0
POLYLINE
  5
BDE
100
AcDbEntity
  8
0
 62
     7
100
AcDb2dPolyline
 66
     1
 10
0.0
 20
0.0
 30
0.0
  0
VERTEX
  5
BDF
100
AcDbEntity
  8
0
 62
     7
100
AcDbVertex
100
AcDb2dVertex
 10
42.306506980968621
 20
26.884382215585191
  0
VERTEX
  5
BE0
100
AcDbEntity
  8
0
 62
     7
100
AcDbVertex
100
AcDb2dVertex
 10
42.058766186024314
 20
26.884382215585191
  0
SEQEND
  5
BE1
100
AcDbEntity
  8
0
  0
POLYLINE
  5
BE2
100
AcDbEntity
  8
0
 62
     7
100
AcDb2dPolyline
 66
     1
 10
0.0
 20
0.0
 30
0.0
  0
VERTEX
  5
BE3
100
AcDbEntity
  8
0
 62
     7
100
AcDbVertex
100
AcDb2dVertex
 10
42.009218027035459
 20
32.086938909415416
  0
VERTEX
  5
BE4
100
AcDbEntity
  8
0
 62
     7
100
AcDbVertex
100
AcDb2dVertex
 10
42.058766186024314
 20
32.136487068404278
  0
SEQEND
  5
BE5
100
AcDbEntity
  8
0
  0
POLYLINE
  5
BE6
100
AcDbEntity
  8
0
 62
     7
100
AcDb2dPolyline
 66
     1
 10
0.0
 20
0.0
 30
0.0
  0
VERTEX
  5
BE7
100
AcDbEntity
  8
0
 62
     7
100
AcDbVertex
100
AcDb2dVertex
 10
42.306506980968621
 20
32.334679704359715
  0
VERTEX
  5
BE8
100
AcDbEntity
  8
0
 62
     7
100
AcDbVertex
100
AcDb2dVertex
 10
42.058766186024314
 20
32.334679704359715
  0
SEQEND
  5
BE9
100
AcDbEntity
  8
0
  0
POLYLINE
  5
BEA
100
AcDbEntity
  8
0
 62
     7
100
AcDb2dPolyline
 66
     1
 10
0.0
 20
0.0
 30
0.0
  0
VERTEX
  5
BEB
100
AcDbEntity
  8
0
 62
     7
100
AcDbVertex
100
AcDb2dVertex
 10
41.811025391080022
 20
34.068865268969788
  0
VERTEX
  5
BEC
100
AcDbEntity
  8
0
 62
     7
100
AcDbVertex
100
AcDb2dVertex
 10
42.058766186024314
 20
33.821124474025495
  0
SEQEND
  5
BED
100
AcDbEntity
  8
0
  0
POLYLINE
  5
BEE
100
AcDbEntity
  8
0
 62
     1
100
AcDb2dPolyline
 66
     1
 10
0.0
 20
0.0
 30
0.0
  0
VERTEX
  5
BEF
100
AcDbEntity
  8
0
 62
     1
100
AcDbVertex
100
AcDb2dVertex
 10
31.423370792720871
 20
33.833511513772713
  0
VERTEX
  5
BF0
100
AcDbEntity
  8
0
 62
     1
100
AcDbVertex
100
AcDb2dVertex
 10
31.658724547917945
 20
34.068865268969795
  0
SEQEND
  5
BF1
100
AcDbEntity
  8
0
  0
POLYLINE
  5
BF2
100
AcDbEntity
  8
0
 62
     1
100
AcDb2dPolyline
 66
     1
 10
0.0
 20
0.0
 30
0.0
  0
VERTEX
  5
BF3
100
AcDbEntity
  8
0
 62
     1
100
AcDbVertex
100
AcDb2dVertex
 10
31.073012292139513
 20
33.833511513772713
  0
VERTEX
  5
BF4
100
AcDbEntity
  8
0
 62
     1
100
AcDbVertex
100
AcDb2dVertex
 10
31.308366047336587
 20
34.068865268969795
  0
SEQEND
  5
BF5
100
AcDbEntity
  8
0
  0
POLYLINE
  5
BF6
100
AcDbEntity
  8
0
 62
     1
100
AcDb2dPolyline
 66
     1
 10
0.0
 20
0.0
 30
0.0
  0
VERTEX
  5
BF7
100
AcDbEntity
  8
0
 62
     1
100
AcDbVertex
100
AcDb2dVertex
 10
30.722654039298963
 20
33.833511513772713
  0
VERTEX
  5
BF8
100
AcDbEntity
  8
0
 62
     1
100
AcDbVertex
100
AcDb2dVertex
 10
30.958007794496044
 20
34.068865268969795
  0
SEQEND
  5
BF9
100
AcDbEntity
  8
0
  0
POLYLINE
  5
BFA
100
AcDbEntity
  8
0
 62
     1
100
AcDb2dPolyline
 66
     1
 10
0.0
 20
0.0
 30
0.0
  0
VERTEX
  5
BFB
100
AcDbEntity
  8
0
 62
     1
100
AcDbVertex
100
AcDb2dVertex
 10
30.372295538717605
 20
33.833511513772713
  0
VERTEX
  5
BFC
100
AcDbEntity
  8
0
 62
     1
100
AcDbVertex
100
AcDb2dVertex
 10
30.607649293914687
 20
34.068865268969795
  0
SEQEND
  5
BFD
100
AcDbEntity
  8
0
  0
POLYLINE
  5
BFE
100
AcDbEntity
  8
0
 62
     1
100
AcDb2dPolyline
 66
     1
 10
0.0
 20
0.0
 30
0.0
  0
VERTEX
  5
BFF
100
AcDbEntity
  8
0
 62
     1
100
AcDbVertex
100
AcDb2dVertex
 10
30.021937285877041
 20
33.833511513772713
  0
VERTEX
  5
C00
100
AcDbEntity
  8
0
 62
     1
100
AcDbVertex
100
AcDb2dVertex
 10
30.257291041074122
 20
34.068865268969795
  0
SEQEND
  5
C01
100
AcDbEntity
  8
0
  0
POLYLINE
  5
C02
100
AcDbEntity
  8
0
 62
     1
100
AcDb2dPolyline
 66
     1
 10
0.0
 20
0.0
 30
0.0
  0
VERTEX
  5
C03
100
AcDbEntity
  8
0
 62
     1
100
AcDbVertex
100
AcDb2dVertex
 10
29.671578785295683
 20
33.833511513772713
  0
VERTEX
  5
C04
100
AcDbEntity
  8
0
 62
     1
100
AcDbVertex
100
AcDb2dVertex
 10
29.906932540492779
 20
34.068865268969795
  0
SEQEND
  5
C05
100
AcDbEntity
  8
0
  0
POLYLINE
  5
C06
100
AcDbEntity
  8
0
 62
     1
100
AcDb2dPolyline
 66
     1
 10
0.0
 20
0.0
 30
0.0
  0
VERTEX
  5
C07
100
AcDbEntity
  8
0
 62
     1
100
AcDbVertex
100
AcDb2dVertex
 10
29.321220284714339
 20
33.833511513772713
  0
VERTEX
  5
C08
100
AcDbEntity
  8
0
 62
     1
100
AcDbVertex
100
AcDb2dVertex
 10
29.556574039911421
 20
34.068865268969795
  0
SEQEND
  5
C09
100
AcDbEntity
  8
0
  0
POLYLINE
  5
C0A
100
AcDbEntity
  8
0
 62
     1
100
AcDb2dPolyline
 66
     1
 10
0.0
 20
0.0
 30
0.0
  0
VERTEX
  5
C0B
100
AcDbEntity
  8
0
 62
     1
100
AcDbVertex
100
AcDb2dVertex
 10
28.970862031873775
 20
33.833511513772713
  0
VERTEX
  5
C0C
100
AcDbEntity
  8
0
 62
     1
100
AcDbVertex
100
AcDb2dVertex
 10
29.206215787070857
 20
34.068865268969795
  0
SEQEND
  5
C0D
100
AcDbEntity
  8
0
  0
POLYLINE
  5
C0E
100
AcDbEntity
  8
0
 62
     1
100
AcDb2dPolyline
 66
     1
 10
0.0
 20
0.0
 30
0.0
  0
VERTEX
  5
C0F
100
AcDbEntity
  8
0
 62
     1
100
AcDbVertex
100
AcDb2dVertex
 10
28.620503531292417
 20
33.833511513772713
  0
VERTEX
  5
C10
100
AcDbEntity
  8
0
 62
     1
100
AcDbVertex
100
AcDb2dVertex
 10
28.855857286489499
 20
34.068865268969795
  0
SEQEND
  5
C11
100
AcDbEntity
  8
0
  0
POLYLINE
  5
C12
100
AcDbEntity
  8
0
 62
     1
100
AcDb2dPolyline
 66
     1
 10
0.0
 20
0.0
 30
0.0
  0
VERTEX
  5
C13
100
AcDbEntity
  8
0
 62
     1
100
AcDbVertex
100
AcDb2dVertex
 10
28.270145278451874
 20
33.833511513772713
  0
VERTEX
  5
C14
100
AcDbEntity
  8
0
 62
     1
100
AcDbVertex
100
AcDb2dVertex
 10
28.505499033648949
 20
34.068865268969795
  0
SEQEND
  5
C15
100
AcDbEntity
  8
0
  0
POLYLINE
  5
C16
100
AcDbEntity
  8
0
 62
     1
100
AcDb2dPolyline
 66
     1
 10
0.0
 20
0.0
 30
0.0
  0
VERTEX
  5
C17
100
AcDbEntity
  8
0
 62
     1
100
AcDbVertex
100
AcDb2dVertex
 10
27.919786777870517
 20
33.833511513772713
  0
VERTEX
  5
C18
100
AcDbEntity
  8
0
 62
     1
100
AcDbVertex
100
AcDb2dVertex
 10
28.155140533067591
 20
34.068865268969795
  0
SEQEND
  5
C19
100
AcDbEntity
  8
0
  0
POLYLINE
  5
C1A
100
AcDbEntity
  8
0
 62
     1
100
AcDb2dPolyline
 66
     1
 10
0.0
 20
0.0
 30
0.0
  0
VERTEX
  5
C1B
100
AcDbEntity
  8
0
 62
     1
100
AcDbVertex
100
AcDb2dVertex
 10
27.569428525029952
 20
33.833511513772713
  0
VERTEX
  5
C1C
100
AcDbEntity
  8
0
 62
     1
100
AcDbVertex
100
AcDb2dVertex
 10
27.804782280227027
 20
34.068865268969795
  0
SEQEND
  5
C1D
100
AcDbEntity
  8
0
  0
POLYLINE
  5
C1E
100
AcDbEntity
  8
0
 62
     1
100
AcDb2dPolyline
 66
     1
 10
0.0
 20
0.0
 30
0.0
  0
VERTEX
  5
C1F
100
AcDbEntity
  8
0
 62
     1
100
AcDbVertex
100
AcDb2dVertex
 10
27.219070024448595
 20
33.833511513772713
  0
VERTEX
  5
C20
100
AcDbEntity
  8
0
 62
     1
100
AcDbVertex
100
AcDb2dVertex
 10
27.454423779645683
 20
34.068865268969795
  0
SEQEND
  5
C21
100
AcDbEntity
  8
0
  0
POLYLINE
  5
C22
100
AcDbEntity
  8
0
 62
     1
100
AcDb2dPolyline
 66
     1
 10
0.0
 20
0.0
 30
0.0
  0
VERTEX
  5
C23
100
AcDbEntity
  8
0
 62
     1
100
AcDbVertex
100
AcDb2dVertex
 10
26.868711771608044
 20
33.833511513772713
  0
VERTEX
  5
C24
100
AcDbEntity
  8
0
 62
     1
100
AcDbVertex
100
AcDb2dVertex
 10
27.104065526805126
 20
34.068865268969795
  0
SEQEND
  5
C25
100
AcDbEntity
  8
0
  0
POLYLINE
  5
C26
100
AcDbEntity
  8
0
 62
     1
100
AcDb2dPolyline
 66
     1
 10
0.0
 20
0.0
 30
0.0
  0
VERTEX
  5
C27
100
AcDbEntity
  8
0
 62
     1
100
AcDbVertex
100
AcDb2dVertex
 10
26.518353271026687
 20
33.833511513772713
  0
VERTEX
  5
C28
100
AcDbEntity
  8
0
 62
     1
100
AcDbVertex
100
AcDb2dVertex
 10
26.753707026223768
 20
34.068865268969795
  0
SEQEND
  5
C29
100
AcDbEntity
  8
0
  0
POLYLINE
  5
C2A
100
AcDbEntity
  8
0
 62
     1
100
AcDb2dPolyline
 66
     1
 10
0.0
 20
0.0
 30
0.0
  0
VERTEX
  5
C2B
100
AcDbEntity
  8
0
 62
     1
100
AcDbVertex
100
AcDb2dVertex
 10
26.167994770445329
 20
33.833511513772713
  0
VERTEX
  5
C2C
100
AcDbEntity
  8
0
 62
     1
100
AcDbVertex
100
AcDb2dVertex
 10
26.403348525642411
 20
34.068865268969795
  0
SEQEND
  5
C2D
100
AcDbEntity
  8
0
  0
POLYLINE
  5
C2E
100
AcDbEntity
  8
0
 62
     1
100
AcDb2dPolyline
 66
     1
 10
0.0
 20
0.0
 30
0.0
  0
VERTEX
  5
C2F
100
AcDbEntity
  8
0
 62
     1
100
AcDbVertex
100
AcDb2dVertex
 10
25.817636517604779
 20
33.833511513772713
  0
VERTEX
  5
C30
100
AcDbEntity
  8
0
 62
     1
100
AcDbVertex
100
AcDb2dVertex
 10
26.052990272801861
 20
34.068865268969795
  0
SEQEND
  5
C31
100
AcDbEntity
  8
0
  0
POLYLINE
  5
C32
100
AcDbEntity
  8
0
 62
     1
100
AcDb2dPolyline
 66
     1
 10
0.0
 20
0.0
 30
0.0
  0
VERTEX
  5
C33
100
AcDbEntity
  8
0
 62
     1
100
AcDbVertex
100
AcDb2dVertex
 10
25.467278017023421
 20
33.833511513772713
  0
VERTEX
  5
C34
100
AcDbEntity
  8
0
 62
     1
100
AcDbVertex
100
AcDb2dVertex
 10
25.702631772220503
 20
34.068865268969795
  0
SEQEND
  5
C35
100
AcDbEntity
  8
0
  0
POLYLINE
  5
C36
100
AcDbEntity
  8
0
 62
     1
100
AcDb2dPolyline
 66
     1
 10
0.0
 20
0.0
 30
0.0
  0
VERTEX
  5
C37
100
AcDbEntity
  8
0
 62
     1
100
AcDbVertex
100
AcDb2dVertex
 10
25.116919764182857
 20
33.833511513772713
  0
VERTEX
  5
C38
100
AcDbEntity
  8
0
 62
     1
100
AcDbVertex
100
AcDb2dVertex
 10
25.352273519379938
 20
34.068865268969795
  0
SEQEND
  5
C39
100
AcDbEntity
  8
0
  0
POLYLINE
  5
C3A
100
AcDbEntity
  8
0
 62
     1
100
AcDb2dPolyline
 66
     1
 10
0.0
 20
0.0
 30
0.0
  0
VERTEX
  5
C3B
100
AcDbEntity
  8
0
 62
     1
100
AcDbVertex
100
AcDb2dVertex
 10
24.766561263601499
 20
33.833511513772713
  0
VERTEX
  5
C3C
100
AcDbEntity
  8
0
 62
     1
100
AcDbVertex
100
AcDb2dVertex
 10
25.001915018798595
 20
34.068865268969795
  0
SEQEND
  5
C3D
100
AcDbEntity
  8
0
  0
POLYLINE
  5
C3E
100
AcDbEntity
  8
0
 62
     1
100
AcDb2dPolyline
 66
     1
 10
0.0
 20
0.0
 30
0.0
  0
VERTEX
  5
C3F
100
AcDbEntity
  8
0
 62
     1
100
AcDbVertex
100
AcDb2dVertex
 10
24.416203010760956
 20
33.833511513772713
  0
VERTEX
  5
C40
100
AcDbEntity
  8
0
 62
     1
100
AcDbVertex
100
AcDb2dVertex
 10
24.651556765958031
 20
34.068865268969795
  0
SEQEND
  5
C41
100
AcDbEntity
  8
0
  0
POLYLINE
  5
C42
100
AcDbEntity
  8
0
 62
     1
100
AcDb2dPolyline
 66
     1
 10
0.0
 20
0.0
 30
0.0
  0
VERTEX
  5
C43
100
AcDbEntity
  8
0
 62
     1
100
AcDbVertex
100
AcDb2dVertex
 10
24.065844510179598
 20
33.833511513772713
  0
VERTEX
  5
C44
100
AcDbEntity
  8
0
 62
     1
100
AcDbVertex
100
AcDb2dVertex
 10
24.301198265376673
 20
34.068865268969795
  0
SEQEND
  5
C45
100
AcDbEntity
  8
0
  0
POLYLINE
  5
C46
100
AcDbEntity
  8
0
 62
     1
100
AcDb2dPolyline
 66
     1
 10
0.0
 20
0.0
 30
0.0
  0
VERTEX
  5
C47
100
AcDbEntity
  8
0
 62
     1
100
AcDbVertex
100
AcDb2dVertex
 10
23.715486009598241
 20
33.833511513772713
  0
VERTEX
  5
C48
100
AcDbEntity
  8
0
 62
     1
100
AcDbVertex
100
AcDb2dVertex
 10
23.950839764795315
 20
34.068865268969795
  0
SEQEND
  5
C49
100
AcDbEntity
  8
0
  0
POLYLINE
  5
C4A
100
AcDbEntity
  8
0
 62
     1
100
AcDb2dPolyline
 66
     1
 10
0.0
 20
0.0
 30
0.0
  0
VERTEX
  5
C4B
100
AcDbEntity
  8
0
 62
     1
100
AcDbVertex
100
AcDb2dVertex
 10
23.416271366465988
 20
33.884655123481018
  0
VERTEX
  5
C4C
100
AcDbEntity
  8
0
 62
     1
100
AcDbVertex
100
AcDb2dVertex
 10
23.600481511954772
 20
34.068865268969795
  0
SEQEND
  5
C4D
100
AcDbEntity
  8
0
  0
POLYLINE
  5
C4E
100
AcDbEntity
  8
0
 62
     1
100
AcDb2dPolyline
 66
     1
 10
0.0
 20
0.0
 30
0.0
  0
VERTEX
  5
C4F
100
AcDbEntity
  8
0
 62
     1
100
AcDbVertex
100
AcDb2dVertex
 10
31.773729045561435
 20
33.833511513772713
  0
VERTEX
  5
C50
100
AcDbEntity
  8
0
 62
     1
100
AcDbVertex
100
AcDb2dVertex
 10
32.009082800758506
 20
34.068865268969795
  0
SEQEND
  5
C51
100
AcDbEntity
  8
0
  0
POLYLINE
  5
C52
100
AcDbEntity
  8
0
 62
     1
100
AcDb2dPolyline
 66
     1
 10
0.0
 20
0.0
 30
0.0
  0
VERTEX
  5
C53
100
AcDbEntity
  8
0
 62
     1
100
AcDbVertex
100
AcDb2dVertex
 10
32.124087546142775
 20
33.833511513772713
  0
VERTEX
  5
C54
100
AcDbEntity
  8
0
 62
     1
100
AcDbVertex
100
AcDb2dVertex
 10
32.359441301339871
 20
34.068865268969795
  0
SEQEND
  5
C55
100
AcDbEntity
  8
0
  0
POLYLINE
  5
C56
100
AcDbEntity
  8
0
 62
     1
100
AcDb2dPolyline
 66
     1
 10
0.0
 20
0.0
 30
0.0
  0
VERTEX
  5
C57
100
AcDbEntity
  8
0
 62
     1
100
AcDbVertex
100
AcDb2dVertex
 10
32.47444604672414
 20
33.833511513772713
  0
VERTEX
  5
C58
100
AcDbEntity
  8
0
 62
     1
100
AcDbVertex
100
AcDb2dVertex
 10
32.709799801921207
 20
34.068865268969795
  0
SEQEND
  5
C59
100
AcDbEntity
  8
0
  0
POLYLINE
  5
C5A
100
AcDbEntity
  8
0
 62
     1
100
AcDb2dPolyline
 66
     1
 10
0.0
 20
0.0
 30
0.0
  0
VERTEX
  5
C5B
100
AcDbEntity
  8
0
 62
     1
100
AcDbVertex
100
AcDb2dVertex
 10
32.82480429956469
 20
33.833511513772713
  0
VERTEX
  5
C5C
100
AcDbEntity
  8
0
 62
     1
100
AcDbVertex
100
AcDb2dVertex
 10
33.060158054761771
 20
34.068865268969795
  0
SEQEND
  5
C5D
100
AcDbEntity
  8
0
  0
POLYLINE
  5
C5E
100
AcDbEntity
  8
0
 62
     1
100
AcDb2dPolyline
 66
     1
 10
0.0
 20
0.0
 30
0.0
  0
VERTEX
  5
C5F
100
AcDbEntity
  8
0
 62
     1
100
AcDbVertex
100
AcDb2dVertex
 10
33.17516280014604
 20
33.833511513772713
  0
VERTEX
  5
C60
100
AcDbEntity
  8
0
 62
     1
100
AcDbVertex
100
AcDb2dVertex
 10
33.410516555343136
 20
34.068865268969795
  0
SEQEND
  5
C61
100
AcDbEntity
  8
0
  0
POLYLINE
  5
C62
100
AcDbEntity
  8
0
 62
     1
100
AcDb2dPolyline
 66
     1
 10
0.0
 20
0.0
 30
0.0
  0
VERTEX
  5
C63
100
AcDbEntity
  8
0
 62
     1
100
AcDbVertex
100
AcDb2dVertex
 10
33.525521052986605
 20
33.833511513772713
  0
VERTEX
  5
C64
100
AcDbEntity
  8
0
 62
     1
100
AcDbVertex
100
AcDb2dVertex
 10
33.760874808183686
 20
34.068865268969795
  0
SEQEND
  5
C65
100
AcDbEntity
  8
0
  0
POLYLINE
  5
C66
100
AcDbEntity
  8
0
 62
     1
100
AcDb2dPolyline
 66
     1
 10
0.0
 20
0.0
 30
0.0
  0
VERTEX
  5
C67
100
AcDbEntity
  8
0
 62
     1
100
AcDbVertex
100
AcDb2dVertex
 10
33.875879553567955
 20
33.833511513772713
  0
VERTEX
  5
C68
100
AcDbEntity
  8
0
 62
     1
100
AcDbVertex
100
AcDb2dVertex
 10
34.111233308765037
 20
34.068865268969795
  0
SEQEND
  5
C69
100
AcDbEntity
  8
0
  0
POLYLINE
  5
C6A
100
AcDbEntity
  8
0
 62
     1
100
AcDb2dPolyline
 66
     1
 10
0.0
 20
0.0
 30
0.0
  0
VERTEX
  5
C6B
100
AcDbEntity
  8
0
 62
     1
100
AcDbVertex
100
AcDb2dVertex
 10
34.22623780640852
 20
33.833511513772713
  0
VERTEX
  5
C6C
100
AcDbEntity
  8
0
 62
     1
100
AcDbVertex
100
AcDb2dVertex
 10
34.461591561605601
 20
34.068865268969795
  0
SEQEND
  5
C6D
100
AcDbEntity
  8
0
  0
POLYLINE
  5
C6E
100
AcDbEntity
  8
0
 62
     1
100
AcDb2dPolyline
 66
     1
 10
0.0
 20
0.0
 30
0.0
  0
VERTEX
  5
C6F
100
AcDbEntity
  8
0
 62
     1
100
AcDbVertex
100
AcDb2dVertex
 10
34.57659630698987
 20
33.833511513772713
  0
VERTEX
  5
C70
100
AcDbEntity
  8
0
 62
     1
100
AcDbVertex
100
AcDb2dVertex
 10
34.811950062186966
 20
34.068865268969795
  0
SEQEND
  5
C71
100
AcDbEntity
  8
0
  0
POLYLINE
  5
C72
100
AcDbEntity
  8
0
 62
     1
100
AcDb2dPolyline
 66
     1
 10
0.0
 20
0.0
 30
0.0
  0
VERTEX
  5
C73
100
AcDbEntity
  8
0
 62
     1
100
AcDbVertex
100
AcDb2dVertex
 10
34.926954559830435
 20
33.833511513772713
  0
VERTEX
  5
C74
100
AcDbEntity
  8
0
 62
     1
100
AcDbVertex
100
AcDb2dVertex
 10
35.162308315027502
 20
34.068865268969795
  0
SEQEND
  5
C75
100
AcDbEntity
  8
0
  0
POLYLINE
  5
C76
100
AcDbEntity
  8
0
 62
     1
100
AcDb2dPolyline
 66
     1
 10
0.0
 20
0.0
 30
0.0
  0
VERTEX
  5
C77
100
AcDbEntity
  8
0
 62
     1
100
AcDbVertex
100
AcDb2dVertex
 10
35.277313060411785
 20
33.833511513772713
  0
VERTEX
  5
C78
100
AcDbEntity
  8
0
 62
     1
100
AcDbVertex
100
AcDb2dVertex
 10
35.512666815608867
 20
34.068865268969795
  0
SEQEND
  5
C79
100
AcDbEntity
  8
0
  0
POLYLINE
  5
C7A
100
AcDbEntity
  8
0
 62
     1
100
AcDb2dPolyline
 66
     1
 10
0.0
 20
0.0
 30
0.0
  0
VERTEX
  5
C7B
100
AcDbEntity
  8
0
 62
     1
100
AcDbVertex
100
AcDb2dVertex
 10
35.627671560993136
 20
33.833511513772713
  0
VERTEX
  5
C7C
100
AcDbEntity
  8
0
 62
     1
100
AcDbVertex
100
AcDb2dVertex
 10
35.863025316190217
 20
34.068865268969795
  0
SEQEND
  5
C7D
100
AcDbEntity
  8
0
  0
POLYLINE
  5
C7E
100
AcDbEntity
  8
0
 62
     1
100
AcDb2dPolyline
 66
     1
 10
0.0
 20
0.0
 30
0.0
  0
VERTEX
  5
C7F
100
AcDbEntity
  8
0
 62
     1
100
AcDbVertex
100
AcDb2dVertex
 10
35.9780298138337
 20
33.833511513772713
  0
VERTEX
  5
C80
100
AcDbEntity
  8
0
 62
     1
100
AcDbVertex
100
AcDb2dVertex
 10
36.213383569030768
 20
34.068865268969795
  0
SEQEND
  5
C81
100
AcDbEntity
  8
0
  0
POLYLINE
  5
C82
100
AcDbEntity
  8
0
 62
     1
100
AcDb2dPolyline
 66
     1
 10
0.0
 20
0.0
 30
0.0
  0
VERTEX
  5
C83
100
AcDbEntity
  8
0
 62
     1
100
AcDbVertex
100
AcDb2dVertex
 10
36.328388314415051
 20
33.833511513772713
  0
VERTEX
  5
C84
100
AcDbEntity
  8
0
 62
     1
100
AcDbVertex
100
AcDb2dVertex
 10
36.563742069612132
 20
34.068865268969795
  0
SEQEND
  5
C85
100
AcDbEntity
  8
0
  0
POLYLINE
  5
C86
100
AcDbEntity
  8
0
 62
     1
100
AcDb2dPolyline
 66
     1
 10
0.0
 20
0.0
 30
0.0
  0
VERTEX
  5
C87
100
AcDbEntity
  8
0
 62
     1
100
AcDbVertex
100
AcDb2dVertex
 10
36.678746567255601
 20
33.833511513772713
  0
VERTEX
  5
C88
100
AcDbEntity
  8
0
 62
     1
100
AcDbVertex
100
AcDb2dVertex
 10
36.914100322452697
 20
34.068865268969795
  0
SEQEND
  5
C89
100
AcDbEntity
  8
0
  0
POLYLINE
  5
C8A
100
AcDbEntity
  8
0
 62
     1
100
AcDb2dPolyline
 66
     1
 10
0.0
 20
0.0
 30
0.0
  0
VERTEX
  5
C8B
100
AcDbEntity
  8
0
 62
     1
100
AcDbVertex
100
AcDb2dVertex
 10
37.029105067836966
 20
33.833511513772713
  0
VERTEX
  5
C8C
100
AcDbEntity
  8
0
 62
     1
100
AcDbVertex
100
AcDb2dVertex
 10
37.264458823034033
 20
34.068865268969795
  0
SEQEND
  5
C8D
100
AcDbEntity
  8
0
  0
POLYLINE
  5
C8E
100
AcDbEntity
  8
0
 62
     1
100
AcDb2dPolyline
 66
     1
 10
0.0
 20
0.0
 30
0.0
  0
VERTEX
  5
C8F
100
AcDbEntity
  8
0
 62
     1
100
AcDbVertex
100
AcDb2dVertex
 10
37.37946332067753
 20
33.833511513772713
  0
VERTEX
  5
C90
100
AcDbEntity
  8
0
 62
     1
100
AcDbVertex
100
AcDb2dVertex
 10
37.614817075874598
 20
34.068865268969795
  0
SEQEND
  5
C91
100
AcDbEntity
  8
0
  0
POLYLINE
  5
C92
100
AcDbEntity
  8
0
 62
     1
100
AcDb2dPolyline
 66
     1
 10
0.0
 20
0.0
 30
0.0
  0
VERTEX
  5
C93
100
AcDbEntity
  8
0
 62
     1
100
AcDbVertex
100
AcDb2dVertex
 10
37.729821821258867
 20
33.833511513772713
  0
VERTEX
  5
C94
100
AcDbEntity
  8
0
 62
     1
100
AcDbVertex
100
AcDb2dVertex
 10
37.965175576455962
 20
34.068865268969795
  0
SEQEND
  5
C95
100
AcDbEntity
  8
0
  0
POLYLINE
  5
C96
100
AcDbEntity
  8
0
 62
     1
100
AcDb2dPolyline
 66
     1
 10
0.0
 20
0.0
 30
0.0
  0
VERTEX
  5
C97
100
AcDbEntity
  8
0
 62
     1
100
AcDbVertex
100
AcDb2dVertex
 10
38.080180321840231
 20
33.833511513772713
  0
VERTEX
  5
C98
100
AcDbEntity
  8
0
 62
     1
100
AcDbVertex
100
AcDb2dVertex
 10
38.315534077037299
 20
34.068865268969795
  0
SEQEND
  5
C99
100
AcDbEntity
  8
0
  0
POLYLINE
  5
C9A
100
AcDbEntity
  8
0
 62
     1
100
AcDb2dPolyline
 66
     1
 10
0.0
 20
0.0
 30
0.0
  0
VERTEX
  5
C9B
100
AcDbEntity
  8
0
 62
     1
100
AcDbVertex
100
AcDb2dVertex
 10
38.430538574680781
 20
33.833511513772713
  0
VERTEX
  5
C9C
100
AcDbEntity
  8
0
 62
     1
100
AcDbVertex
100
AcDb2dVertex
 10
38.665892329877863
 20
34.068865268969795
  0
SEQEND
  5
C9D
100
AcDbEntity
  8
0
  0
POLYLINE
  5
C9E
100
AcDbEntity
  8
0
 62
     1
100
AcDb2dPolyline
 66
     1
 10
0.0
 20
0.0
 30
0.0
  0
VERTEX
  5
C9F
100
AcDbEntity
  8
0
 62
     1
100
AcDbVertex
100
AcDb2dVertex
 10
38.780897075262146
 20
33.833511513772713
  0
VERTEX
  5
CA0
100
AcDbEntity
  8
0
 62
     1
100
AcDbVertex
100
AcDb2dVertex
 10
39.016250830459228
 20
34.068865268969795
  0
SEQEND
  5
CA1
100
AcDbEntity
  8
0
  0
POLYLINE
  5
CA2
100
AcDbEntity
  8
0
 62
     1
100
AcDb2dPolyline
 66
     1
 10
0.0
 20
0.0
 30
0.0
  0
VERTEX
  5
CA3
100
AcDbEntity
  8
0
 62
     1
100
AcDbVertex
100
AcDb2dVertex
 10
39.131255328102696
 20
33.833511513772713
  0
VERTEX
  5
CA4
100
AcDbEntity
  8
0
 62
     1
100
AcDbVertex
100
AcDb2dVertex
 10
39.366609083299778
 20
34.068865268969795
  0
SEQEND
  5
CA5
100
AcDbEntity
  8
0
  0
POLYLINE
  5
CA6
100
AcDbEntity
  8
0
 62
     1
100
AcDb2dPolyline
 66
     1
 10
0.0
 20
0.0
 30
0.0
  0
VERTEX
  5
CA7
100
AcDbEntity
  8
0
 62
     1
100
AcDbVertex
100
AcDb2dVertex
 10
39.481613828684047
 20
33.833511513772713
  0
VERTEX
  5
CA8
100
AcDbEntity
  8
0
 62
     1
100
AcDbVertex
100
AcDb2dVertex
 10
39.716967583881129
 20
34.068865268969795
  0
SEQEND
  5
CA9
100
AcDbEntity
  8
0
  0
POLYLINE
  5
CAA
100
AcDbEntity
  8
0
 62
     1
100
AcDb2dPolyline
 66
     1
 10
0.0
 20
0.0
 30
0.0
  0
VERTEX
  5
CAB
100
AcDbEntity
  8
0
 62
     1
100
AcDbVertex
100
AcDb2dVertex
 10
39.831972081524611
 20
33.833511513772713
  0
VERTEX
  5
CAC
100
AcDbEntity
  8
0
 62
     1
100
AcDbVertex
100
AcDb2dVertex
 10
40.067325836721693
 20
34.068865268969795
  0
SEQEND
  5
CAD
100
AcDbEntity
  8
0
  0
POLYLINE
  5
CAE
100
AcDbEntity
  8
0
 62
     7
100
AcDb2dPolyline
 66
     1
 10
0.0
 20
0.0
 30
0.0
  0
VERTEX
  5
CAF
100
AcDbEntity
  8
0
 62
     7
100
AcDbVertex
100
AcDb2dVertex
 10
7.2590004706903208
 20
30.482766475288134
  0
VERTEX
  5
CB0
100
AcDbEntity
  8
0
 62
     7
100
AcDbVertex
100
AcDb2dVertex
 10
7.1735118113565086
 20
30.253657026827625
  0
SEQEND
  5
CB1
100
AcDbEntity
  8
0
  0
POLYLINE
  5
CB2
100
AcDbEntity
  8
0
 62
     7
100
AcDb2dPolyline
 66
     1
 10
0.0
 20
0.0
 30
0.0
  0
VERTEX
  5
CB3
100
AcDbEntity
  8
0
 62
     7
100
AcDbVertex
100
AcDb2dVertex
 10
6.8185852182571729
 20
28.965404893117285
  0
VERTEX
  5
CB4
100
AcDbEntity
  8
0
 62
     7
100
AcDbVertex
100
AcDb2dVertex
 10
7.7928637987172529
 20
28.965404893117285
  0
SEQEND
  5
CB5
100
AcDbEntity
  8
0
  0
POLYLINE
  5
CB6
100
AcDbEntity
  8
0
 62
     7
100
AcDb2dPolyline
 66
     1
 10
0.0
 20
0.0
 30
0.0
  0
VERTEX
  5
CB7
100
AcDbEntity
  8
0
 62
     7
100
AcDbVertex
100
AcDb2dVertex
 10
6.3378940015675589
 20
30.253657026827625
  0
VERTEX
  5
CB8
100
AcDbEntity
  8
0
 62
     7
100
AcDbVertex
100
AcDb2dVertex
 10
7.3121725820276247
 20
30.253657026827625
  0
SEQEND
  5
CB9
100
AcDbEntity
  8
0
  0
POLYLINE
  5
CBA
100
AcDbEntity
  8
0
  6
1
 62
     4
100
AcDb2dPolyline
 66
     1
 10
0.0
 20
0.0
 30
0.0
  0
VERTEX
  5
CBB
100
AcDbEntity
  8
0
  6
1
 62
     4
100
AcDbVertex
100
AcDb2dVertex
 10
5.6953723041004416
 20
30.439462623035848
  0
VERTEX
  5
CBC
100
AcDbEntity
  8
0
  6
1
 62
     4
100
AcDbVertex
100
AcDb2dVertex
 10
18.523390666316129
 20
30.439462623035848
  0
SEQEND
  5
CBD
100
AcDbEntity
  8
0
  6
1
  0
POLYLINE
  5
CBE
100
AcDbEntity
  8
0
  6
1
 62
     4
100
AcDb2dPolyline
 66
     1
 10
0.0
 20
0.0
 30
0.0
  0
VERTEX
  5
CBF
100
AcDbEntity
  8
0
  6
1
 62
     4
100
AcDbVertex
100
AcDb2dVertex
 10
17.834603127652368
 20
29.609530959972453
  0
VERTEX
  5
CC0
100
AcDbEntity
  8
0
  6
1
 62
     4
100
AcDbVertex
100
AcDb2dVertex
 10
0.12901271222881761
 20
29.609530959972453
  0
SEQEND
  5
CC1
100
AcDbEntity
  8
0
  6
1
  0
POLYLINE
  5
CC2
100
AcDbEntity
  8
0
  6
1
 62
     4
100
AcDb2dPolyline
 66
     1
 10
0.0
 20
0.0
 30
0.0
  0
VERTEX
  5
CC3
100
AcDbEntity
  8
0
  6
1
 62
     4
100
AcDbVertex
100
AcDb2dVertex
 10
5.6953723041004416
 20
28.779599296909062
  0
VERTEX
  5
CC4
100
AcDbEntity
  8
0
  6
1
 62
     4
100
AcDbVertex
100
AcDb2dVertex
 10
18.523390666316129
 20
28.779599296909062
  0
SEQEND
  5
CC5
100
AcDbEntity
  8
0
  6
1
  0
POLYLINE
  5
CC6
100
AcDbEntity
  8
0
 62
     7
100
AcDb2dPolyline
 66
     1
 10
0.0
 20
0.0
 30
0.0
  0
VERTEX
  5
CC7
100
AcDbEntity
  8
0
 62
     7
100
AcDbVertex
100
AcDb2dVertex
 10
23.72594736014636
 20
26.079224632016224
  0
VERTEX
  5
CC8
100
AcDbEntity
  8
0
 62
     7
100
AcDbVertex
100
AcDb2dVertex
 10
5.4179026137628306
 20
26.079224632016224
  0
SEQEND
  5
CC9
100
AcDbEntity
  8
0
  0
POLYLINE
  5
CCA
100
AcDbEntity
  8
0
 62
     7
100
AcDb2dPolyline
 66
     1
 10
0.0
 20
0.0
 30
0.0
  0
VERTEX
  5
CCB
100
AcDbEntity
  8
0
 62
     7
100
AcDbVertex
100
AcDb2dVertex
 10
23.72594736014636
 20
33.139837287928678
  0
VERTEX
  5
CCC
100
AcDbEntity
  8
0
 62
     7
100
AcDbVertex
100
AcDb2dVertex
 10
5.4179026137628306
 20
33.139837287928678
  0
SEQEND
  5
CCD
100
AcDbEntity
  8
0
  0
POLYLINE
  5
CCE
100
AcDbEntity
  8
0
 62
     7
100
AcDb2dPolyline
 66
     1
 10
0.0
 20
0.0
 30
0.0
  0
VERTEX
  5
CCF
100
AcDbEntity
  8
0
 62
     7
100
AcDbVertex
100
AcDb2dVertex
 10
18.523390666316129
 20
32.03739075042656
  0
VERTEX
  5
CD0
100
AcDbEntity
  8
0
 62
     7
100
AcDbVertex
100
AcDb2dVertex
 10
6.136350919101293
 20
32.03739075042656
  0
SEQEND
  5
CD1
100
AcDbEntity
  8
0
  0
POLYLINE
  5
CD2
100
AcDbEntity
  8
0
 62
     7
100
AcDb2dPolyline
 66
     1
 10
0.0
 20
0.0
 30
0.0
  0
VERTEX
  5
CD3
100
AcDbEntity
  8
0
 62
     7
100
AcDbVertex
100
AcDb2dVertex
 10
18.523390666316129
 20
27.181671169518346
  0
VERTEX
  5
CD4
100
AcDbEntity
  8
0
 62
     7
100
AcDbVertex
100
AcDb2dVertex
 10
6.136350919101293
 20
27.181671169518346
  0
SEQEND
  5
CD5
100
AcDbEntity
  8
0
  0
POLYLINE
  5
CD6
100
AcDbEntity
  8
0
 62
     1
100
AcDb2dPolyline
 66
     1
 10
0.0
 20
0.0
 30
0.0
  0
VERTEX
  5
CD7
100
AcDbEntity
  8
0
 62
     1
100
AcDbVertex
100
AcDb2dVertex
 10
14.613147816529345
 20
32.03739075042656
  0
VERTEX
  5
CD8
100
AcDbEntity
  8
0
 62
     1
100
AcDbVertex
100
AcDb2dVertex
 10
15.71559435403147
 20
33.139837287928685
  0
SEQEND
  5
CD9
100
AcDbEntity
  8
0
  0
POLYLINE
  5
CDA
100
AcDbEntity
  8
0
 62
     1
100
AcDb2dPolyline
 66
     1
 10
0.0
 20
0.0
 30
0.0
  0
VERTEX
  5
CDB
100
AcDbEntity
  8
0
 62
     1
100
AcDbVertex
100
AcDb2dVertex
 10
13.737251812816762
 20
32.03739075042656
  0
VERTEX
  5
CDC
100
AcDbEntity
  8
0
 62
     1
100
AcDbVertex
100
AcDb2dVertex
 10
14.83969835031888
 20
33.139837287928685
  0
SEQEND
  5
CDD
100
AcDbEntity
  8
0
  0
POLYLINE
  5
CDE
100
AcDbEntity
  8
0
 62
     1
100
AcDb2dPolyline
 66
     1
 10
0.0
 20
0.0
 30
0.0
  0
VERTEX
  5
CDF
100
AcDbEntity
  8
0
 62
     1
100
AcDbVertex
100
AcDb2dVertex
 10
12.861356056844972
 20
32.03739075042656
  0
VERTEX
  5
CE0
100
AcDbEntity
  8
0
 62
     1
100
AcDbVertex
100
AcDb2dVertex
 10
13.963802594347083
 20
33.139837287928685
  0
SEQEND
  5
CE1
100
AcDbEntity
  8
0
  0
POLYLINE
  5
CE2
100
AcDbEntity
  8
0
 62
     1
100
AcDb2dPolyline
 66
     1
 10
0.0
 20
0.0
 30
0.0
  0
VERTEX
  5
CE3
100
AcDbEntity
  8
0
 62
     1
100
AcDbVertex
100
AcDb2dVertex
 10
11.985460053132375
 20
32.03739075042656
  0
VERTEX
  5
CE4
100
AcDbEntity
  8
0
 62
     1
100
AcDbVertex
100
AcDb2dVertex
 10
13.0879065906345
 20
33.139837287928685
  0
SEQEND
  5
CE5
100
AcDbEntity
  8
0
  0
POLYLINE
  5
CE6
100
AcDbEntity
  8
0
 62
     1
100
AcDb2dPolyline
 66
     1
 10
0.0
 20
0.0
 30
0.0
  0
VERTEX
  5
CE7
100
AcDbEntity
  8
0
 62
     1
100
AcDbVertex
100
AcDb2dVertex
 10
11.109564049419784
 20
32.03739075042656
  0
VERTEX
  5
CE8
100
AcDbEntity
  8
0
 62
     1
100
AcDbVertex
100
AcDb2dVertex
 10
12.21201058692191
 20
33.139837287928685
  0
SEQEND
  5
CE9
100
AcDbEntity
  8
0
  0
POLYLINE
  5
CEA
100
AcDbEntity
  8
0
 62
     1
100
AcDb2dPolyline
 66
     1
 10
0.0
 20
0.0
 30
0.0
  0
VERTEX
  5
CEB
100
AcDbEntity
  8
0
 62
     1
100
AcDbVertex
100
AcDb2dVertex
 10
10.233668045707201
 20
32.03739075042656
  0
VERTEX
  5
CEC
100
AcDbEntity
  8
0
 62
     1
100
AcDbVertex
100
AcDb2dVertex
 10
11.336114583209319
 20
33.139837287928685
  0
SEQEND
  5
CED
100
AcDbEntity
  8
0
  0
POLYLINE
  5
CEE
100
AcDbEntity
  8
0
 62
     1
100
AcDb2dPolyline
 66
     1
 10
0.0
 20
0.0
 30
0.0
  0
VERTEX
  5
CEF
100
AcDbEntity
  8
0
 62
     1
100
AcDbVertex
100
AcDb2dVertex
 10
9.3577720419946111
 20
32.03739075042656
  0
VERTEX
  5
CF0
100
AcDbEntity
  8
0
 62
     1
100
AcDbVertex
100
AcDb2dVertex
 10
10.460218579496729
 20
33.139837287928685
  0
SEQEND
  5
CF1
100
AcDbEntity
  8
0
  0
POLYLINE
  5
CF2
100
AcDbEntity
  8
0
 62
     1
100
AcDb2dPolyline
 66
     1
 10
0.0
 20
0.0
 30
0.0
  0
VERTEX
  5
CF3
100
AcDbEntity
  8
0
 62
     1
100
AcDbVertex
100
AcDb2dVertex
 10
8.4818760382820209
 20
32.03739075042656
  0
VERTEX
  5
CF4
100
AcDbEntity
  8
0
 62
     1
100
AcDbVertex
100
AcDb2dVertex
 10
9.5843225757841388
 20
33.139837287928685
  0
SEQEND
  5
CF5
100
AcDbEntity
  8
0
  0
POLYLINE
  5
CF6
100
AcDbEntity
  8
0
 62
     1
100
AcDb2dPolyline
 66
     1
 10
0.0
 20
0.0
 30
0.0
  0
VERTEX
  5
CF7
100
AcDbEntity
  8
0
 62
     1
100
AcDbVertex
100
AcDb2dVertex
 10
7.6059800345694306
 20
32.03739075042656
  0
VERTEX
  5
CF8
100
AcDbEntity
  8
0
 62
     1
100
AcDbVertex
100
AcDb2dVertex
 10
8.7084265720715486
 20
33.139837287928685
  0
SEQEND
  5
CF9
100
AcDbEntity
  8
0
  0
POLYLINE
  5
CFA
100
AcDbEntity
  8
0
 62
     1
100
AcDb2dPolyline
 66
     1
 10
0.0
 20
0.0
 30
0.0
  0
VERTEX
  5
CFB
100
AcDbEntity
  8
0
 62
     1
100
AcDbVertex
100
AcDb2dVertex
 10
5.5225659151437405
 20
30.829872634713464
  0
VERTEX
  5
CFC
100
AcDbEntity
  8
0
 62
     1
100
AcDbVertex
100
AcDb2dVertex
 10
6.136350919101293
 20
31.443657638671013
  0
SEQEND
  5
CFD
100
AcDbEntity
  8
0
  0
POLYLINE
  5
CFE
100
AcDbEntity
  8
0
 62
     1
100
AcDb2dPolyline
 66
     1
 10
0.0
 20
0.0
 30
0.0
  0
VERTEX
  5
CFF
100
AcDbEntity
  8
0
 62
     1
100
AcDbVertex
100
AcDb2dVertex
 10
6.7300840308568475
 20
32.03739075042656
  0
VERTEX
  5
D00
100
AcDbEntity
  8
0
 62
     1
100
AcDbVertex
100
AcDb2dVertex
 10
7.8325305683589583
 20
33.139837287928685
  0
SEQEND
  5
D01
100
AcDbEntity
  8
0
  0
POLYLINE
  5
D02
100
AcDbEntity
  8
0
 62
     1
100
AcDb2dPolyline
 66
     1
 10
0.0
 20
0.0
 30
0.0
  0
VERTEX
  5
D03
100
AcDbEntity
  8
0
 62
     1
100
AcDbVertex
100
AcDb2dVertex
 10
5.5063143667361949
 20
31.689517090018501
  0
VERTEX
  5
D04
100
AcDbEntity
  8
0
 62
     1
100
AcDbVertex
100
AcDb2dVertex
 10
6.9566345646463752
 20
33.139837287928685
  0
SEQEND
  5
D05
100
AcDbEntity
  8
0
  0
POLYLINE
  5
D06
100
AcDbEntity
  8
0
 62
     1
100
AcDb2dPolyline
 66
     1
 10
0.0
 20
0.0
 30
0.0
  0
VERTEX
  5
D07
100
AcDbEntity
  8
0
 62
     1
100
AcDbVertex
100
AcDb2dVertex
 10
5.4865696731199272
 20
32.545668152374027
  0
VERTEX
  5
D08
100
AcDbEntity
  8
0
 62
     1
100
AcDbVertex
100
AcDb2dVertex
 10
6.080738560933785
 20
33.139837287928685
  0
SEQEND
  5
D09
100
AcDbEntity
  8
0
  0
POLYLINE
  5
D0A
100
AcDbEntity
  8
0
 62
     1
100
AcDb2dPolyline
 66
     1
 10
0.0
 20
0.0
 30
0.0
  0
VERTEX
  5
D0B
100
AcDbEntity
  8
0
 62
     1
100
AcDbVertex
100
AcDb2dVertex
 10
15.489043820241935
 20
32.03739075042656
  0
VERTEX
  5
D0C
100
AcDbEntity
  8
0
 62
     1
100
AcDbVertex
100
AcDb2dVertex
 10
16.59149035774406
 20
33.139837287928685
  0
SEQEND
  5
D0D
100
AcDbEntity
  8
0
  0
POLYLINE
  5
D0E
100
AcDbEntity
  8
0
 62
     1
100
AcDb2dPolyline
 66
     1
 10
0.0
 20
0.0
 30
0.0
  0
VERTEX
  5
D0F
100
AcDbEntity
  8
0
 62
     1
100
AcDbVertex
100
AcDb2dVertex
 10
16.364939823954533
 20
32.03739075042656
  0
VERTEX
  5
D10
100
AcDbEntity
  8
0
 62
     1
100
AcDbVertex
100
AcDb2dVertex
 10
17.467386361456644
 20
33.139837287928685
  0
SEQEND
  5
D11
100
AcDbEntity
  8
0
  0
POLYLINE
  5
D12
100
AcDbEntity
  8
0
 62
     1
100
AcDb2dPolyline
 66
     1
 10
0.0
 20
0.0
 30
0.0
  0
VERTEX
  5
D13
100
AcDbEntity
  8
0
 62
     1
100
AcDbVertex
100
AcDb2dVertex
 10
17.240835827667116
 20
32.03739075042656
  0
VERTEX
  5
D14
100
AcDbEntity
  8
0
 62
     1
100
AcDbVertex
100
AcDb2dVertex
 10
18.343282365169234
 20
33.139837287928685
  0
SEQEND
  5
D15
100
AcDbEntity
  8
0
  0
POLYLINE
  5
D16
100
AcDbEntity
  8
0
 62
     1
100
AcDb2dPolyline
 66
     1
 10
0.0
 20
0.0
 30
0.0
  0
VERTEX
  5
D17
100
AcDbEntity
  8
0
 62
     1
100
AcDbVertex
100
AcDb2dVertex
 10
18.116731831379706
 20
32.03739075042656
  0
VERTEX
  5
D18
100
AcDbEntity
  8
0
 62
     1
100
AcDbVertex
100
AcDb2dVertex
 10
19.219178368881824
 20
33.139837287928685
  0
SEQEND
  5
D19
100
AcDbEntity
  8
0
  0
POLYLINE
  5
D1A
100
AcDbEntity
  8
0
 62
     1
100
AcDb2dPolyline
 66
     1
 10
0.0
 20
0.0
 30
0.0
  0
VERTEX
  5
D1B
100
AcDbEntity
  8
0
 62
     1
100
AcDbVertex
100
AcDb2dVertex
 10
18.881144477367361
 20
31.925907392701632
  0
VERTEX
  5
D1C
100
AcDbEntity
  8
0
 62
     1
100
AcDbVertex
100
AcDb2dVertex
 10
20.095074372594414
 20
33.139837287928685
  0
SEQEND
  5
D1D
100
AcDbEntity
  8
0
  0
POLYLINE
  5
D1E
100
AcDbEntity
  8
0
 62
     1
100
AcDb2dPolyline
 66
     1
 10
0.0
 20
0.0
 30
0.0
  0
VERTEX
  5
D1F
100
AcDbEntity
  8
0
 62
     1
100
AcDbVertex
100
AcDb2dVertex
 10
19.757040481079951
 20
31.925907392701632
  0
VERTEX
  5
D20
100
AcDbEntity
  8
0
 62
     1
100
AcDbVertex
100
AcDb2dVertex
 10
20.970970376307005
 20
33.139837287928685
  0
SEQEND
  5
D21
100
AcDbEntity
  8
0
  0
POLYLINE
  5
D22
100
AcDbEntity
  8
0
 62
     1
100
AcDb2dPolyline
 66
     1
 10
0.0
 20
0.0
 30
0.0
  0
VERTEX
  5
D23
100
AcDbEntity
  8
0
 62
     1
100
AcDbVertex
100
AcDb2dVertex
 10
20.632936484792541
 20
31.925907392701632
  0
VERTEX
  5
D24
100
AcDbEntity
  8
0
 62
     1
100
AcDbVertex
100
AcDb2dVertex
 10
21.846866380019595
 20
33.139837287928685
  0
SEQEND
  5
D25
100
AcDbEntity
  8
0
  0
POLYLINE
  5
D26
100
AcDbEntity
  8
0
 62
     1
100
AcDb2dPolyline
 66
     1
 10
0.0
 20
0.0
 30
0.0
  0
VERTEX
  5
D27
100
AcDbEntity
  8
0
 62
     1
100
AcDbVertex
100
AcDb2dVertex
 10
21.508832488505124
 20
31.925907392701632
  0
VERTEX
  5
D28
100
AcDbEntity
  8
0
 62
     1
100
AcDbVertex
100
AcDb2dVertex
 10
22.722762383732185
 20
33.139837287928685
  0
SEQEND
  5
D29
100
AcDbEntity
  8
0
  0
POLYLINE
  5
D2A
100
AcDbEntity
  8
0
 62
     1
100
AcDb2dPolyline
 66
     1
 10
0.0
 20
0.0
 30
0.0
  0
VERTEX
  5
D2B
100
AcDbEntity
  8
0
 62
     1
100
AcDbVertex
100
AcDb2dVertex
 10
22.384728492217715
 20
31.925907392701632
  0
VERTEX
  5
D2C
100
AcDbEntity
  8
0
 62
     1
100
AcDbVertex
100
AcDb2dVertex
 10
23.598658387444768
 20
33.139837287928685
  0
SEQEND
  5
D2D
100
AcDbEntity
  8
0
  0
POLYLINE
  5
D2E
100
AcDbEntity
  8
0
 62
     1
100
AcDb2dPolyline
 66
     1
 10
0.0
 20
0.0
 30
0.0
  0
VERTEX
  5
D2F
100
AcDbEntity
  8
0
 62
     1
100
AcDbVertex
100
AcDb2dVertex
 10
23.72594736014636
 20
33.267126260630263
  0
VERTEX
  5
D30
100
AcDbEntity
  8
0
 62
     1
100
AcDbVertex
100
AcDb2dVertex
 10
23.970269579861213
 20
33.51144848034513
  0
SEQEND
  5
D31
100
AcDbEntity
  8
0
  0
POLYLINE
  5
D32
100
AcDbEntity
  8
0
 62
     1
100
AcDb2dPolyline
 66
     1
 10
0.0
 20
0.0
 30
0.0
  0
VERTEX
  5
D33
100
AcDbEntity
  8
0
 62
     1
100
AcDbVertex
100
AcDb2dVertex
 10
23.260624248189512
 20
31.925907392701632
  0
VERTEX
  5
D34
100
AcDbEntity
  8
0
 62
     1
100
AcDbVertex
100
AcDb2dVertex
 10
24.84616533583301
 20
33.51144848034513
  0
SEQEND
  5
D35
100
AcDbEntity
  8
0
  0
POLYLINE
  5
D36
100
AcDbEntity
  8
0
 62
     1
100
AcDb2dPolyline
 66
     1
 10
0.0
 20
0.0
 30
0.0
  0
VERTEX
  5
D37
100
AcDbEntity
  8
0
 62
     1
100
AcDbVertex
100
AcDb2dVertex
 10
24.136520251902102
 20
31.925907392701632
  0
VERTEX
  5
D38
100
AcDbEntity
  8
0
 62
     1
100
AcDbVertex
100
AcDb2dVertex
 10
24.964651334867842
 20
32.754038227926578
  0
SEQEND
  5
D39
100
AcDbEntity
  8
0
  0
POLYLINE
  5
D3A
100
AcDbEntity
  8
0
 62
     1
100
AcDb2dPolyline
 66
     1
 10
0.0
 20
0.0
 30
0.0
  0
VERTEX
  5
D3B
100
AcDbEntity
  8
0
 62
     1
100
AcDbVertex
100
AcDb2dVertex
 10
13.910357720394547
 20
26.079224632016228
  0
VERTEX
  5
D3C
100
AcDbEntity
  8
0
 62
     1
100
AcDbVertex
100
AcDb2dVertex
 10
15.012804257896672
 20
27.181671169518346
  0
SEQEND
  5
D3D
100
AcDbEntity
  8
0
  0
POLYLINE
  5
D3E
100
AcDbEntity
  8
0
 62
     1
100
AcDb2dPolyline
 66
     1
 10
0.0
 20
0.0
 30
0.0
  0
VERTEX
  5
D3F
100
AcDbEntity
  8
0
 62
     1
100
AcDbVertex
100
AcDb2dVertex
 10
13.034461716681964
 20
26.079224632016228
  0
VERTEX
  5
D40
100
AcDbEntity
  8
0
 62
     1
100
AcDbVertex
100
AcDb2dVertex
 10
14.136908254184075
 20
27.181671169518346
  0
SEQEND
  5
D41
100
AcDbEntity
  8
0
  0
POLYLINE
  5
D42
100
AcDbEntity
  8
0
 62
     1
100
AcDb2dPolyline
 66
     1
 10
0.0
 20
0.0
 30
0.0
  0
VERTEX
  5
D43
100
AcDbEntity
  8
0
 62
     1
100
AcDbVertex
100
AcDb2dVertex
 10
12.158565712969367
 20
26.079224632016228
  0
VERTEX
  5
D44
100
AcDbEntity
  8
0
 62
     1
100
AcDbVertex
100
AcDb2dVertex
 10
13.261012250471492
 20
27.181671169518346
  0
SEQEND
  5
D45
100
AcDbEntity
  8
0
  0
POLYLINE
  5
D46
100
AcDbEntity
  8
0
 62
     1
100
AcDb2dPolyline
 66
     1
 10
0.0
 20
0.0
 30
0.0
  0
VERTEX
  5
D47
100
AcDbEntity
  8
0
 62
     1
100
AcDbVertex
100
AcDb2dVertex
 10
11.282669709256776
 20
26.079224632016228
  0
VERTEX
  5
D48
100
AcDbEntity
  8
0
 62
     1
100
AcDbVertex
100
AcDb2dVertex
 10
12.385116246758901
 20
27.181671169518346
  0
SEQEND
  5
D49
100
AcDbEntity
  8
0
  0
POLYLINE
  5
D4A
100
AcDbEntity
  8
0
 62
     1
100
AcDb2dPolyline
 66
     1
 10
0.0
 20
0.0
 30
0.0
  0
VERTEX
  5
D4B
100
AcDbEntity
  8
0
 62
     1
100
AcDbVertex
100
AcDb2dVertex
 10
10.406773705544193
 20
26.079224632016228
  0
VERTEX
  5
D4C
100
AcDbEntity
  8
0
 62
     1
100
AcDbVertex
100
AcDb2dVertex
 10
11.509220243046311
 20
27.181671169518346
  0
SEQEND
  5
D4D
100
AcDbEntity
  8
0
  0
POLYLINE
  5
D4E
100
AcDbEntity
  8
0
 62
     1
100
AcDb2dPolyline
 66
     1
 10
0.0
 20
0.0
 30
0.0
  0
VERTEX
  5
D4F
100
AcDbEntity
  8
0
 62
     1
100
AcDbVertex
100
AcDb2dVertex
 10
9.5308777018316029
 20
26.079224632016228
  0
VERTEX
  5
D50
100
AcDbEntity
  8
0
 62
     1
100
AcDbVertex
100
AcDb2dVertex
 10
10.633324239333721
 20
27.181671169518346
  0
SEQEND
  5
D51
100
AcDbEntity
  8
0
  0
POLYLINE
  5
D52
100
AcDbEntity
  8
0
 62
     1
100
AcDb2dPolyline
 66
     1
 10
0.0
 20
0.0
 30
0.0
  0
VERTEX
  5
D53
100
AcDbEntity
  8
0
 62
     1
100
AcDbVertex
100
AcDb2dVertex
 10
8.6549816981190126
 20
26.079224632016228
  0
VERTEX
  5
D54
100
AcDbEntity
  8
0
 62
     1
100
AcDbVertex
100
AcDb2dVertex
 10
9.7574282356211377
 20
27.181671169518346
  0
SEQEND
  5
D55
100
AcDbEntity
  8
0
  0
POLYLINE
  5
D56
100
AcDbEntity
  8
0
 62
     1
100
AcDb2dPolyline
 66
     1
 10
0.0
 20
0.0
 30
0.0
  0
VERTEX
  5
D57
100
AcDbEntity
  8
0
 62
     1
100
AcDbVertex
100
AcDb2dVertex
 10
7.7790856944064224
 20
26.079224632016228
  0
VERTEX
  5
D58
100
AcDbEntity
  8
0
 62
     1
100
AcDbVertex
100
AcDb2dVertex
 10
8.8815322319085475
 20
27.181671169518346
  0
SEQEND
  5
D59
100
AcDbEntity
  8
0
  0
POLYLINE
  5
D5A
100
AcDbEntity
  8
0
 62
     1
100
AcDb2dPolyline
 66
     1
 10
0.0
 20
0.0
 30
0.0
  0
VERTEX
  5
D5B
100
AcDbEntity
  8
0
 62
     1
100
AcDbVertex
100
AcDb2dVertex
 10
6.9031899384346325
 20
26.079224632016228
  0
VERTEX
  5
D5C
100
AcDbEntity
  8
0
 62
     1
100
AcDbVertex
100
AcDb2dVertex
 10
8.0056364759367504
 20
27.181671169518346
  0
SEQEND
  5
D5D
100
AcDbEntity
  8
0
  0
POLYLINE
  5
D5E
100
AcDbEntity
  8
0
 62
     1
100
AcDb2dPolyline
 66
     1
 10
0.0
 20
0.0
 30
0.0
  0
VERTEX
  5
D5F
100
AcDbEntity
  8
0
 62
     1
100
AcDbVertex
100
AcDb2dVertex
 10
6.0272939347220422
 20
26.079224632016228
  0
VERTEX
  5
D60
100
AcDbEntity
  8
0
 62
     1
100
AcDbVertex
100
AcDb2dVertex
 10
7.1297404722241602
 20
27.181671169518346
  0
SEQEND
  5
D61
100
AcDbEntity
  8
0
  0
POLYLINE
  5
D62
100
AcDbEntity
  8
0
 62
     1
100
AcDb2dPolyline
 66
     1
 10
0.0
 20
0.0
 30
0.0
  0
VERTEX
  5
D63
100
AcDbEntity
  8
0
 62
     1
100
AcDbVertex
100
AcDb2dVertex
 10
5.7074615594121347
 20
26.635288260418911
  0
VERTEX
  5
D64
100
AcDbEntity
  8
0
 62
     1
100
AcDbVertex
100
AcDb2dVertex
 10
6.2538444685115699
 20
27.181671169518346
  0
SEQEND
  5
D65
100
AcDbEntity
  8
0
  0
POLYLINE
  5
D66
100
AcDbEntity
  8
0
 62
     1
100
AcDb2dPolyline
 66
     1
 10
0.0
 20
0.0
 30
0.0
  0
VERTEX
  5
D67
100
AcDbEntity
  8
0
 62
     1
100
AcDbVertex
100
AcDb2dVertex
 10
5.760955486042068
 20
27.564678190761438
  0
VERTEX
  5
D68
100
AcDbEntity
  8
0
 62
     1
100
AcDbVertex
100
AcDb2dVertex
 10
6.136350919101293
 20
27.940073623820652
  0
SEQEND
  5
D69
100
AcDbEntity
  8
0
  0
POLYLINE
  5
D6A
100
AcDbEntity
  8
0
 62
     1
100
AcDb2dPolyline
 66
     1
 10
0.0
 20
0.0
 30
0.0
  0
VERTEX
  5
D6B
100
AcDbEntity
  8
0
 62
     1
100
AcDbVertex
100
AcDb2dVertex
 10
5.6533896535075918
 20
28.333008361939545
  0
VERTEX
  5
D6C
100
AcDbEntity
  8
0
 62
     1
100
AcDbVertex
100
AcDb2dVertex
 10
5.8894009127744589
 20
28.569019621206412
  0
SEQEND
  5
D6D
100
AcDbEntity
  8
0
  0
POLYLINE
  5
D6E
100
AcDbEntity
  8
0
 62
     1
100
AcDb2dPolyline
 66
     1
 10
0.0
 20
0.0
 30
0.0
  0
VERTEX
  5
D6F
100
AcDbEntity
  8
0
 62
     1
100
AcDbVertex
100
AcDb2dVertex
 10
14.786253724107137
 20
26.079224632016228
  0
VERTEX
  5
D70
100
AcDbEntity
  8
0
 62
     1
100
AcDbVertex
100
AcDb2dVertex
 10
15.888700261609262
 20
27.181671169518346
  0
SEQEND
  5
D71
100
AcDbEntity
  8
0
  0
POLYLINE
  5
D72
100
AcDbEntity
  8
0
 62
     1
100
AcDb2dPolyline
 66
     1
 10
0.0
 20
0.0
 30
0.0
  0
VERTEX
  5
D73
100
AcDbEntity
  8
0
 62
     1
100
AcDbVertex
100
AcDb2dVertex
 10
15.662149727819727
 20
26.079224632016228
  0
VERTEX
  5
D74
100
AcDbEntity
  8
0
 62
     1
100
AcDbVertex
100
AcDb2dVertex
 10
16.764596265321845
 20
27.181671169518346
  0
SEQEND
  5
D75
100
AcDbEntity
  8
0
  0
POLYLINE
  5
D76
100
AcDbEntity
  8
0
 62
     1
100
AcDb2dPolyline
 66
     1
 10
0.0
 20
0.0
 30
0.0
  0
VERTEX
  5
D77
100
AcDbEntity
  8
0
 62
     1
100
AcDbVertex
100
AcDb2dVertex
 10
16.538045731532318
 20
26.079224632016228
  0
VERTEX
  5
D78
100
AcDbEntity
  8
0
 62
     1
100
AcDbVertex
100
AcDb2dVertex
 10
17.640492269034436
 20
27.181671169518346
  0
SEQEND
  5
D79
100
AcDbEntity
  8
0
  0
POLYLINE
  5
D7A
100
AcDbEntity
  8
0
 62
     1
100
AcDb2dPolyline
 66
     1
 10
0.0
 20
0.0
 30
0.0
  0
VERTEX
  5
D7B
100
AcDbEntity
  8
0
 62
     1
100
AcDbVertex
100
AcDb2dVertex
 10
17.413941487504108
 20
26.079224632016228
  0
VERTEX
  5
D7C
100
AcDbEntity
  8
0
 62
     1
100
AcDbVertex
100
AcDb2dVertex
 10
18.516388025006233
 20
27.181671169518346
  0
SEQEND
  5
D7D
100
AcDbEntity
  8
0
  0
POLYLINE
  5
D7E
100
AcDbEntity
  8
0
 62
     1
100
AcDb2dPolyline
 66
     1
 10
0.0
 20
0.0
 30
0.0
  0
VERTEX
  5
D7F
100
AcDbEntity
  8
0
 62
     1
100
AcDbVertex
100
AcDb2dVertex
 10
18.523390666316129
 20
27.188673563087448
  0
VERTEX
  5
D80
100
AcDbEntity
  8
0
 62
     1
100
AcDbVertex
100
AcDb2dVertex
 10
18.627871382731168
 20
27.293154527243281
  0
SEQEND
  5
D81
100
AcDbEntity
  8
0
  0
POLYLINE
  5
D82
100
AcDbEntity
  8
0
 62
     1
100
AcDb2dPolyline
 66
     1
 10
0.0
 20
0.0
 30
0.0
  0
VERTEX
  5
D83
100
AcDbEntity
  8
0
 62
     1
100
AcDbVertex
100
AcDb2dVertex
 10
18.289837491216698
 20
26.079224632016228
  0
VERTEX
  5
D84
100
AcDbEntity
  8
0
 62
     1
100
AcDbVertex
100
AcDb2dVertex
 10
19.503767386443752
 20
27.293154527243281
  0
SEQEND
  5
D85
100
AcDbEntity
  8
0
  0
POLYLINE
  5
D86
100
AcDbEntity
  8
0
 62
     1
100
AcDb2dPolyline
 66
     1
 10
0.0
 20
0.0
 30
0.0
  0
VERTEX
  5
D87
100
AcDbEntity
  8
0
 62
     1
100
AcDbVertex
100
AcDb2dVertex
 10
19.165733494929288
 20
26.079224632016228
  0
VERTEX
  5
D88
100
AcDbEntity
  8
0
 62
     1
100
AcDbVertex
100
AcDb2dVertex
 10
20.379663390156342
 20
27.293154527243281
  0
SEQEND
  5
D89
100
AcDbEntity
  8
0
  0
POLYLINE
  5
D8A
100
AcDbEntity
  8
0
 62
     1
100
AcDb2dPolyline
 66
     1
 10
0.0
 20
0.0
 30
0.0
  0
VERTEX
  5
D8B
100
AcDbEntity
  8
0
 62
     1
100
AcDbVertex
100
AcDb2dVertex
 10
20.041629498641878
 20
26.079224632016228
  0
VERTEX
  5
D8C
100
AcDbEntity
  8
0
 62
     1
100
AcDbVertex
100
AcDb2dVertex
 10
21.255559393868932
 20
27.293154527243281
  0
SEQEND
  5
D8D
100
AcDbEntity
  8
0
  0
POLYLINE
  5
D8E
100
AcDbEntity
  8
0
 62
     1
100
AcDb2dPolyline
 66
     1
 10
0.0
 20
0.0
 30
0.0
  0
VERTEX
  5
D8F
100
AcDbEntity
  8
0
 62
     1
100
AcDbVertex
100
AcDb2dVertex
 10
20.917525502354462
 20
26.079224632016228
  0
VERTEX
  5
D90
100
AcDbEntity
  8
0
 62
     1
100
AcDbVertex
100
AcDb2dVertex
 10
22.131455397581522
 20
27.293154527243281
  0
SEQEND
  5
D91
100
AcDbEntity
  8
0
  0
POLYLINE
  5
D92
100
AcDbEntity
  8
0
 62
     1
100
AcDb2dPolyline
 66
     1
 10
0.0
 20
0.0
 30
0.0
  0
VERTEX
  5
D93
100
AcDbEntity
  8
0
 62
     1
100
AcDbVertex
100
AcDb2dVertex
 10
21.793421506067059
 20
26.079224632016228
  0
VERTEX
  5
D94
100
AcDbEntity
  8
0
 62
     1
100
AcDbVertex
100
AcDb2dVertex
 10
23.007351401294105
 20
27.293154527243281
  0
SEQEND
  5
D95
100
AcDbEntity
  8
0
  0
POLYLINE
  5
D96
100
AcDbEntity
  8
0
 62
     1
100
AcDb2dPolyline
 66
     1
 10
0.0
 20
0.0
 30
0.0
  0
VERTEX
  5
D97
100
AcDbEntity
  8
0
 62
     1
100
AcDbVertex
100
AcDb2dVertex
 10
22.669317509779649
 20
26.079224632016228
  0
VERTEX
  5
D98
100
AcDbEntity
  8
0
 62
     1
100
AcDbVertex
100
AcDb2dVertex
 10
23.883247405006696
 20
27.293154527243281
  0
SEQEND
  5
D99
100
AcDbEntity
  8
0
  0
POLYLINE
  5
D9A
100
AcDbEntity
  8
0
 62
     1
100
AcDb2dPolyline
 66
     1
 10
0.0
 20
0.0
 30
0.0
  0
VERTEX
  5
D9B
100
AcDbEntity
  8
0
 62
     1
100
AcDbVertex
100
AcDb2dVertex
 10
23.545213513492232
 20
26.079224632016228
  0
VERTEX
  5
D9C
100
AcDbEntity
  8
0
 62
     1
100
AcDbVertex
100
AcDb2dVertex
 10
24.759143408719286
 20
27.293154527243281
  0
SEQEND
  5
D9D
100
AcDbEntity
  8
0
  0
POLYLINE
  5
D9E
100
AcDbEntity
  8
0
 62
     1
100
AcDb2dPolyline
 66
     1
 10
0.0
 20
0.0
 30
0.0
  0
VERTEX
  5
D9F
100
AcDbEntity
  8
0
 62
     1
100
AcDbVertex
100
AcDb2dVertex
 10
24.049498324788377
 20
25.707613439599783
  0
VERTEX
  5
DA0
100
AcDbEntity
  8
0
 62
     1
100
AcDbVertex
100
AcDb2dVertex
 10
24.964651334867842
 20
26.622766449679247
  0
SEQEND
  5
DA1
100
AcDbEntity
  8
0
  0
POLYLINE
  5
DA2
100
AcDbEntity
  8
0
 62
     1
100
AcDb2dPolyline
 66
     1
 10
0.0
 20
0.0
 30
0.0
  0
VERTEX
  5
DA3
100
AcDbEntity
  8
0
 62
     1
100
AcDbVertex
100
AcDb2dVertex
 10
24.925394328500968
 20
25.707613439599783
  0
VERTEX
  5
DA4
100
AcDbEntity
  8
0
 62
     1
100
AcDbVertex
100
AcDb2dVertex
 10
24.964651334867842
 20
25.746870445966653
  0
SEQEND
  5
DA5
100
AcDbEntity
  8
0
  0
POLYLINE
  5
DA6
100
AcDbEntity
  8
0
 62
     7
100
AcDb2dPolyline
 66
     1
 10
0.0
 20
0.0
 30
0.0
  0
VERTEX
  5
DA7
100
AcDbEntity
  8
0
 62
     7
100
AcDbVertex
100
AcDb2dVertex
 10
6.136350919101293
 20
27.181671169518346
  0
VERTEX
  5
DA8
100
AcDbEntity
  8
0
 62
     7
100
AcDbVertex
100
AcDb2dVertex
 10
6.136350919101293
 20
32.03739075042656
  0
SEQEND
  5
DA9
100
AcDbEntity
  8
0
  0
POLYLINE
  5
DAA
100
AcDbEntity
  8
0
  6
2
 62
     6
100
AcDb2dPolyline
 66
     1
 10
0.0
 20
0.0
 30
0.0
  0
VERTEX
  5
DAB
100
AcDbEntity
  8
0
  6
2
 62
     6
100
AcDbVertex
100
AcDb2dVertex
 10
0.89663310602941593
 20
28.036376912076172
  0
VERTEX
  5
DAC
100
AcDbEntity
  8
0
  6
2
 62
     6
100
AcDbVertex
100
AcDb2dVertex
 10
0.89663310602941593
 20
31.182685007868738
  0
SEQEND
  5
DAD
100
AcDbEntity
  8
0
  6
2
  0
POLYLINE
  5
DAE
100
AcDbEntity
  8
0
 62
     7
100
AcDb2dPolyline
 66
     1
 10
0.0
 20
0.0
 30
0.0
  0
VERTEX
  5
DAF
100
AcDbEntity
  8
0
 62
     7
100
AcDbVertex
100
AcDb2dVertex
 10
4.6746802289299403
 20
26.505338799320416
  0
VERTEX
  5
DB0
100
AcDbEntity
  8
0
 62
     7
100
AcDbVertex
100
AcDb2dVertex
 10
4.6746802289299403
 20
32.713723120624486
  0
SEQEND
  5
DB1
100
AcDbEntity
  8
0
  0
POLYLINE
  5
DB2
100
AcDbEntity
  8
0
  6
1
 62
     4
100
AcDb2dPolyline
 66
     1
 10
0.0
 20
0.0
 30
0.0
  0
VERTEX
  5
DB3
100
AcDbEntity
  8
0
  6
1
 62
     4
100
AcDbVertex
100
AcDb2dVertex
 10
2.7175279488699928
 20
26.505338799320416
  0
VERTEX
  5
DB4
100
AcDbEntity
  8
0
  6
1
 62
     4
100
AcDbVertex
100
AcDb2dVertex
 10
2.7175279488699928
 20
32.713723120624486
  0
SEQEND
  5
DB5
100
AcDbEntity
  8
0
  6
1
  0
POLYLINE
  5
DB6
100
AcDbEntity
  8
0
 62
     3
100
AcDb2dPolyline
 66
     1
 10
0.0
 20
0.0
 30
0.0
  0
VERTEX
  5
DB7
100
AcDbEntity
  8
0
 62
     3
100
AcDbVertex
100
AcDb2dVertex
 10
5.6337524793963318
 20
33.139837287928678
  0
VERTEX
  5
DB8
100
AcDbEntity
  8
0
 62
     3
100
AcDbVertex
100
AcDb2dVertex
 10
5.5602128540842735
 20
32.922365215569883
  0
VERTEX
  5
DB9
100
AcDbEntity
  8
0
 62
     3
100
AcDbVertex
100
AcDb2dVertex
 10
5.5114175793712441
 20
32.716404666988971
  0
VERTEX
  5
DBA
100
AcDbEntity
  8
0
 62
     3
100
AcDbVertex
100
AcDb2dVertex
 10
5.4831652191158007
 20
32.522276218774593
  0
VERTEX
  5
DBB
100
AcDbEntity
  8
0
 62
     3
100
AcDbVertex
100
AcDb2dVertex
 10
5.4712543371764646
 20
32.340300447515418
  0
VERTEX
  5
DBC
100
AcDbEntity
  8
0
 62
     3
100
AcDbVertex
100
AcDb2dVertex
 10
5.4714834974117927
 20
32.170798177540888
  0
VERTEX
  5
DBD
100
AcDbEntity
  8
0
 62
     3
100
AcDbVertex
100
AcDb2dVertex
 10
5.4796507681987201
 20
32.014090233180461
  0
VERTEX
  5
DBE
100
AcDbEntity
  8
0
 62
     3
100
AcDbVertex
100
AcDb2dVertex
 10
5.4915552088773829
 20
31.870497191022793
  0
VERTEX
  5
DBF
100
AcDbEntity
  8
0
 62
     3
100
AcDbVertex
100
AcDb2dVertex
 10
5.5029948878247303
 20
31.740339627656553
  0
VERTEX
  5
DC0
100
AcDbEntity
  8
0
 62
     3
100
AcDbVertex
100
AcDb2dVertex
 10
5.5106250565682195
 20
31.623522906098056
  0
VERTEX
  5
DC1
100
AcDbEntity
  8
0
 62
     3
100
AcDbVertex
100
AcDb2dVertex
 10
5.5145284605333664
 20
31.51828806670321
  0
VERTEX
  5
DC2
100
AcDbEntity
  8
0
 62
     3
100
AcDbVertex
100
AcDb2dVertex
 10
5.5156437895922004
 20
31.422461431737165
  0
VERTEX
  5
DC3
100
AcDbEntity
  8
0
 62
     3
100
AcDbVertex
100
AcDb2dVertex
 10
5.5149107245799591
 20
31.333868827983494
  0
VERTEX
  5
DC4
100
AcDbEntity
  8
0
 62
     3
100
AcDbVertex
100
AcDb2dVertex
 10
5.5132679553686863
 20
31.250335834484972
  0
VERTEX
  5
DC5
100
AcDbEntity
  8
0
 62
     3
100
AcDbVertex
100
AcDb2dVertex
 10
5.5116549150528051
 20
31.169688773506753
  0
VERTEX
  5
DC6
100
AcDbEntity
  8
0
 62
     3
100
AcDbVertex
100
AcDb2dVertex
 10
5.5110105412451595
 20
31.089752976350823
  0
VERTEX
  5
DC7
100
AcDbEntity
  8
0
 62
     3
100
AcDbVertex
100
AcDb2dVertex
 10
5.5122745147809589
 20
31.008354765282334
  0
VERTEX
  5
DC8
100
AcDbEntity
  8
0
 62
     3
100
AcDbVertex
100
AcDb2dVertex
 10
5.5161135061394155
 20
30.923698515019534
  0
VERTEX
  5
DC9
100
AcDbEntity
  8
0
 62
     3
100
AcDbVertex
100
AcDb2dVertex
 10
5.5221075946730984
 20
30.835504278464132
  0
VERTEX
  5
DCA
100
AcDbEntity
  8
0
 62
     3
100
AcDbVertex
100
AcDb2dVertex
 10
5.5295648403417168
 20
30.743871151934112
  0
VERTEX
  5
DCB
100
AcDbEntity
  8
0
 62
     3
100
AcDbVertex
100
AcDb2dVertex
 10
5.5377933031049942
 20
30.648897736265859
  0
VERTEX
  5
DCC
100
AcDbEntity
  8
0
 62
     3
100
AcDbVertex
100
AcDb2dVertex
 10
5.5461007951818608
 20
30.55068288003655
  0
VERTEX
  5
DCD
100
AcDbEntity
  8
0
 62
     3
100
AcDbVertex
100
AcDb2dVertex
 10
5.5537953765320331
 20
30.449325431823375
  0
VERTEX
  5
DCE
100
AcDbEntity
  8
0
 62
     3
100
AcDbVertex
100
AcDb2dVertex
 10
5.5601848593744414
 20
30.344923992462718
  0
VERTEX
  5
DCF
100
AcDbEntity
  8
0
 62
     3
100
AcDbVertex
100
AcDb2dVertex
 10
5.5645775514096023
 20
30.237577906013353
  0
VERTEX
  5
DD0
100
AcDbEntity
  8
0
 62
     3
100
AcDbVertex
100
AcDb2dVertex
 10
5.5665183527971926
 20
30.12762261351164
  0
VERTEX
  5
DD1
100
AcDbEntity
  8
0
 62
     3
100
AcDbVertex
100
AcDb2dVertex
 10
5.5665020019047269
 20
30.016343146460944
  0
VERTEX
  5
DD2
100
AcDbEntity
  8
0
 62
     3
100
AcDbVertex
100
AcDb2dVertex
 10
5.5652595818180863
 20
29.905261376564614
  0
VERTEX
  5
DD3
100
AcDbEntity
  8
0
 62
     3
100
AcDbVertex
100
AcDb2dVertex
 10
5.5635229188455249
 20
29.795899175525992
  0
VERTEX
  5
DD4
100
AcDbEntity
  8
0
 62
     3
100
AcDbVertex
100
AcDb2dVertex
 10
5.5620235915545173
 20
29.68977816730763
  0
VERTEX
  5
DD5
100
AcDbEntity
  8
0
 62
     3
100
AcDbVertex
100
AcDb2dVertex
 10
5.5614931785125457
 20
29.588420719094454
  0
VERTEX
  5
DD6
100
AcDbEntity
  8
0
 62
     3
100
AcDbVertex
100
AcDb2dVertex
 10
5.5626630105462702
 20
29.493348454849016
  0
VERTEX
  5
DD7
100
AcDbEntity
  8
0
 62
     3
100
AcDbVertex
100
AcDb2dVertex
 10
5.566264666223173
 20
29.406083246274658
  0
VERTEX
  5
DD8
100
AcDbEntity
  8
0
 62
     3
100
AcDbVertex
100
AcDb2dVertex
 10
5.572776285277488
 20
29.327606890141745
  0
VERTEX
  5
DD9
100
AcDbEntity
  8
0
 62
     3
100
AcDbVertex
100
AcDb2dVertex
 10
5.5816602701841838
 20
29.256740140266338
  0
VERTEX
  5
DDA
100
AcDbEntity
  8
0
 62
     3
100
AcDbVertex
100
AcDb2dVertex
 10
5.5921263278074029
 20
29.191763180049936
  0
VERTEX
  5
DDB
100
AcDbEntity
  8
0
 62
     3
100
AcDbVertex
100
AcDb2dVertex
 10
5.6033829263072867
 20
29.130956440634836
  0
VERTEX
  5
DDC
100
AcDbEntity
  8
0
 62
     3
100
AcDbVertex
100
AcDb2dVertex
 10
5.6146397725479709
 20
29.07260084864491
  0
VERTEX
  5
DDD
100
AcDbEntity
  8
0
 62
     3
100
AcDbVertex
100
AcDb2dVertex
 10
5.62510583017119
 20
29.014976339740866
  0
VERTEX
  5
DDE
100
AcDbEntity
  8
0
 62
     3
100
AcDbVertex
100
AcDb2dVertex
 10
5.6339898150778858
 20
28.95636359280579
  0
VERTEX
  5
DDF
100
AcDbEntity
  8
0
 62
     3
100
AcDbVertex
100
AcDb2dVertex
 10
5.6405014341322079
 20
28.895043038981974
  0
VERTEX
  5
DE0
100
AcDbEntity
  8
0
 62
     3
100
AcDbVertex
100
AcDb2dVertex
 10
5.6441395077059617
 20
28.829575304250788
  0
VERTEX
  5
DE1
100
AcDbEntity
  8
0
 62
     3
100
AcDbVertex
100
AcDb2dVertex
 10
5.6455630263137131
 20
28.759640555245962
  0
VERTEX
  5
DE2
100
AcDbEntity
  8
0
 62
     3
100
AcDbVertex
100
AcDb2dVertex
 10
5.6457210849408845
 20
28.685199648921895
  0
VERTEX
  5
DE3
100
AcDbEntity
  8
0
 62
     3
100
AcDbVertex
100
AcDb2dVertex
 10
5.6455630263137131
 20
28.606212699010602
  0
VERTEX
  5
DE4
100
AcDbEntity
  8
0
 62
     3
100
AcDbVertex
100
AcDb2dVertex
 10
5.6460374499360277
 20
28.522640314725681
  0
VERTEX
  5
DE5
100
AcDbEntity
  8
0
 62
     3
100
AcDbVertex
100
AcDb2dVertex
 10
5.6480936985340655
 20
28.434442857539945
  0
VERTEX
  5
DE6
100
AcDbEntity
  8
0
 62
     3
100
AcDbVertex
100
AcDb2dVertex
 10
5.652680867093256
 20
28.341580936667004
  0
VERTEX
  5
DE7
100
AcDbEntity
  8
0
 62
     3
100
AcDbVertex
100
AcDb2dVertex
 10
5.6607478028582356
 20
28.244014913579651
  0
VERTEX
  5
DE8
100
AcDbEntity
  8
0
 62
     3
100
AcDbVertex
100
AcDb2dVertex
 10
5.6728811560314192
 20
28.141888230198177
  0
VERTEX
  5
DE9
100
AcDbEntity
  8
0
 62
     3
100
AcDbVertex
100
AcDb2dVertex
 10
5.6882173022016538
 20
28.036075411528721
  0
VERTEX
  5
DEA
100
AcDbEntity
  8
0
 62
     3
100
AcDbVertex
100
AcDb2dVertex
 10
5.7055309153971301
 20
27.927633815284114
  0
VERTEX
  5
DEB
100
AcDbEntity
  8
0
 62
     3
100
AcDbVertex
100
AcDb2dVertex
 10
5.7235956786828801
 20
27.817621046917971
  0
VERTEX
  5
DEC
100
AcDbEntity
  8
0
 62
     3
100
AcDbVertex
100
AcDb2dVertex
 10
5.7411860183463084
 20
27.707094216402318
  0
VERTEX
  5
DED
100
AcDbEntity
  8
0
 62
     3
100
AcDbVertex
100
AcDb2dVertex
 10
5.7570761129340404
 20
27.597111176931566
  0
VERTEX
  5
DEE
100
AcDbEntity
  8
0
 62
     3
100
AcDbVertex
100
AcDb2dVertex
 10
5.7700398932518802
 20
27.48872879073695
  0
VERTEX
  5
DEF
100
AcDbEntity
  8
0
 62
     3
100
AcDbVertex
100
AcDb2dVertex
 10
5.7788515378464602
 20
27.383004911012883
  0
VERTEX
  5
DF0
100
AcDbEntity
  8
0
 62
     3
100
AcDbVertex
100
AcDb2dVertex
 10
5.7823840738415662
 20
27.279667518366512
  0
VERTEX
  5
DF1
100
AcDbEntity
  8
0
 62
     3
100
AcDbVertex
100
AcDb2dVertex
 10
5.7799059226697445
 20
27.173127828204692
  0
VERTEX
  5
DF2
100
AcDbEntity
  8
0
 62
     3
100
AcDbVertex
100
AcDb2dVertex
 10
5.7707846020814806
 20
27.056467678828604
  0
VERTEX
  5
DF3
100
AcDbEntity
  8
0
 62
     3
100
AcDbVertex
100
AcDb2dVertex
 10
5.7543871343457162
 20
26.922768908539425
  0
VERTEX
  5
DF4
100
AcDbEntity
  8
0
 62
     3
100
AcDbVertex
100
AcDb2dVertex
 10
5.7300807894721366
 20
26.765113355638338
  0
VERTEX
  5
DF5
100
AcDbEntity
  8
0
 62
     3
100
AcDbVertex
100
AcDb2dVertex
 10
5.697233332952063
 20
26.576582858426523
  0
VERTEX
  5
DF6
100
AcDbEntity
  8
0
 62
     3
100
AcDbVertex
100
AcDb2dVertex
 10
5.6552115393136084
 20
26.35025925520516
  0
VERTEX
  5
DF7
100
AcDbEntity
  8
0
 62
     3
100
AcDbVertex
100
AcDb2dVertex
 10
5.6033829263072867
 20
26.079224632016224
  0
SEQEND
  5
DF8
100
AcDbEntity
  8
0
  0
POLYLINE
  5
DF9
100
AcDbEntity
  8
0
 62
     3
100
AcDb2dPolyline
 66
     1
 10
0.0
 20
0.0
 30
0.0
  0
VERTEX
  5
DFA
100
AcDbEntity
  8
0
 62
     3
100
AcDbVertex
100
AcDb2dVertex
 10
0.89663310602941593
 20
28.036376912076172
  0
VERTEX
  5
DFB
100
AcDbEntity
  8
0
 62
     3
100
AcDbVertex
100
AcDb2dVertex
 10
4.6746802289299403
 20
31.182685007868738
  0
SEQEND
  5
DFC
100
AcDbEntity
  8
0
  0
POLYLINE
  5
DFD
100
AcDbEntity
  8
0
 62
     3
100
AcDb2dPolyline
 66
     1
 10
0.0
 20
0.0
 30
0.0
  0
VERTEX
  5
DFE
100
AcDbEntity
  8
0
 62
     3
100
AcDbVertex
100
AcDb2dVertex
 10
0.89663310602941593
 20
31.182685007868738
  0
VERTEX
  5
DFF
100
AcDbEntity
  8
0
 62
     3
100
AcDbVertex
100
AcDb2dVertex
 10
4.6746802289299403
 20
28.036376912076172
  0
SEQEND
  5
E00
100
AcDbEntity
  8
0
  0
POLYLINE
  5
E01
100
AcDbEntity
  8
0
  6
2
 62
     6
100
AcDb2dPolyline
 66
     1
 10
0.0
 20
0.0
 30
0.0
  0
VERTEX
  5
E02
100
AcDbEntity
  8
0
  6
2
 62
     6
100
AcDbVertex
100
AcDb2dVertex
 10
4.6746802289299403
 20
28.036376912076172
  0
VERTEX
  5
E03
100
AcDbEntity
  8
0
  6
2
 62
     6
100
AcDbVertex
100
AcDb2dVertex
 10
0.89663310602941593
 20
28.036376912076172
  0
SEQEND
  5
E04
100
AcDbEntity
  8
0
  6
2
  0
POLYLINE
  5
E05
100
AcDbEntity
  8
0
 62
     7
100
AcDb2dPolyline
 66
     1
 10
0.0
 20
0.0
 30
0.0
  0
VERTEX
  5
E06
100
AcDbEntity
  8
0
 62
     7
100
AcDbVertex
100
AcDb2dVertex
 10
5.4179026137628306
 20
26.079224632016224
  0
VERTEX
  5
E07
100
AcDbEntity
  8
0
 62
     7
100
AcDbVertex
100
AcDb2dVertex
 10
4.6746802289299403
 20
26.505338799320416
  0
SEQEND
  5
E08
100
AcDbEntity
  8
0
  0
POLYLINE
  5
E09
100
AcDbEntity
  8
0
 62
     7
100
AcDb2dPolyline
 66
     1
 10
0.0
 20
0.0
 30
0.0
  0
VERTEX
  5
E0A
100
AcDbEntity
  8
0
 62
     7
100
AcDbVertex
100
AcDb2dVertex
 10
6.2524053422337396
 20
30.482766475288134
  0
VERTEX
  5
E0B
100
AcDbEntity
  8
0
 62
     7
100
AcDbVertex
100
AcDb2dVertex
 10
6.8717573295944838
 20
28.822903149161348
  0
SEQEND
  5
E0C
100
AcDbEntity
  8
0
  0
POLYLINE
  5
E0D
100
AcDbEntity
  8
0
 62
     7
100
AcDb2dPolyline
 66
     1
 10
0.0
 20
0.0
 30
0.0
  0
VERTEX
  5
E0E
100
AcDbEntity
  8
0
 62
     7
100
AcDbVertex
100
AcDb2dVertex
 10
6.136350919101293
 20
30.08513258977074
  0
VERTEX
  5
E0F
100
AcDbEntity
  8
0
 62
     7
100
AcDbVertex
100
AcDb2dVertex
 10
6.6396484833295766
 20
28.736295444656772
  0
SEQEND
  5
E10
100
AcDbEntity
  8
0
  0
POLYLINE
  5
E11
100
AcDbEntity
  8
0
 62
     7
100
AcDb2dPolyline
 66
     1
 10
0.0
 20
0.0
 30
0.0
  0
VERTEX
  5
E12
100
AcDbEntity
  8
0
 62
     7
100
AcDbVertex
100
AcDb2dVertex
 10
6.136350919101293
 20
28.903469694381208
  0
VERTEX
  5
E13
100
AcDbEntity
  8
0
 62
     7
100
AcDbVertex
100
AcDb2dVertex
 10
6.1449916808433223
 20
28.903167955677727
  0
VERTEX
  5
E14
100
AcDbEntity
  8
0
 62
     7
100
AcDbVertex
100
AcDb2dVertex
 10
6.1535903469795521
 20
28.902264194067733
  0
VERTEX
  5
E15
100
AcDbEntity
  8
0
 62
     7
100
AcDbVertex
100
AcDb2dVertex
 10
6.1621050221748668
 20
28.900762832118602
  0
VERTEX
  5
E16
100
AcDbEntity
  8
0
 62
     7
100
AcDbVertex
100
AcDb2dVertex
 10
6.1704942282478221
 20
28.898671164482359
  0
VERTEX
  5
E17
100
AcDbEntity
  8
0
 62
     7
100
AcDbVertex
100
AcDb2dVertex
 10
6.1787170915206708
 20
28.895999394811941
  0
VERTEX
  5
E18
100
AcDbEntity
  8
0
 62
     7
100
AcDbVertex
100
AcDb2dVertex
 10
6.1867335486274619
 20
28.89276053239568
  0
VERTEX
  5
E19
100
AcDbEntity
  8
0
 62
     7
100
AcDbVertex
100
AcDb2dVertex
 10
6.1945045495534465
 20
28.888970362624299
  0
VERTEX
  5
E1A
100
AcDbEntity
  8
0
 62
     7
100
AcDbVertex
100
AcDb2dVertex
 10
6.2019922292956586
 20
28.884647351008645
  0
VERTEX
  5
E1B
100
AcDbEntity
  8
0
 62
     7
100
AcDbVertex
100
AcDb2dVertex
 10
6.2091601109023564
 20
28.879812554580688
  0
VERTEX
  5
E1C
100
AcDbEntity
  8
0
 62
     7
100
AcDbVertex
100
AcDb2dVertex
 10
6.2159732789793516
 20
28.87448952591124
  0
VERTEX
  5
E1D
100
AcDbEntity
  8
0
 62
     7
100
AcDbVertex
100
AcDb2dVertex
 10
6.2223985310467391
 20
28.868704202361204
  0
VERTEX
  5
E1E
100
AcDbEntity
  8
0
 62
     7
100
AcDbVertex
100
AcDb2dVertex
 10
6.2284045621200939
 20
28.862484773183049
  0
VERTEX
  5
E1F
100
AcDbEntity
  8
0
 62
     7
100
AcDbVertex
100
AcDb2dVertex
 10
6.2339621271420675
 20
28.855861531855791
  0
VERTEX
  5
E20
100
AcDbEntity
  8
0
 62
     7
100
AcDbVertex
100
AcDb2dVertex
 10
6.2390441295813268
 20
28.84886674318647
  0
VERTEX
  5
E21
100
AcDbEntity
  8
0
 62
     7
100
AcDbVertex
100
AcDb2dVertex
 10
6.2436258281636547
 20
28.841534495645135
  0
VERTEX
  5
E22
100
AcDbEntity
  8
0
 62
     7
100
AcDbVertex
100
AcDb2dVertex
 10
6.2476848959378906
 20
28.833900505708694
  0
VERTEX
  5
E23
100
AcDbEntity
  8
0
 62
     7
100
AcDbVertex
100
AcDb2dVertex
 10
6.2512015531745142
 20
28.826001962812629
  0
VERTEX
  5
E24
100
AcDbEntity
  8
0
 62
     7
100
AcDbVertex
100
AcDb2dVertex
 10
6.2541586707311119
 20
28.817877355844612
  0
VERTEX
  5
E25
100
AcDbEntity
  8
0
 62
     7
100
AcDbVertex
100
AcDb2dVertex
 10
6.2565418365016434
 20
28.809566259030216
  0
VERTEX
  5
E26
100
AcDbEntity
  8
0
 62
     7
100
AcDbVertex
100
AcDb2dVertex
 10
6.2583394440154869
 20
28.801109165809763
  0
VERTEX
  5
E27
100
AcDbEntity
  8
0
 62
     7
100
AcDbVertex
100
AcDb2dVertex
 10
6.2595427441201501
 20
28.792547279338585
  0
VERTEX
  5
E28
100
AcDbEntity
  8
0
 62
     7
100
AcDbVertex
100
AcDb2dVertex
 10
6.2601458597478192
 20
28.783922311293431
  0
VERTEX
  5
E29
100
AcDbEntity
  8
0
 62
     7
100
AcDbVertex
100
AcDb2dVertex
 10
6.2601458597478192
 20
28.77527628252469
  0
VERTEX
  5
E2A
100
AcDbEntity
  8
0
 62
     7
100
AcDbVertex
100
AcDb2dVertex
 10
6.2595427441201501
 20
28.766651314479539
  0
VERTEX
  5
E2B
100
AcDbEntity
  8
0
 62
     7
100
AcDbVertex
100
AcDb2dVertex
 10
6.2583394440154869
 20
28.758089428008361
  0
VERTEX
  5
E2C
100
AcDbEntity
  8
0
 62
     7
100
AcDbVertex
100
AcDb2dVertex
 10
6.2565418365016434
 20
28.749632334787908
  0
VERTEX
  5
E2D
100
AcDbEntity
  8
0
 62
     7
100
AcDbVertex
100
AcDb2dVertex
 10
6.2541586707311119
 20
28.741321237973509
  0
VERTEX
  5
E2E
100
AcDbEntity
  8
0
 62
     7
100
AcDbVertex
100
AcDb2dVertex
 10
6.2512015531745142
 20
28.733196631005491
  0
VERTEX
  5
E2F
100
AcDbEntity
  8
0
 62
     7
100
AcDbVertex
100
AcDb2dVertex
 10
6.2476848959378906
 20
28.72529808810943
  0
VERTEX
  5
E30
100
AcDbEntity
  8
0
 62
     7
100
AcDbVertex
100
AcDb2dVertex
 10
6.2436258281636547
 20
28.717664098172985
  0
VERTEX
  5
E31
100
AcDbEntity
  8
0
 62
     7
100
AcDbVertex
100
AcDb2dVertex
 10
6.2390441295813268
 20
28.710331850631654
  0
VERTEX
  5
E32
100
AcDbEntity
  8
0
 62
     7
100
AcDbVertex
100
AcDb2dVertex
 10
6.2339621271420675
 20
28.703337061962333
  0
VERTEX
  5
E33
100
AcDbEntity
  8
0
 62
     7
100
AcDbVertex
100
AcDb2dVertex
 10
6.2284045621200939
 20
28.696713820635075
  0
VERTEX
  5
E34
100
AcDbEntity
  8
0
 62
     7
100
AcDbVertex
100
AcDb2dVertex
 10
6.2223985310467391
 20
28.690494391456919
  0
VERTEX
  5
E35
100
AcDbEntity
  8
0
 62
     7
100
AcDbVertex
100
AcDb2dVertex
 10
6.2159732789793516
 20
28.684709067906883
  0
VERTEX
  5
E36
100
AcDbEntity
  8
0
 62
     7
100
AcDbVertex
100
AcDb2dVertex
 10
6.2091601109023564
 20
28.679386039237436
  0
VERTEX
  5
E37
100
AcDbEntity
  8
0
 62
     7
100
AcDbVertex
100
AcDb2dVertex
 10
6.2019922292956586
 20
28.674551242809475
  0
VERTEX
  5
E38
100
AcDbEntity
  8
0
 62
     7
100
AcDbVertex
100
AcDb2dVertex
 10
6.1945045495534465
 20
28.670228231193825
  0
VERTEX
  5
E39
100
AcDbEntity
  8
0
 62
     7
100
AcDbVertex
100
AcDb2dVertex
 10
6.1867335486274619
 20
28.666438061422443
  0
VERTEX
  5
E3A
100
AcDbEntity
  8
0
 62
     7
100
AcDbVertex
100
AcDb2dVertex
 10
6.1787170915206708
 20
28.663199199006183
  0
VERTEX
  5
E3B
100
AcDbEntity
  8
0
 62
     7
100
AcDbVertex
100
AcDb2dVertex
 10
6.1704942282478221
 20
28.660527429335765
  0
VERTEX
  5
E3C
100
AcDbEntity
  8
0
 62
     7
100
AcDbVertex
100
AcDb2dVertex
 10
6.1621050221748668
 20
28.658435761699522
  0
VERTEX
  5
E3D
100
AcDbEntity
  8
0
 62
     7
100
AcDbVertex
100
AcDb2dVertex
 10
6.1535903469795521
 20
28.656934399750391
  0
VERTEX
  5
E3E
100
AcDbEntity
  8
0
 62
     7
100
AcDbVertex
100
AcDb2dVertex
 10
6.136350919101293
 20
28.655728899436912
  0
SEQEND
  5
E3F
100
AcDbEntity
  8
0
  0
POLYLINE
  5
E40
100
AcDbEntity
  8
0
 62
     7
100
AcDb2dPolyline
 66
     1
 10
0.0
 20
0.0
 30
0.0
  0
VERTEX
  5
E41
100
AcDbEntity
  8
0
 62
     7
100
AcDbVertex
100
AcDb2dVertex
 10
6.136350919101293
 20
28.965404893117285
  0
VERTEX
  5
E42
100
AcDbEntity
  8
0
 62
     7
100
AcDbVertex
100
AcDb2dVertex
 10
6.5541598239957715
 20
28.965404893117285
  0
SEQEND
  5
E43
100
AcDbEntity
  8
0
  0
POLYLINE
  5
E44
100
AcDbEntity
  8
0
 62
     7
100
AcDb2dPolyline
 66
     1
 10
0.0
 20
0.0
 30
0.0
  0
VERTEX
  5
E45
100
AcDbEntity
  8
0
 62
     7
100
AcDbVertex
100
AcDb2dVertex
 10
6.136350919101293
 20
28.569019621206408
  0
VERTEX
  5
E46
100
AcDbEntity
  8
0
 62
     7
100
AcDbVertex
100
AcDb2dVertex
 10
5.6457741014710017
 20
28.569019621206408
  0
SEQEND
  5
E47
100
AcDbEntity
  8
0
  0
POLYLINE
  5
E48
100
AcDbEntity
  8
0
 62
     7
100
AcDb2dPolyline
 66
     1
 10
0.0
 20
0.0
 30
0.0
  0
VERTEX
  5
E49
100
AcDbEntity
  8
0
 62
     7
100
AcDbVertex
100
AcDb2dVertex
 10
6.957245988928296
 20
28.965404893117285
  0
VERTEX
  5
E4A
100
AcDbEntity
  8
0
 62
     7
100
AcDbVertex
100
AcDb2dVertex
 10
6.8717573295944838
 20
28.736295444656772
  0
SEQEND
  5
E4B
100
AcDbEntity
  8
0
  0
POLYLINE
  5
E4C
100
AcDbEntity
  8
0
 62
     7
100
AcDb2dPolyline
 66
     1
 10
0.0
 20
0.0
 30
0.0
  0
VERTEX
  5
E4D
100
AcDbEntity
  8
0
 62
     7
100
AcDbVertex
100
AcDb2dVertex
 10
6.8717574017670024
 20
28.82290321604297
  0
VERTEX
  5
E4E
100
AcDbEntity
  8
0
 62
     7
100
AcDbVertex
100
AcDb2dVertex
 10
6.8744954287322493
 20
28.814702177660195
  0
VERTEX
  5
E4F
100
AcDbEntity
  8
0
 62
     7
100
AcDbVertex
100
AcDb2dVertex
 10
6.8766547047982591
 20
28.806330121033589
  0
VERTEX
  5
E50
100
AcDbEntity
  8
0
 62
     7
100
AcDbVertex
100
AcDb2dVertex
 10
6.8782247235988088
 20
28.797827834933521
  0
VERTEX
  5
E51
100
AcDbEntity
  8
0
 62
     7
100
AcDbVertex
100
AcDb2dVertex
 10
6.8791978287025692
 20
28.789236741244139
  0
VERTEX
  5
E52
100
AcDbEntity
  8
0
 62
     7
100
AcDbVertex
100
AcDb2dVertex
 10
6.8795692726791167
 20
28.780598694692674
  0
VERTEX
  5
E53
100
AcDbEntity
  8
0
 62
     7
100
AcDbVertex
100
AcDb2dVertex
 10
6.8793372540151942
 20
28.771955779348605
  0
VERTEX
  5
E54
100
AcDbEntity
  8
0
 62
     7
100
AcDbVertex
100
AcDb2dVertex
 10
6.8785029023482274
 20
28.763350103276967
  0
VERTEX
  5
E55
100
AcDbEntity
  8
0
 62
     7
100
AcDbVertex
100
AcDb2dVertex
 10
6.8770702784662738
 20
28.754823589038615
  0
VERTEX
  5
E56
100
AcDbEntity
  8
0
 62
     7
100
AcDbVertex
100
AcDb2dVertex
 10
6.8750463743080665
 20
28.746417781725693
  0
VERTEX
  5
E57
100
AcDbEntity
  8
0
 62
     7
100
AcDbVertex
100
AcDb2dVertex
 10
6.872441031747254
 20
28.738173632540096
  0
VERTEX
  5
E58
100
AcDbEntity
  8
0
 62
     7
100
AcDbVertex
100
AcDb2dVertex
 10
6.8692669573588638
 20
28.730131300830038
  0
VERTEX
  5
E59
100
AcDbEntity
  8
0
 62
     7
100
AcDbVertex
100
AcDb2dVertex
 10
6.8655396042873242
 20
28.722329976892038
  0
VERTEX
  5
E5A
100
AcDbEntity
  8
0
 62
     7
100
AcDbVertex
100
AcDb2dVertex
 10
6.8612771427134511
 20
28.714807658627567
  0
VERTEX
  5
E5B
100
AcDbEntity
  8
0
 62
     7
100
AcDbVertex
100
AcDb2dVertex
 10
6.856500334339156
 20
28.707601000186418
  0
VERTEX
  5
E5C
100
AcDbEntity
  8
0
 62
     7
100
AcDbVertex
100
AcDb2dVertex
 10
6.8512324511717217
 20
28.700745112618904
  0
VERTEX
  5
E5D
100
AcDbEntity
  8
0
 62
     7
100
AcDbVertex
100
AcDb2dVertex
 10
6.8454991500085107
 20
28.694273397752728
  0
VERTEX
  5
E5E
100
AcDbEntity
  8
0
 62
     7
100
AcDbVertex
100
AcDb2dVertex
 10
6.8393283838379553
 20
28.68821737468658
  0
VERTEX
  5
E5F
100
AcDbEntity
  8
0
 62
     7
100
AcDbVertex
100
AcDb2dVertex
 10
6.8327501951085416
 20
28.682606561658112
  0
VERTEX
  5
E60
100
AcDbEntity
  8
0
 62
     7
100
AcDbVertex
100
AcDb2dVertex
 10
6.8257966345130221
 20
28.677468284079428
  0
VERTEX
  5
E61
100
AcDbEntity
  8
0
 62
     7
100
AcDbVertex
100
AcDb2dVertex
 10
6.8185015911736819
 20
28.672827578554795
  0
VERTEX
  5
E62
100
AcDbEntity
  8
0
 62
     7
100
AcDbVertex
100
AcDb2dVertex
 10
6.8109006006777584
 20
28.668707052598901
  0
VERTEX
  5
E63
100
AcDbEntity
  8
0
 62
     7
100
AcDbVertex
100
AcDb2dVertex
 10
6.8030306900292281
 20
28.665126781271322
  0
VERTEX
  5
E64
100
AcDbEntity
  8
0
 62
     7
100
AcDbVertex
100
AcDb2dVertex
 10
6.7949302004507324
 20
28.662104211194265
  0
VERTEX
  5
E65
100
AcDbEntity
  8
0
 62
     7
100
AcDbVertex
100
AcDb2dVertex
 10
6.7866386046481431
 20
28.659654064570301
  0
VERTEX
  5
E66
100
AcDbEntity
  8
0
 62
     7
100
AcDbVertex
100
AcDb2dVertex
 10
6.7781962890046437
 20
28.65778828011636
  0
VERTEX
  5
E67
100
AcDbEntity
  8
0
 62
     7
100
AcDbVertex
100
AcDb2dVertex
 10
6.7696443902263077
 20
28.656515946614473
  0
VERTEX
  5
E68
100
AcDbEntity
  8
0
 62
     7
100
AcDbVertex
100
AcDb2dVertex
 10
6.7610245692300417
 20
28.655843265995514
  0
VERTEX
  5
E69
100
AcDbEntity
  8
0
 62
     7
100
AcDbVertex
100
AcDb2dVertex
 10
6.7523788217170129
 20
28.655773509039694
  0
VERTEX
  5
E6A
100
AcDbEntity
  8
0
 62
     7
100
AcDbVertex
100
AcDb2dVertex
 10
6.7437492689036951
 20
28.656307015376559
  0
VERTEX
  5
E6B
100
AcDbEntity
  8
0
 62
     7
100
AcDbVertex
100
AcDb2dVertex
 10
6.7351779521751247
 20
28.657441193484992
  0
VERTEX
  5
E6C
100
AcDbEntity
  8
0
 62
     7
100
AcDbVertex
100
AcDb2dVertex
 10
6.7267066314299235
 20
28.65917051330997
  0
VERTEX
  5
E6D
100
AcDbEntity
  8
0
 62
     7
100
AcDbVertex
100
AcDb2dVertex
 10
6.7183765781184768
 20
28.661486550562053
  0
VERTEX
  5
E6E
100
AcDbEntity
  8
0
 62
     7
100
AcDbVertex
100
AcDb2dVertex
 10
6.7102283742801383
 20
28.664378023633653
  0
VERTEX
  5
E6F
100
AcDbEntity
  8
0
 62
     7
100
AcDbVertex
100
AcDb2dVertex
 10
6.7023017196557397
 20
28.667830837898538
  0
VERTEX
  5
E70
100
AcDbEntity
  8
0
 62
     7
100
AcDbVertex
100
AcDb2dVertex
 10
6.6946352286482274
 20
28.671828181694089
  0
VERTEX
  5
E71
100
AcDbEntity
  8
0
 62
     7
100
AcDbVertex
100
AcDb2dVertex
 10
6.6872662531245943
 20
28.676350570620809
  0
VERTEX
  5
E72
100
AcDbEntity
  8
0
 62
     7
100
AcDbVertex
100
AcDb2dVertex
 10
6.6802306941430381
 20
28.681375980440855
  0
VERTEX
  5
E73
100
AcDbEntity
  8
0
 62
     7
100
AcDbVertex
100
AcDb2dVertex
 10
6.673562843212995
 20
28.686879906144021
  0
VERTEX
  5
E74
100
AcDbEntity
  8
0
 62
     7
100
AcDbVertex
100
AcDb2dVertex
 10
6.6672951497227935
 20
28.692835568678792
  0
VERTEX
  5
E75
100
AcDbEntity
  8
0
 62
     7
100
AcDbVertex
100
AcDb2dVertex
 10
6.661458172948489
 20
28.699213937102073
  0
VERTEX
  5
E76
100
AcDbEntity
  8
0
 62
     7
100
AcDbVertex
100
AcDb2dVertex
 10
6.6560803531730706
 20
28.705983927926994
  0
VERTEX
  5
E77
100
AcDbEntity
  8
0
 62
     7
100
AcDbVertex
100
AcDb2dVertex
 10
6.6511878787879972
 20
28.713112574937661
  0
VERTEX
  5
E78
100
AcDbEntity
  8
0
 62
     7
100
AcDbVertex
100
AcDb2dVertex
 10
6.6468045903108539
 20
28.720565128863058
  0
VERTEX
  5
E79
100
AcDbEntity
  8
0
 62
     7
100
AcDbVertex
100
AcDb2dVertex
 10
6.6396484185403146
 20
28.736295363008647
  0
SEQEND
  5
E7A
100
AcDbEntity
  8
0
  0
POLYLINE
  5
E7B
100
AcDbEntity
  8
0
 62
     7
100
AcDb2dPolyline
 66
     1
 10
0.0
 20
0.0
 30
0.0
  0
VERTEX
  5
E7C
100
AcDbEntity
  8
0
 62
     7
100
AcDbVertex
100
AcDb2dVertex
 10
6.2602213165734391
 20
28.779599296909062
  0
VERTEX
  5
E7D
100
AcDbEntity
  8
0
 62
     7
100
AcDbVertex
100
AcDb2dVertex
 10
6.2602213165734391
 20
28.965404893117285
  0
SEQEND
  5
E7E
100
AcDbEntity
  8
0
  0
POLYLINE
  5
E7F
100
AcDbEntity
  8
0
 62
     7
100
AcDb2dPolyline
 66
     1
 10
0.0
 20
0.0
 30
0.0
  0
VERTEX
  5
E80
100
AcDbEntity
  8
0
 62
     7
100
AcDbVertex
100
AcDb2dVertex
 10
6.2524054144062582
 20
30.482766542169756
  0
VERTEX
  5
E81
100
AcDbEntity
  8
0
 62
     7
100
AcDbVertex
100
AcDb2dVertex
 10
6.2491019854596566
 20
30.490756607845707
  0
VERTEX
  5
E82
100
AcDbEntity
  8
0
 62
     7
100
AcDbVertex
100
AcDb2dVertex
 10
6.2452492426357189
 20
30.498496776315346
  0
VERTEX
  5
E83
100
AcDbEntity
  8
0
 62
     7
100
AcDbVertex
100
AcDb2dVertex
 10
6.2408659541585827
 20
30.505949330240743
  0
VERTEX
  5
E84
100
AcDbEntity
  8
0
 62
     7
100
AcDbVertex
100
AcDb2dVertex
 10
6.2359734797735022
 20
30.51307797725141
  0
VERTEX
  5
E85
100
AcDbEntity
  8
0
 62
     7
100
AcDbVertex
100
AcDb2dVertex
 10
6.230595659998091
 20
30.519847968076331
  0
VERTEX
  5
E86
100
AcDbEntity
  8
0
 62
     7
100
AcDbVertex
100
AcDb2dVertex
 10
6.2247586832237793
 20
30.526226336499615
  0
VERTEX
  5
E87
100
AcDbEntity
  8
0
 62
     7
100
AcDbVertex
100
AcDb2dVertex
 10
6.2184909971168345
 20
30.532181999034382
  0
VERTEX
  5
E88
100
AcDbEntity
  8
0
 62
     7
100
AcDbVertex
100
AcDb2dVertex
 10
6.2118231314202923
 20
30.537685939504051
  0
VERTEX
  5
E89
100
AcDbEntity
  8
0
 62
     7
100
AcDbVertex
100
AcDb2dVertex
 10
6.2047875724387289
 20
30.542711349324097
  0
VERTEX
  5
E8A
100
AcDbEntity
  8
0
 62
     7
100
AcDbVertex
100
AcDb2dVertex
 10
6.1974185969150959
 20
30.547233738250821
  0
VERTEX
  5
E8B
100
AcDbEntity
  8
0
 62
     7
100
AcDbVertex
100
AcDb2dVertex
 10
6.1897521059075835
 20
30.551231082046371
  0
VERTEX
  5
E8C
100
AcDbEntity
  8
0
 62
     7
100
AcDbVertex
100
AcDb2dVertex
 10
6.1818254512831849
 20
30.554683896311253
  0
VERTEX
  5
E8D
100
AcDbEntity
  8
0
 62
     7
100
AcDbVertex
100
AcDb2dVertex
 10
6.1736772474448465
 20
30.557575369382853
  0
VERTEX
  5
E8E
100
AcDbEntity
  8
0
 62
     7
100
AcDbVertex
100
AcDb2dVertex
 10
6.1653471941334068
 20
30.559891406634939
  0
VERTEX
  5
E8F
100
AcDbEntity
  8
0
 62
     7
100
AcDbVertex
100
AcDb2dVertex
 10
6.1568758733881985
 20
30.561620726459914
  0
VERTEX
  5
E90
100
AcDbEntity
  8
0
 62
     7
100
AcDbVertex
100
AcDb2dVertex
 10
6.1483045566596282
 20
30.562754904568351
  0
VERTEX
  5
E91
100
AcDbEntity
  8
0
 62
     7
100
AcDbVertex
100
AcDb2dVertex
 10
6.1396750038463104
 20
30.563288410905212
  0
VERTEX
  5
E92
100
AcDbEntity
  8
0
 62
     7
100
AcDbVertex
100
AcDb2dVertex
 10
6.136350919101293
 20
30.563333020507994
  0
SEQEND
  5
E93
100
AcDbEntity
  8
0
  0
POLYLINE
  5
E94
100
AcDbEntity
  8
0
 62
     7
100
AcDb2dPolyline
 66
     1
 10
0.0
 20
0.0
 30
0.0
  0
VERTEX
  5
E95
100
AcDbEntity
  8
0
 62
     7
100
AcDbVertex
100
AcDb2dVertex
 10
6.136350919101293
 20
30.650042298738502
  0
VERTEX
  5
E96
100
AcDbEntity
  8
0
 62
     7
100
AcDbVertex
100
AcDb2dVertex
 10
5.5376942067870125
 20
30.650042298738502
  0
SEQEND
  5
E97
100
AcDbEntity
  8
0
  0
POLYLINE
  5
E98
100
AcDbEntity
  8
0
  6
2
 62
     6
100
AcDb2dPolyline
 66
     1
 10
0.0
 20
0.0
 30
0.0
  0
VERTEX
  5
E99
100
AcDbEntity
  8
0
  6
2
 62
     6
100
AcDbVertex
100
AcDb2dVertex
 10
4.6746802289299403
 20
31.182685007868738
  0
VERTEX
  5
E9A
100
AcDbEntity
  8
0
  6
2
 62
     6
100
AcDbVertex
100
AcDb2dVertex
 10
0.89663310602941593
 20
31.182685007868738
  0
SEQEND
  5
E9B
100
AcDbEntity
  8
0
  6
2
  0
POLYLINE
  5
E9C
100
AcDbEntity
  8
0
 62
     7
100
AcDb2dPolyline
 66
     1
 10
0.0
 20
0.0
 30
0.0
  0
VERTEX
  5
E9D
100
AcDbEntity
  8
0
 62
     7
100
AcDbVertex
100
AcDb2dVertex
 10
5.4179026137628306
 20
33.139837287928678
  0
VERTEX
  5
E9E
100
AcDbEntity
  8
0
 62
     7
100
AcDbVertex
100
AcDb2dVertex
 10
4.6746802289299403
 20
32.713723120624486
  0
SEQEND
  5
E9F
100
AcDbEntity
  8
0
  0
POLYLINE
  5
EA0
100
AcDbEntity
  8
0
 62
     7
100
AcDb2dPolyline
 66
     1
 10
0.0
 20
0.0
 30
0.0
  0
VERTEX
  5
EA1
100
AcDbEntity
  8
0
 62
     7
100
AcDbVertex
100
AcDb2dVertex
 10
15.008821824617943
 20
30.253657026827625
  0
VERTEX
  5
EA2
100
AcDbEntity
  8
0
 62
     7
100
AcDbVertex
100
AcDb2dVertex
 10
17.879264599460949
 20
30.253657026827625
  0
SEQEND
  5
EA3
100
AcDbEntity
  8
0
  0
POLYLINE
  5
EA4
100
AcDbEntity
  8
0
 62
     7
100
AcDb2dPolyline
 66
     1
 10
0.0
 20
0.0
 30
0.0
  0
VERTEX
  5
EA5
100
AcDbEntity
  8
0
 62
     7
100
AcDbVertex
100
AcDb2dVertex
 10
14.250809066586083
 20
28.965404893117285
  0
VERTEX
  5
EA6
100
AcDbEntity
  8
0
 62
     7
100
AcDbVertex
100
AcDb2dVertex
 10
17.879264599460949
 20
28.965404893117285
  0
SEQEND
  5
EA7
100
AcDbEntity
  8
0
  0
POLYLINE
  5
EA8
100
AcDbEntity
  8
0
 62
     7
100
AcDb2dPolyline
 66
     1
 10
0.0
 20
0.0
 30
0.0
  0
VERTEX
  5
EA9
100
AcDbEntity
  8
0
 62
     7
100
AcDbVertex
100
AcDb2dVertex
 10
11.292709900453492
 20
30.253657026827625
  0
VERTEX
  5
EAA
100
AcDbEntity
  8
0
 62
     7
100
AcDbVertex
100
AcDb2dVertex
 10
12.266988480913557
 20
30.253657026827625
  0
SEQEND
  5
EAB
100
AcDbEntity
  8
0
  0
POLYLINE
  5
EAC
100
AcDbEntity
  8
0
 62
     7
100
AcDb2dPolyline
 66
     1
 10
0.0
 20
0.0
 30
0.0
  0
VERTEX
  5
EAD
100
AcDbEntity
  8
0
 62
     7
100
AcDbVertex
100
AcDb2dVertex
 10
10.975112394854772
 20
30.396158770783561
  0
VERTEX
  5
EAE
100
AcDbEntity
  8
0
 62
     7
100
AcDbVertex
100
AcDb2dVertex
 10
11.594464382215509
 20
28.736295444656772
  0
SEQEND
  5
EAF
100
AcDbEntity
  8
0
  0
POLYLINE
  5
EB0
100
AcDbEntity
  8
0
 62
     7
100
AcDb2dPolyline
 66
     1
 10
0.0
 20
0.0
 30
0.0
  0
VERTEX
  5
EB1
100
AcDbEntity
  8
0
 62
     7
100
AcDbVertex
100
AcDb2dVertex
 10
11.207221241119672
 20
30.482766475288134
  0
VERTEX
  5
EB2
100
AcDbEntity
  8
0
 62
     7
100
AcDbVertex
100
AcDb2dVertex
 10
11.826573228480417
 20
28.822903149161348
  0
SEQEND
  5
EB3
100
AcDbEntity
  8
0
  0
POLYLINE
  5
EB4
100
AcDbEntity
  8
0
 62
     7
100
AcDb2dPolyline
 66
     1
 10
0.0
 20
0.0
 30
0.0
  0
VERTEX
  5
EB5
100
AcDbEntity
  8
0
 62
     7
100
AcDbVertex
100
AcDb2dVertex
 10
10.534697142421624
 20
28.965404893117285
  0
VERTEX
  5
EB6
100
AcDbEntity
  8
0
 62
     7
100
AcDbVertex
100
AcDb2dVertex
 10
11.508975722881704
 20
28.965404893117285
  0
SEQEND
  5
EB7
100
AcDbEntity
  8
0
  0
POLYLINE
  5
EB8
100
AcDbEntity
  8
0
 62
     7
100
AcDb2dPolyline
 66
     1
 10
0.0
 20
0.0
 30
0.0
  0
VERTEX
  5
EB9
100
AcDbEntity
  8
0
 62
     7
100
AcDbVertex
100
AcDb2dVertex
 10
9.3491653512099724
 20
28.82290321604297
  0
VERTEX
  5
EBA
100
AcDbEntity
  8
0
 62
     7
100
AcDbVertex
100
AcDb2dVertex
 10
9.3519033781752192
 20
28.814702177660195
  0
VERTEX
  5
EBB
100
AcDbEntity
  8
0
 62
     7
100
AcDbVertex
100
AcDb2dVertex
 10
9.3540626542412291
 20
28.806330121033589
  0
VERTEX
  5
EBC
100
AcDbEntity
  8
0
 62
     7
100
AcDbVertex
100
AcDb2dVertex
 10
9.3556326730417787
 20
28.797827834933521
  0
VERTEX
  5
EBD
100
AcDbEntity
  8
0
 62
     7
100
AcDbVertex
100
AcDb2dVertex
 10
9.3566057781455321
 20
28.789236741244139
  0
VERTEX
  5
EBE
100
AcDbEntity
  8
0
 62
     7
100
AcDbVertex
100
AcDb2dVertex
 10
9.3569772221220795
 20
28.780598694692674
  0
VERTEX
  5
EBF
100
AcDbEntity
  8
0
 62
     7
100
AcDbVertex
100
AcDb2dVertex
 10
9.3567452034581642
 20
28.771955779348605
  0
VERTEX
  5
EC0
100
AcDbEntity
  8
0
 62
     7
100
AcDbVertex
100
AcDb2dVertex
 10
9.3559108517911902
 20
28.763350103276967
  0
VERTEX
  5
EC1
100
AcDbEntity
  8
0
 62
     7
100
AcDbVertex
100
AcDb2dVertex
 10
9.3544782279092367
 20
28.754823589038615
  0
VERTEX
  5
EC2
100
AcDbEntity
  8
0
 62
     7
100
AcDbVertex
100
AcDb2dVertex
 10
9.3524543237510365
 20
28.746417781725693
  0
VERTEX
  5
EC3
100
AcDbEntity
  8
0
 62
     7
100
AcDbVertex
100
AcDb2dVertex
 10
9.3498489811902239
 20
28.738173632540096
  0
VERTEX
  5
EC4
100
AcDbEntity
  8
0
 62
     7
100
AcDbVertex
100
AcDb2dVertex
 10
9.3466749068018338
 20
28.730131300830038
  0
VERTEX
  5
EC5
100
AcDbEntity
  8
0
 62
     7
100
AcDbVertex
100
AcDb2dVertex
 10
9.3429475537302942
 20
28.722329976892038
  0
VERTEX
  5
EC6
100
AcDbEntity
  8
0
 62
     7
100
AcDbVertex
100
AcDb2dVertex
 10
9.3386850921564211
 20
28.714807658627567
  0
VERTEX
  5
EC7
100
AcDbEntity
  8
0
 62
     7
100
AcDbVertex
100
AcDb2dVertex
 10
9.3339082837821259
 20
28.707601000186418
  0
VERTEX
  5
EC8
100
AcDbEntity
  8
0
 62
     7
100
AcDbVertex
100
AcDb2dVertex
 10
9.3286404006146917
 20
28.700745112618904
  0
VERTEX
  5
EC9
100
AcDbEntity
  8
0
 62
     7
100
AcDbVertex
100
AcDb2dVertex
 10
9.3229070994514807
 20
28.694273397752728
  0
VERTEX
  5
ECA
100
AcDbEntity
  8
0
 62
     7
100
AcDbVertex
100
AcDb2dVertex
 10
9.3167363332809252
 20
28.68821737468658
  0
VERTEX
  5
ECB
100
AcDbEntity
  8
0
 62
     7
100
AcDbVertex
100
AcDb2dVertex
 10
9.3101581445515116
 20
28.682606561658112
  0
VERTEX
  5
ECC
100
AcDbEntity
  8
0
 62
     7
100
AcDbVertex
100
AcDb2dVertex
 10
9.303204583955992
 20
28.677468284079428
  0
VERTEX
  5
ECD
100
AcDbEntity
  8
0
 62
     7
100
AcDbVertex
100
AcDb2dVertex
 10
9.2959095406166448
 20
28.672827578554795
  0
VERTEX
  5
ECE
100
AcDbEntity
  8
0
 62
     7
100
AcDbVertex
100
AcDb2dVertex
 10
9.2883085501207283
 20
28.668707052598901
  0
VERTEX
  5
ECF
100
AcDbEntity
  8
0
 62
     7
100
AcDbVertex
100
AcDb2dVertex
 10
9.280438639472198
 20
28.665126781271322
  0
VERTEX
  5
ED0
100
AcDbEntity
  8
0
 62
     7
100
AcDbVertex
100
AcDb2dVertex
 10
9.2723381498936952
 20
28.662104211194265
  0
VERTEX
  5
ED1
100
AcDbEntity
  8
0
 62
     7
100
AcDbVertex
100
AcDb2dVertex
 10
9.2640465540911059
 20
28.659654064570301
  0
VERTEX
  5
ED2
100
AcDbEntity
  8
0
 62
     7
100
AcDbVertex
100
AcDb2dVertex
 10
9.2556042384476136
 20
28.65778828011636
  0
VERTEX
  5
ED3
100
AcDbEntity
  8
0
 62
     7
100
AcDbVertex
100
AcDb2dVertex
 10
9.2470523396692776
 20
28.656515946614473
  0
VERTEX
  5
ED4
100
AcDbEntity
  8
0
 62
     7
100
AcDbVertex
100
AcDb2dVertex
 10
9.2384325186730045
 20
28.655843265995514
  0
VERTEX
  5
ED5
100
AcDbEntity
  8
0
 62
     7
100
AcDbVertex
100
AcDb2dVertex
 10
9.2297867711599828
 20
28.655773509039694
  0
VERTEX
  5
ED6
100
AcDbEntity
  8
0
 62
     7
100
AcDbVertex
100
AcDb2dVertex
 10
9.221157218346665
 20
28.656307015376559
  0
VERTEX
  5
ED7
100
AcDbEntity
  8
0
 62
     7
100
AcDbVertex
100
AcDb2dVertex
 10
9.2125859016180947
 20
28.657441193484992
  0
VERTEX
  5
ED8
100
AcDbEntity
  8
0
 62
     7
100
AcDbVertex
100
AcDb2dVertex
 10
9.2041145808728864
 20
28.65917051330997
  0
VERTEX
  5
ED9
100
AcDbEntity
  8
0
 62
     7
100
AcDbVertex
100
AcDb2dVertex
 10
9.1957845275614467
 20
28.661486550562053
  0
VERTEX
  5
EDA
100
AcDbEntity
  8
0
 62
     7
100
AcDbVertex
100
AcDb2dVertex
 10
9.1876363237231082
 20
28.664378023633653
  0
VERTEX
  5
EDB
100
AcDbEntity
  8
0
 62
     7
100
AcDbVertex
100
AcDb2dVertex
 10
9.1797096690987097
 20
28.667830837898538
  0
VERTEX
  5
EDC
100
AcDbEntity
  8
0
 62
     7
100
AcDbVertex
100
AcDb2dVertex
 10
9.1720431780911902
 20
28.671828181694089
  0
VERTEX
  5
EDD
100
AcDbEntity
  8
0
 62
     7
100
AcDbVertex
100
AcDb2dVertex
 10
9.1646742025675643
 20
28.676350570620809
  0
VERTEX
  5
EDE
100
AcDbEntity
  8
0
 62
     7
100
AcDbVertex
100
AcDb2dVertex
 10
9.1576386435860009
 20
28.681375980440855
  0
VERTEX
  5
EDF
100
AcDbEntity
  8
0
 62
     7
100
AcDbVertex
100
AcDb2dVertex
 10
9.1509707926559649
 20
28.686879906144021
  0
VERTEX
  5
EE0
100
AcDbEntity
  8
0
 62
     7
100
AcDbVertex
100
AcDb2dVertex
 10
9.1447030991657634
 20
28.692835568678792
  0
VERTEX
  5
EE1
100
AcDbEntity
  8
0
 62
     7
100
AcDbVertex
100
AcDb2dVertex
 10
9.1388661223914518
 20
28.699213937102073
  0
VERTEX
  5
EE2
100
AcDbEntity
  8
0
 62
     7
100
AcDbVertex
100
AcDb2dVertex
 10
9.1334883026160405
 20
28.705983927926994
  0
VERTEX
  5
EE3
100
AcDbEntity
  8
0
 62
     7
100
AcDbVertex
100
AcDb2dVertex
 10
9.1285958282309601
 20
28.713112574937661
  0
VERTEX
  5
EE4
100
AcDbEntity
  8
0
 62
     7
100
AcDbVertex
100
AcDb2dVertex
 10
9.1242125397538238
 20
28.720565128863058
  0
VERTEX
  5
EE5
100
AcDbEntity
  8
0
 62
     7
100
AcDbVertex
100
AcDb2dVertex
 10
9.1170563679832846
 20
28.736295363008647
  0
SEQEND
  5
EE6
100
AcDbEntity
  8
0
  0
POLYLINE
  5
EE7
100
AcDbEntity
  8
0
 62
     7
100
AcDb2dPolyline
 66
     1
 10
0.0
 20
0.0
 30
0.0
  0
VERTEX
  5
EE8
100
AcDbEntity
  8
0
 62
     7
100
AcDbVertex
100
AcDb2dVertex
 10
8.8153019510105217
 20
30.253657026827625
  0
VERTEX
  5
EE9
100
AcDbEntity
  8
0
 62
     7
100
AcDbVertex
100
AcDb2dVertex
 10
9.7895805314705946
 20
30.253657026827625
  0
SEQEND
  5
EEA
100
AcDbEntity
  8
0
  0
POLYLINE
  5
EEB
100
AcDbEntity
  8
0
 62
     7
100
AcDb2dPolyline
 66
     1
 10
0.0
 20
0.0
 30
0.0
  0
VERTEX
  5
EEC
100
AcDbEntity
  8
0
 62
     7
100
AcDbVertex
100
AcDb2dVertex
 10
8.7298132916767095
 20
30.482766475288134
  0
VERTEX
  5
EED
100
AcDbEntity
  8
0
 62
     7
100
AcDbVertex
100
AcDb2dVertex
 10
9.3491652790374467
 20
28.822903149161348
  0
SEQEND
  5
EEE
100
AcDbEntity
  8
0
  0
POLYLINE
  5
EEF
100
AcDbEntity
  8
0
 62
     7
100
AcDb2dPolyline
 66
     1
 10
0.0
 20
0.0
 30
0.0
  0
VERTEX
  5
EF0
100
AcDbEntity
  8
0
 62
     7
100
AcDbVertex
100
AcDb2dVertex
 10
7.491109316955221
 20
30.482766475288134
  0
VERTEX
  5
EF1
100
AcDbEntity
  8
0
 62
     7
100
AcDbVertex
100
AcDb2dVertex
 10
8.1104613043159652
 20
28.822903149161348
  0
SEQEND
  5
EF2
100
AcDbEntity
  8
0
  0
POLYLINE
  5
EF3
100
AcDbEntity
  8
0
 62
     7
100
AcDb2dPolyline
 66
     1
 10
0.0
 20
0.0
 30
0.0
  0
VERTEX
  5
EF4
100
AcDbEntity
  8
0
 62
     7
100
AcDbVertex
100
AcDb2dVertex
 10
8.4977044454118023
 20
30.396158770783561
  0
VERTEX
  5
EF5
100
AcDbEntity
  8
0
 62
     7
100
AcDbVertex
100
AcDb2dVertex
 10
9.1170564327725465
 20
28.736295444656772
  0
SEQEND
  5
EF6
100
AcDbEntity
  8
0
  0
POLYLINE
  5
EF7
100
AcDbEntity
  8
0
 62
     7
100
AcDb2dPolyline
 66
     1
 10
0.0
 20
0.0
 30
0.0
  0
VERTEX
  5
EF8
100
AcDbEntity
  8
0
 62
     7
100
AcDbVertex
100
AcDb2dVertex
 10
7.2590004706903208
 20
30.396158770783561
  0
VERTEX
  5
EF9
100
AcDbEntity
  8
0
 62
     7
100
AcDbVertex
100
AcDb2dVertex
 10
7.8783524580510651
 20
28.736295444656772
  0
SEQEND
  5
EFA
100
AcDbEntity
  8
0
  0
POLYLINE
  5
EFB
100
AcDbEntity
  8
0
 62
     7
100
AcDb2dPolyline
 66
     1
 10
0.0
 20
0.0
 30
0.0
  0
VERTEX
  5
EFC
100
AcDbEntity
  8
0
 62
     7
100
AcDbVertex
100
AcDb2dVertex
 10
8.0572891929786614
 20
28.965404893117285
  0
VERTEX
  5
EFD
100
AcDbEntity
  8
0
 62
     7
100
AcDbVertex
100
AcDb2dVertex
 10
9.0315677734387343
 20
28.965404893117285
  0
SEQEND
  5
EFE
100
AcDbEntity
  8
0
  0
POLYLINE
  5
EFF
100
AcDbEntity
  8
0
 62
     7
100
AcDb2dPolyline
 66
     1
 10
0.0
 20
0.0
 30
0.0
  0
VERTEX
  5
F00
100
AcDbEntity
  8
0
 62
     7
100
AcDbVertex
100
AcDb2dVertex
 10
8.1104613764884839
 20
28.82290321604297
  0
VERTEX
  5
F01
100
AcDbEntity
  8
0
 62
     7
100
AcDbVertex
100
AcDb2dVertex
 10
8.1131994034537307
 20
28.814702177660195
  0
VERTEX
  5
F02
100
AcDbEntity
  8
0
 62
     7
100
AcDbVertex
100
AcDb2dVertex
 10
8.1153586795197477
 20
28.806330121033589
  0
VERTEX
  5
F03
100
AcDbEntity
  8
0
 62
     7
100
AcDbVertex
100
AcDb2dVertex
 10
8.1169286983202902
 20
28.797827834933521
  0
VERTEX
  5
F04
100
AcDbEntity
  8
0
 62
     7
100
AcDbVertex
100
AcDb2dVertex
 10
8.1179018034240507
 20
28.789236741244139
  0
VERTEX
  5
F05
100
AcDbEntity
  8
0
 62
     7
100
AcDbVertex
100
AcDb2dVertex
 10
8.1182732474005981
 20
28.780598694692674
  0
VERTEX
  5
F06
100
AcDbEntity
  8
0
 62
     7
100
AcDbVertex
100
AcDb2dVertex
 10
8.1180412287366828
 20
28.771955779348605
  0
VERTEX
  5
F07
100
AcDbEntity
  8
0
 62
     7
100
AcDbVertex
100
AcDb2dVertex
 10
8.1172068770697088
 20
28.763350103276967
  0
VERTEX
  5
F08
100
AcDbEntity
  8
0
 62
     7
100
AcDbVertex
100
AcDb2dVertex
 10
8.1157742531877552
 20
28.754823589038615
  0
VERTEX
  5
F09
100
AcDbEntity
  8
0
 62
     7
100
AcDbVertex
100
AcDb2dVertex
 10
8.1137503490295551
 20
28.746417781725693
  0
VERTEX
  5
F0A
100
AcDbEntity
  8
0
 62
     7
100
AcDbVertex
100
AcDb2dVertex
 10
8.1111450064687354
 20
28.738173632540096
  0
VERTEX
  5
F0B
100
AcDbEntity
  8
0
 62
     7
100
AcDbVertex
100
AcDb2dVertex
 10
8.1079709320803452
 20
28.730131300830038
  0
VERTEX
  5
F0C
100
AcDbEntity
  8
0
 62
     7
100
AcDbVertex
100
AcDb2dVertex
 10
8.1042435790088128
 20
28.722329976892038
  0
VERTEX
  5
F0D
100
AcDbEntity
  8
0
 62
     7
100
AcDbVertex
100
AcDb2dVertex
 10
8.0999811174349325
 20
28.714807658627567
  0
VERTEX
  5
F0E
100
AcDbEntity
  8
0
 62
     7
100
AcDbVertex
100
AcDb2dVertex
 10
8.0952043090606374
 20
28.707601000186418
  0
VERTEX
  5
F0F
100
AcDbEntity
  8
0
 62
     7
100
AcDbVertex
100
AcDb2dVertex
 10
8.0899364258932103
 20
28.700745112618904
  0
VERTEX
  5
F10
100
AcDbEntity
  8
0
 62
     7
100
AcDbVertex
100
AcDb2dVertex
 10
8.0842031247299921
 20
28.694273397752728
  0
VERTEX
  5
F11
100
AcDbEntity
  8
0
 62
     7
100
AcDbVertex
100
AcDb2dVertex
 10
8.0780323585594438
 20
28.68821737468658
  0
VERTEX
  5
F12
100
AcDbEntity
  8
0
 62
     7
100
AcDbVertex
100
AcDb2dVertex
 10
8.0714541698300231
 20
28.682606561658112
  0
VERTEX
  5
F13
100
AcDbEntity
  8
0
 62
     7
100
AcDbVertex
100
AcDb2dVertex
 10
8.0645006092345106
 20
28.677468284079428
  0
VERTEX
  5
F14
100
AcDbEntity
  8
0
 62
     7
100
AcDbVertex
100
AcDb2dVertex
 10
8.0572055658951633
 20
28.672827578554795
  0
VERTEX
  5
F15
100
AcDbEntity
  8
0
 62
     7
100
AcDbVertex
100
AcDb2dVertex
 10
8.0496045753992469
 20
28.668707052598901
  0
VERTEX
  5
F16
100
AcDbEntity
  8
0
 62
     7
100
AcDbVertex
100
AcDb2dVertex
 10
8.0417346647507095
 20
28.665126781271322
  0
VERTEX
  5
F17
100
AcDbEntity
  8
0
 62
     7
100
AcDbVertex
100
AcDb2dVertex
 10
8.0336341751722138
 20
28.662104211194265
  0
VERTEX
  5
F18
100
AcDbEntity
  8
0
 62
     7
100
AcDbVertex
100
AcDb2dVertex
 10
8.0253425793696245
 20
28.659654064570301
  0
VERTEX
  5
F19
100
AcDbEntity
  8
0
 62
     7
100
AcDbVertex
100
AcDb2dVertex
 10
8.0169002637261251
 20
28.65778828011636
  0
VERTEX
  5
F1A
100
AcDbEntity
  8
0
 62
     7
100
AcDbVertex
100
AcDb2dVertex
 10
8.0083483649477962
 20
28.656515946614473
  0
VERTEX
  5
F1B
100
AcDbEntity
  8
0
 62
     7
100
AcDbVertex
100
AcDb2dVertex
 10
7.9997285439515231
 20
28.655843265995514
  0
VERTEX
  5
F1C
100
AcDbEntity
  8
0
 62
     7
100
AcDbVertex
100
AcDb2dVertex
 10
7.9910827964385014
 20
28.655773509039694
  0
VERTEX
  5
F1D
100
AcDbEntity
  8
0
 62
     7
100
AcDbVertex
100
AcDb2dVertex
 10
7.9824532436251765
 20
28.656307015376559
  0
VERTEX
  5
F1E
100
AcDbEntity
  8
0
 62
     7
100
AcDbVertex
100
AcDb2dVertex
 10
7.9738819268966132
 20
28.657441193484992
  0
VERTEX
  5
F1F
100
AcDbEntity
  8
0
 62
     7
100
AcDbVertex
100
AcDb2dVertex
 10
7.9654106061514049
 20
28.65917051330997
  0
VERTEX
  5
F20
100
AcDbEntity
  8
0
 62
     7
100
AcDbVertex
100
AcDb2dVertex
 10
7.9570805528399653
 20
28.661486550562053
  0
VERTEX
  5
F21
100
AcDbEntity
  8
0
 62
     7
100
AcDbVertex
100
AcDb2dVertex
 10
7.9489323490016197
 20
28.664378023633653
  0
VERTEX
  5
F22
100
AcDbEntity
  8
0
 62
     7
100
AcDbVertex
100
AcDb2dVertex
 10
7.9410056943772283
 20
28.667830837898538
  0
VERTEX
  5
F23
100
AcDbEntity
  8
0
 62
     7
100
AcDbVertex
100
AcDb2dVertex
 10
7.9333392033697088
 20
28.671828181694089
  0
VERTEX
  5
F24
100
AcDbEntity
  8
0
 62
     7
100
AcDbVertex
100
AcDb2dVertex
 10
7.9259702278460828
 20
28.676350570620809
  0
VERTEX
  5
F25
100
AcDbEntity
  8
0
 62
     7
100
AcDbVertex
100
AcDb2dVertex
 10
7.9189346688645195
 20
28.681375980440855
  0
VERTEX
  5
F26
100
AcDbEntity
  8
0
 62
     7
100
AcDbVertex
100
AcDb2dVertex
 10
7.9122668179344764
 20
28.686879906144021
  0
VERTEX
  5
F27
100
AcDbEntity
  8
0
 62
     7
100
AcDbVertex
100
AcDb2dVertex
 10
7.9059991244442749
 20
28.692835568678792
  0
VERTEX
  5
F28
100
AcDbEntity
  8
0
 62
     7
100
AcDbVertex
100
AcDb2dVertex
 10
7.9001621476699704
 20
28.699213937102073
  0
VERTEX
  5
F29
100
AcDbEntity
  8
0
 62
     7
100
AcDbVertex
100
AcDb2dVertex
 10
7.8947843278945591
 20
28.705983927926994
  0
VERTEX
  5
F2A
100
AcDbEntity
  8
0
 62
     7
100
AcDbVertex
100
AcDb2dVertex
 10
7.8898918535094786
 20
28.713112574937661
  0
VERTEX
  5
F2B
100
AcDbEntity
  8
0
 62
     7
100
AcDbVertex
100
AcDb2dVertex
 10
7.8855085650323424
 20
28.720565128863058
  0
VERTEX
  5
F2C
100
AcDbEntity
  8
0
 62
     7
100
AcDbVertex
100
AcDb2dVertex
 10
7.878352393261796
 20
28.736295363008647
  0
SEQEND
  5
F2D
100
AcDbEntity
  8
0
  0
POLYLINE
  5
F2E
100
AcDbEntity
  8
0
 62
     7
100
AcDb2dPolyline
 66
     1
 10
0.0
 20
0.0
 30
0.0
  0
VERTEX
  5
F2F
100
AcDbEntity
  8
0
 62
     7
100
AcDbVertex
100
AcDb2dVertex
 10
7.5765979762890403
 20
30.253657026827625
  0
VERTEX
  5
F30
100
AcDbEntity
  8
0
 62
     7
100
AcDbVertex
100
AcDb2dVertex
 10
8.5508765567491061
 20
30.253657026827625
  0
SEQEND
  5
F31
100
AcDbEntity
  8
0
  0
POLYLINE
  5
F32
100
AcDbEntity
  8
0
 62
     7
100
AcDb2dPolyline
 66
     1
 10
0.0
 20
0.0
 30
0.0
  0
VERTEX
  5
F33
100
AcDbEntity
  8
0
 62
     7
100
AcDbVertex
100
AcDb2dVertex
 10
7.4911093891277467
 20
30.482766542169756
  0
VERTEX
  5
F34
100
AcDbEntity
  8
0
 62
     7
100
AcDbVertex
100
AcDb2dVertex
 10
7.4878059601811451
 20
30.490756607845707
  0
VERTEX
  5
F35
100
AcDbEntity
  8
0
 62
     7
100
AcDbVertex
100
AcDb2dVertex
 10
7.4839532173572003
 20
30.498496776315346
  0
VERTEX
  5
F36
100
AcDbEntity
  8
0
 62
     7
100
AcDbVertex
100
AcDb2dVertex
 10
7.4795699288800641
 20
30.505949330240743
  0
VERTEX
  5
F37
100
AcDbEntity
  8
0
 62
     7
100
AcDbVertex
100
AcDb2dVertex
 10
7.4746774544949837
 20
30.51307797725141
  0
VERTEX
  5
F38
100
AcDbEntity
  8
0
 62
     7
100
AcDbVertex
100
AcDb2dVertex
 10
7.4692996347195724
 20
30.519847968076331
  0
VERTEX
  5
F39
100
AcDbEntity
  8
0
 62
     7
100
AcDbVertex
100
AcDb2dVertex
 10
7.4634626579452679
 20
30.526226336499615
  0
VERTEX
  5
F3A
100
AcDbEntity
  8
0
 62
     7
100
AcDbVertex
100
AcDb2dVertex
 10
7.4571949718383159
 20
30.532181999034382
  0
VERTEX
  5
F3B
100
AcDbEntity
  8
0
 62
     7
100
AcDbVertex
100
AcDb2dVertex
 10
7.4505271061417737
 20
30.537685939504051
  0
VERTEX
  5
F3C
100
AcDbEntity
  8
0
 62
     7
100
AcDbVertex
100
AcDb2dVertex
 10
7.4434915471602103
 20
30.542711349324097
  0
VERTEX
  5
F3D
100
AcDbEntity
  8
0
 62
     7
100
AcDbVertex
100
AcDb2dVertex
 10
7.4361225716365844
 20
30.547233738250821
  0
VERTEX
  5
F3E
100
AcDbEntity
  8
0
 62
     7
100
AcDbVertex
100
AcDb2dVertex
 10
7.4284560806290649
 20
30.551231082046371
  0
VERTEX
  5
F3F
100
AcDbEntity
  8
0
 62
     7
100
AcDbVertex
100
AcDb2dVertex
 10
7.4205294260046664
 20
30.554683896311253
  0
VERTEX
  5
F40
100
AcDbEntity
  8
0
 62
     7
100
AcDbVertex
100
AcDb2dVertex
 10
7.4123812221663279
 20
30.557575369382853
  0
VERTEX
  5
F41
100
AcDbEntity
  8
0
 62
     7
100
AcDbVertex
100
AcDb2dVertex
 10
7.4040511688548882
 20
30.559891406634939
  0
VERTEX
  5
F42
100
AcDbEntity
  8
0
 62
     7
100
AcDbVertex
100
AcDb2dVertex
 10
7.3955798481096799
 20
30.561620726459914
  0
VERTEX
  5
F43
100
AcDbEntity
  8
0
 62
     7
100
AcDbVertex
100
AcDb2dVertex
 10
7.3870085313811167
 20
30.562754904568351
  0
VERTEX
  5
F44
100
AcDbEntity
  8
0
 62
     7
100
AcDbVertex
100
AcDb2dVertex
 10
7.3783789785677918
 20
30.563288410905212
  0
VERTEX
  5
F45
100
AcDbEntity
  8
0
 62
     7
100
AcDbVertex
100
AcDb2dVertex
 10
7.3697332310547701
 20
30.563218653949392
  0
VERTEX
  5
F46
100
AcDbEntity
  8
0
 62
     7
100
AcDbVertex
100
AcDb2dVertex
 10
7.361113410058497
 20
30.562545973330433
  0
VERTEX
  5
F47
100
AcDbEntity
  8
0
 62
     7
100
AcDbVertex
100
AcDb2dVertex
 10
7.3525615112801681
 20
30.561273639828546
  0
VERTEX
  5
F48
100
AcDbEntity
  8
0
 62
     7
100
AcDbVertex
100
AcDb2dVertex
 10
7.3441191956366687
 20
30.559407855374605
  0
VERTEX
  5
F49
100
AcDbEntity
  8
0
 62
     7
100
AcDbVertex
100
AcDb2dVertex
 10
7.3358275998340794
 20
30.556957708750641
  0
VERTEX
  5
F4A
100
AcDbEntity
  8
0
 62
     7
100
AcDbVertex
100
AcDb2dVertex
 10
7.3277271102555765
 20
30.553935138673584
  0
VERTEX
  5
F4B
100
AcDbEntity
  8
0
 62
     7
100
AcDbVertex
100
AcDb2dVertex
 10
7.3198571996070463
 20
30.550354867346005
  0
VERTEX
  5
F4C
100
AcDbEntity
  8
0
 62
     7
100
AcDbVertex
100
AcDb2dVertex
 10
7.3122562091111298
 20
30.546234341390111
  0
VERTEX
  5
F4D
100
AcDbEntity
  8
0
 62
     7
100
AcDbVertex
100
AcDb2dVertex
 10
7.3049611657717826
 20
30.541593635865482
  0
VERTEX
  5
F4E
100
AcDbEntity
  8
0
 62
     7
100
AcDbVertex
100
AcDb2dVertex
 10
7.2980075977930134
 20
30.536455350903545
  0
VERTEX
  5
F4F
100
AcDbEntity
  8
0
 62
     7
100
AcDbVertex
100
AcDb2dVertex
 10
7.2914294090635998
 20
30.530844530491827
  0
VERTEX
  5
F50
100
AcDbEntity
  8
0
 62
     7
100
AcDbVertex
100
AcDb2dVertex
 10
7.2852586355097948
 20
30.524788514808929
  0
VERTEX
  5
F51
100
AcDbEntity
  8
0
 62
     7
100
AcDbVertex
100
AcDb2dVertex
 10
7.2795253417298333
 20
30.518316792559503
  0
VERTEX
  5
F52
100
AcDbEntity
  8
0
 62
     7
100
AcDbVertex
100
AcDb2dVertex
 10
7.2742574585623991
 20
30.511460904991988
  0
VERTEX
  5
F53
100
AcDbEntity
  8
0
 62
     7
100
AcDbVertex
100
AcDb2dVertex
 10
7.269480650188104
 20
30.504254246550836
  0
VERTEX
  5
F54
100
AcDbEntity
  8
0
 62
     7
100
AcDbVertex
100
AcDb2dVertex
 10
7.2652181886142309
 20
30.496731928286369
  0
VERTEX
  5
F55
100
AcDbEntity
  8
0
 62
     7
100
AcDbVertex
100
AcDb2dVertex
 10
7.2614908429259408
 20
30.48893060065674
  0
VERTEX
  5
F56
100
AcDbEntity
  8
0
 62
     7
100
AcDbVertex
100
AcDb2dVertex
 10
7.2583167611543011
 20
30.48088827263831
  0
VERTEX
  5
F57
100
AcDbEntity
  8
0
 62
     7
100
AcDbVertex
100
AcDb2dVertex
 10
7.2557114259767381
 20
30.47264412345271
  0
VERTEX
  5
F58
100
AcDbEntity
  8
0
 62
     7
100
AcDbVertex
100
AcDb2dVertex
 10
7.2536875144352884
 20
30.464238314293979
  0
VERTEX
  5
F59
100
AcDbEntity
  8
0
 62
     7
100
AcDbVertex
100
AcDb2dVertex
 10
7.2522548979365844
 20
30.455711801901437
  0
VERTEX
  5
F5A
100
AcDbEntity
  8
0
 62
     7
100
AcDbVertex
100
AcDb2dVertex
 10
7.2514205462696104
 20
30.447106123983986
  0
VERTEX
  5
F5B
100
AcDbEntity
  8
0
 62
     7
100
AcDbVertex
100
AcDb2dVertex
 10
7.2511885276056951
 20
30.43846320875528
  0
VERTEX
  5
F5C
100
AcDbEntity
  8
0
 62
     7
100
AcDbVertex
100
AcDb2dVertex
 10
7.2515599789654921
 20
30.429825162088456
  0
VERTEX
  5
F5D
100
AcDbEntity
  8
0
 62
     7
100
AcDbVertex
100
AcDb2dVertex
 10
7.2525330766859959
 20
30.421234068399073
  0
VERTEX
  5
F5E
100
AcDbEntity
  8
0
 62
     7
100
AcDbVertex
100
AcDb2dVertex
 10
7.2541030954865455
 20
30.412731782299005
  0
VERTEX
  5
F5F
100
AcDbEntity
  8
0
 62
     7
100
AcDbVertex
100
AcDb2dVertex
 10
7.2590004059010589
 20
30.396158689135433
  0
SEQEND
  5
F60
100
AcDbEntity
  8
0
  0
POLYLINE
  5
F61
100
AcDbEntity
  8
0
 62
     7
100
AcDb2dPolyline
 66
     1
 10
0.0
 20
0.0
 30
0.0
  0
VERTEX
  5
F62
100
AcDbEntity
  8
0
 62
     7
100
AcDbVertex
100
AcDb2dVertex
 10
8.4977044454118023
 20
30.482766475288134
  0
VERTEX
  5
F63
100
AcDbEntity
  8
0
 62
     7
100
AcDbVertex
100
AcDb2dVertex
 10
8.4122157860779971
 20
30.253657026827625
  0
SEQEND
  5
F64
100
AcDbEntity
  8
0
  0
POLYLINE
  5
F65
100
AcDbEntity
  8
0
 62
     7
100
AcDb2dPolyline
 66
     1
 10
0.0
 20
0.0
 30
0.0
  0
VERTEX
  5
F66
100
AcDbEntity
  8
0
 62
     7
100
AcDbVertex
100
AcDb2dVertex
 10
8.7298133638492281
 20
30.482766542169756
  0
VERTEX
  5
F67
100
AcDbEntity
  8
0
 62
     7
100
AcDbVertex
100
AcDb2dVertex
 10
8.7265099349026265
 20
30.490756607845707
  0
VERTEX
  5
F68
100
AcDbEntity
  8
0
 62
     7
100
AcDbVertex
100
AcDb2dVertex
 10
8.7226571920786888
 20
30.498496776315346
  0
VERTEX
  5
F69
100
AcDbEntity
  8
0
 62
     7
100
AcDbVertex
100
AcDb2dVertex
 10
8.7182739036015455
 20
30.505949330240743
  0
VERTEX
  5
F6A
100
AcDbEntity
  8
0
 62
     7
100
AcDbVertex
100
AcDb2dVertex
 10
8.7133814292164722
 20
30.51307797725141
  0
VERTEX
  5
F6B
100
AcDbEntity
  8
0
 62
     7
100
AcDbVertex
100
AcDb2dVertex
 10
8.7080036094410538
 20
30.519847968076331
  0
VERTEX
  5
F6C
100
AcDbEntity
  8
0
 62
     7
100
AcDbVertex
100
AcDb2dVertex
 10
8.7021666326667493
 20
30.526226336499615
  0
VERTEX
  5
F6D
100
AcDbEntity
  8
0
 62
     7
100
AcDbVertex
100
AcDb2dVertex
 10
8.6958989465597973
 20
30.532181999034382
  0
VERTEX
  5
F6E
100
AcDbEntity
  8
0
 62
     7
100
AcDbVertex
100
AcDb2dVertex
 10
8.6892310808632551
 20
30.537685939504051
  0
VERTEX
  5
F6F
100
AcDbEntity
  8
0
 62
     7
100
AcDbVertex
100
AcDb2dVertex
 10
8.6821955218816917
 20
30.542711349324097
  0
VERTEX
  5
F70
100
AcDbEntity
  8
0
 62
     7
100
AcDbVertex
100
AcDb2dVertex
 10
8.6748265463580658
 20
30.547233738250821
  0
VERTEX
  5
F71
100
AcDbEntity
  8
0
 62
     7
100
AcDbVertex
100
AcDb2dVertex
 10
8.6671600553505463
 20
30.551231082046371
  0
VERTEX
  5
F72
100
AcDbEntity
  8
0
 62
     7
100
AcDbVertex
100
AcDb2dVertex
 10
8.6592334007261549
 20
30.554683896311253
  0
VERTEX
  5
F73
100
AcDbEntity
  8
0
 62
     7
100
AcDbVertex
100
AcDb2dVertex
 10
8.6510851968878164
 20
30.557575369382853
  0
VERTEX
  5
F74
100
AcDbEntity
  8
0
 62
     7
100
AcDbVertex
100
AcDb2dVertex
 10
8.6427551435763696
 20
30.559891406634939
  0
VERTEX
  5
F75
100
AcDbEntity
  8
0
 62
     7
100
AcDbVertex
100
AcDb2dVertex
 10
8.6342838228311614
 20
30.561620726459914
  0
VERTEX
  5
F76
100
AcDbEntity
  8
0
 62
     7
100
AcDbVertex
100
AcDb2dVertex
 10
8.6257125061025981
 20
30.562754904568351
  0
VERTEX
  5
F77
100
AcDbEntity
  8
0
 62
     7
100
AcDbVertex
100
AcDb2dVertex
 10
8.6170829532892732
 20
30.563288410905212
  0
VERTEX
  5
F78
100
AcDbEntity
  8
0
 62
     7
100
AcDbVertex
100
AcDb2dVertex
 10
8.6084372057762515
 20
30.563218653949392
  0
VERTEX
  5
F79
100
AcDbEntity
  8
0
 62
     7
100
AcDbVertex
100
AcDb2dVertex
 10
8.5998173847799784
 20
30.562545973330433
  0
VERTEX
  5
F7A
100
AcDbEntity
  8
0
 62
     7
100
AcDbVertex
100
AcDb2dVertex
 10
8.5912654860016495
 20
30.561273639828546
  0
VERTEX
  5
F7B
100
AcDbEntity
  8
0
 62
     7
100
AcDbVertex
100
AcDb2dVertex
 10
8.5828231703581501
 20
30.559407855374605
  0
VERTEX
  5
F7C
100
AcDbEntity
  8
0
 62
     7
100
AcDbVertex
100
AcDb2dVertex
 10
8.5745315745555608
 20
30.556957708750641
  0
VERTEX
  5
F7D
100
AcDbEntity
  8
0
 62
     7
100
AcDbVertex
100
AcDb2dVertex
 10
8.5664310849770651
 20
30.553935138673584
  0
VERTEX
  5
F7E
100
AcDbEntity
  8
0
 62
     7
100
AcDbVertex
100
AcDb2dVertex
 10
8.5585611743285277
 20
30.550354867346005
  0
VERTEX
  5
F7F
100
AcDbEntity
  8
0
 62
     7
100
AcDbVertex
100
AcDb2dVertex
 10
8.5509601838326112
 20
30.546234341390111
  0
VERTEX
  5
F80
100
AcDbEntity
  8
0
 62
     7
100
AcDbVertex
100
AcDb2dVertex
 10
8.543665140493264
 20
30.541593635865482
  0
VERTEX
  5
F81
100
AcDbEntity
  8
0
 62
     7
100
AcDbVertex
100
AcDb2dVertex
 10
8.536711572514502
 20
30.536455350903545
  0
VERTEX
  5
F82
100
AcDbEntity
  8
0
 62
     7
100
AcDbVertex
100
AcDb2dVertex
 10
8.5301333837850812
 20
30.530844530491827
  0
VERTEX
  5
F83
100
AcDbEntity
  8
0
 62
     7
100
AcDbVertex
100
AcDb2dVertex
 10
8.5239626102312762
 20
30.524788514808929
  0
VERTEX
  5
F84
100
AcDbEntity
  8
0
 62
     7
100
AcDbVertex
100
AcDb2dVertex
 10
8.5182293164513148
 20
30.518316792559503
  0
VERTEX
  5
F85
100
AcDbEntity
  8
0
 62
     7
100
AcDbVertex
100
AcDb2dVertex
 10
8.5129614332838806
 20
30.511460904991988
  0
VERTEX
  5
F86
100
AcDbEntity
  8
0
 62
     7
100
AcDbVertex
100
AcDb2dVertex
 10
8.5081846249095925
 20
30.504254246550836
  0
VERTEX
  5
F87
100
AcDbEntity
  8
0
 62
     7
100
AcDbVertex
100
AcDb2dVertex
 10
8.5039221633357123
 20
30.496731928286369
  0
VERTEX
  5
F88
100
AcDbEntity
  8
0
 62
     7
100
AcDbVertex
100
AcDb2dVertex
 10
8.5001948176474293
 20
30.48893060065674
  0
VERTEX
  5
F89
100
AcDbEntity
  8
0
 62
     7
100
AcDbVertex
100
AcDb2dVertex
 10
8.4970207358757897
 20
30.48088827263831
  0
VERTEX
  5
F8A
100
AcDbEntity
  8
0
 62
     7
100
AcDbVertex
100
AcDb2dVertex
 10
8.4944154006982195
 20
30.47264412345271
  0
VERTEX
  5
F8B
100
AcDbEntity
  8
0
 62
     7
100
AcDbVertex
100
AcDb2dVertex
 10
8.4923914891567698
 20
30.464238314293979
  0
VERTEX
  5
F8C
100
AcDbEntity
  8
0
 62
     7
100
AcDbVertex
100
AcDb2dVertex
 10
8.4909588726580658
 20
30.455711801901437
  0
VERTEX
  5
F8D
100
AcDbEntity
  8
0
 62
     7
100
AcDbVertex
100
AcDb2dVertex
 10
8.4901245209910918
 20
30.447106123983986
  0
VERTEX
  5
F8E
100
AcDbEntity
  8
0
 62
     7
100
AcDbVertex
100
AcDb2dVertex
 10
8.4898925023271765
 20
30.43846320875528
  0
VERTEX
  5
F8F
100
AcDbEntity
  8
0
 62
     7
100
AcDbVertex
100
AcDb2dVertex
 10
8.4902639536869735
 20
30.429825162088456
  0
VERTEX
  5
F90
100
AcDbEntity
  8
0
 62
     7
100
AcDbVertex
100
AcDb2dVertex
 10
8.4912370514074844
 20
30.421234068399073
  0
VERTEX
  5
F91
100
AcDbEntity
  8
0
 62
     7
100
AcDbVertex
100
AcDb2dVertex
 10
8.4928070702080269
 20
30.412731782299005
  0
VERTEX
  5
F92
100
AcDbEntity
  8
0
 62
     7
100
AcDbVertex
100
AcDb2dVertex
 10
8.4977043806225403
 20
30.396158689135433
  0
SEQEND
  5
F93
100
AcDbEntity
  8
0
  0
POLYLINE
  5
F94
100
AcDbEntity
  8
0
 62
     7
100
AcDb2dPolyline
 66
     1
 10
0.0
 20
0.0
 30
0.0
  0
VERTEX
  5
F95
100
AcDbEntity
  8
0
 62
     7
100
AcDbVertex
100
AcDb2dVertex
 10
9.9685172663981909
 20
30.482766475288134
  0
VERTEX
  5
F96
100
AcDbEntity
  8
0
 62
     7
100
AcDbVertex
100
AcDb2dVertex
 10
10.587869253758928
 20
28.822903149161348
  0
SEQEND
  5
F97
100
AcDbEntity
  8
0
  0
POLYLINE
  5
F98
100
AcDbEntity
  8
0
 62
     7
100
AcDb2dPolyline
 66
     1
 10
0.0
 20
0.0
 30
0.0
  0
VERTEX
  5
F99
100
AcDbEntity
  8
0
 62
     7
100
AcDbVertex
100
AcDb2dVertex
 10
9.7364084201332908
 20
30.396158770783561
  0
VERTEX
  5
F9A
100
AcDbEntity
  8
0
 62
     7
100
AcDbVertex
100
AcDb2dVertex
 10
10.355760407494028
 20
28.736295444656772
  0
SEQEND
  5
F9B
100
AcDbEntity
  8
0
  0
POLYLINE
  5
F9C
100
AcDbEntity
  8
0
 62
     7
100
AcDb2dPolyline
 66
     1
 10
0.0
 20
0.0
 30
0.0
  0
VERTEX
  5
F9D
100
AcDbEntity
  8
0
 62
     7
100
AcDbVertex
100
AcDb2dVertex
 10
9.2959931677001428
 20
28.965404893117285
  0
VERTEX
  5
F9E
100
AcDbEntity
  8
0
 62
     7
100
AcDbVertex
100
AcDb2dVertex
 10
10.270271748160223
 20
28.965404893117285
  0
SEQEND
  5
F9F
100
AcDbEntity
  8
0
  0
POLYLINE
  5
FA0
100
AcDbEntity
  8
0
 62
     7
100
AcDb2dPolyline
 66
     1
 10
0.0
 20
0.0
 30
0.0
  0
VERTEX
  5
FA1
100
AcDbEntity
  8
0
 62
     7
100
AcDbVertex
100
AcDb2dVertex
 10
10.587869325931454
 20
28.82290321604297
  0
VERTEX
  5
FA2
100
AcDbEntity
  8
0
 62
     7
100
AcDbVertex
100
AcDb2dVertex
 10
10.590607352896701
 20
28.814702177660195
  0
VERTEX
  5
FA3
100
AcDbEntity
  8
0
 62
     7
100
AcDbVertex
100
AcDb2dVertex
 10
10.59276662896271
 20
28.806330121033589
  0
VERTEX
  5
FA4
100
AcDbEntity
  8
0
 62
     7
100
AcDbVertex
100
AcDb2dVertex
 10
10.59433664776326
 20
28.797827834933521
  0
VERTEX
  5
FA5
100
AcDbEntity
  8
0
 62
     7
100
AcDbVertex
100
AcDb2dVertex
 10
10.595309752867021
 20
28.789236741244139
  0
VERTEX
  5
FA6
100
AcDbEntity
  8
0
 62
     7
100
AcDbVertex
100
AcDb2dVertex
 10
10.595681196843568
 20
28.780598694692674
  0
VERTEX
  5
FA7
100
AcDbEntity
  8
0
 62
     7
100
AcDbVertex
100
AcDb2dVertex
 10
10.595449178179646
 20
28.771955779348605
  0
VERTEX
  5
FA8
100
AcDbEntity
  8
0
 62
     7
100
AcDbVertex
100
AcDb2dVertex
 10
10.594614826512679
 20
28.763350103276967
  0
VERTEX
  5
FA9
100
AcDbEntity
  8
0
 62
     7
100
AcDbVertex
100
AcDb2dVertex
 10
10.593182202630725
 20
28.754823589038615
  0
VERTEX
  5
FAA
100
AcDbEntity
  8
0
 62
     7
100
AcDbVertex
100
AcDb2dVertex
 10
10.591158298472518
 20
28.746417781725693
  0
VERTEX
  5
FAB
100
AcDbEntity
  8
0
 62
     7
100
AcDbVertex
100
AcDb2dVertex
 10
10.588552955911705
 20
28.738173632540096
  0
VERTEX
  5
FAC
100
AcDbEntity
  8
0
 62
     7
100
AcDbVertex
100
AcDb2dVertex
 10
10.585378881523315
 20
28.730131300830038
  0
VERTEX
  5
FAD
100
AcDbEntity
  8
0
 62
     7
100
AcDbVertex
100
AcDb2dVertex
 10
10.581651528451776
 20
28.722329976892038
  0
VERTEX
  5
FAE
100
AcDbEntity
  8
0
 62
     7
100
AcDbVertex
100
AcDb2dVertex
 10
10.577389066877902
 20
28.714807658627567
  0
VERTEX
  5
FAF
100
AcDbEntity
  8
0
 62
     7
100
AcDbVertex
100
AcDb2dVertex
 10
10.572612258503607
 20
28.707601000186418
  0
VERTEX
  5
FB0
100
AcDbEntity
  8
0
 62
     7
100
AcDbVertex
100
AcDb2dVertex
 10
10.567344375336173
 20
28.700745112618904
  0
VERTEX
  5
FB1
100
AcDbEntity
  8
0
 62
     7
100
AcDbVertex
100
AcDb2dVertex
 10
10.561611074172962
 20
28.694273397752728
  0
VERTEX
  5
FB2
100
AcDbEntity
  8
0
 62
     7
100
AcDbVertex
100
AcDb2dVertex
 10
10.555440308002407
 20
28.68821737468658
  0
VERTEX
  5
FB3
100
AcDbEntity
  8
0
 62
     7
100
AcDbVertex
100
AcDb2dVertex
 10
10.548862119272993
 20
28.682606561658112
  0
VERTEX
  5
FB4
100
AcDbEntity
  8
0
 62
     7
100
AcDbVertex
100
AcDb2dVertex
 10
10.541908558677473
 20
28.677468284079428
  0
VERTEX
  5
FB5
100
AcDbEntity
  8
0
 62
     7
100
AcDbVertex
100
AcDb2dVertex
 10
10.534613515338133
 20
28.672827578554795
  0
VERTEX
  5
FB6
100
AcDbEntity
  8
0
 62
     7
100
AcDbVertex
100
AcDb2dVertex
 10
10.52701252484221
 20
28.668707052598901
  0
VERTEX
  5
FB7
100
AcDbEntity
  8
0
 62
     7
100
AcDbVertex
100
AcDb2dVertex
 10
10.519142614193679
 20
28.665126781271322
  0
VERTEX
  5
FB8
100
AcDbEntity
  8
0
 62
     7
100
AcDbVertex
100
AcDb2dVertex
 10
10.511042124615184
 20
28.662104211194265
  0
VERTEX
  5
FB9
100
AcDbEntity
  8
0
 62
     7
100
AcDbVertex
100
AcDb2dVertex
 10
10.502750528812594
 20
28.659654064570301
  0
VERTEX
  5
FBA
100
AcDbEntity
  8
0
 62
     7
100
AcDbVertex
100
AcDb2dVertex
 10
10.494308213169095
 20
28.65778828011636
  0
VERTEX
  5
FBB
100
AcDbEntity
  8
0
 62
     7
100
AcDbVertex
100
AcDb2dVertex
 10
10.485756314390759
 20
28.656515946614473
  0
VERTEX
  5
FBC
100
AcDbEntity
  8
0
 62
     7
100
AcDbVertex
100
AcDb2dVertex
 10
10.477136493394486
 20
28.655843265995514
  0
VERTEX
  5
FBD
100
AcDbEntity
  8
0
 62
     7
100
AcDbVertex
100
AcDb2dVertex
 10
10.468490745881464
 20
28.655773509039694
  0
VERTEX
  5
FBE
100
AcDbEntity
  8
0
 62
     7
100
AcDbVertex
100
AcDb2dVertex
 10
10.459861193068146
 20
28.656307015376559
  0
VERTEX
  5
FBF
100
AcDbEntity
  8
0
 62
     7
100
AcDbVertex
100
AcDb2dVertex
 10
10.451289876339576
 20
28.657441193484992
  0
VERTEX
  5
FC0
100
AcDbEntity
  8
0
 62
     7
100
AcDbVertex
100
AcDb2dVertex
 10
10.442818555594375
 20
28.65917051330997
  0
VERTEX
  5
FC1
100
AcDbEntity
  8
0
 62
     7
100
AcDbVertex
100
AcDb2dVertex
 10
10.434488502282928
 20
28.661486550562053
  0
VERTEX
  5
FC2
100
AcDbEntity
  8
0
 62
     7
100
AcDbVertex
100
AcDb2dVertex
 10
10.42634029844459
 20
28.664378023633653
  0
VERTEX
  5
FC3
100
AcDbEntity
  8
0
 62
     7
100
AcDbVertex
100
AcDb2dVertex
 10
10.418413643820191
 20
28.667830837898538
  0
VERTEX
  5
FC4
100
AcDbEntity
  8
0
 62
     7
100
AcDbVertex
100
AcDb2dVertex
 10
10.410747152812679
 20
28.671828181694089
  0
VERTEX
  5
FC5
100
AcDbEntity
  8
0
 62
     7
100
AcDbVertex
100
AcDb2dVertex
 10
10.403378177289046
 20
28.676350570620809
  0
VERTEX
  5
FC6
100
AcDbEntity
  8
0
 62
     7
100
AcDbVertex
100
AcDb2dVertex
 10
10.396342618307489
 20
28.681375980440855
  0
VERTEX
  5
FC7
100
AcDbEntity
  8
0
 62
     7
100
AcDbVertex
100
AcDb2dVertex
 10
10.389674767377446
 20
28.686879906144021
  0
VERTEX
  5
FC8
100
AcDbEntity
  8
0
 62
     7
100
AcDbVertex
100
AcDb2dVertex
 10
10.383407073887245
 20
28.692835568678792
  0
VERTEX
  5
FC9
100
AcDbEntity
  8
0
 62
     7
100
AcDbVertex
100
AcDb2dVertex
 10
10.377570097112933
 20
28.699213937102073
  0
VERTEX
  5
FCA
100
AcDbEntity
  8
0
 62
     7
100
AcDbVertex
100
AcDb2dVertex
 10
10.372192277337522
 20
28.705983927926994
  0
VERTEX
  5
FCB
100
AcDbEntity
  8
0
 62
     7
100
AcDbVertex
100
AcDb2dVertex
 10
10.367299802952449
 20
28.713112574937661
  0
VERTEX
  5
FCC
100
AcDbEntity
  8
0
 62
     7
100
AcDbVertex
100
AcDb2dVertex
 10
10.362916514475305
 20
28.720565128863058
  0
VERTEX
  5
FCD
100
AcDbEntity
  8
0
 62
     7
100
AcDbVertex
100
AcDb2dVertex
 10
10.355760342704766
 20
28.736295363008647
  0
SEQEND
  5
FCE
100
AcDbEntity
  8
0
  0
POLYLINE
  5
FCF
100
AcDbEntity
  8
0
 62
     7
100
AcDb2dPolyline
 66
     1
 10
0.0
 20
0.0
 30
0.0
  0
VERTEX
  5
FD0
100
AcDbEntity
  8
0
 62
     7
100
AcDbVertex
100
AcDb2dVertex
 10
10.054005925732003
 20
30.253657026827625
  0
VERTEX
  5
FD1
100
AcDbEntity
  8
0
 62
     7
100
AcDbVertex
100
AcDb2dVertex
 10
11.028284506192076
 20
30.253657026827625
  0
SEQEND
  5
FD2
100
AcDbEntity
  8
0
  0
POLYLINE
  5
FD3
100
AcDbEntity
  8
0
 62
     7
100
AcDb2dPolyline
 66
     1
 10
0.0
 20
0.0
 30
0.0
  0
VERTEX
  5
FD4
100
AcDbEntity
  8
0
 62
     7
100
AcDbVertex
100
AcDb2dVertex
 10
9.9685173385707095
 20
30.482766542169756
  0
VERTEX
  5
FD5
100
AcDbEntity
  8
0
 62
     7
100
AcDbVertex
100
AcDb2dVertex
 10
9.9652139096241079
 20
30.490756607845707
  0
VERTEX
  5
FD6
100
AcDbEntity
  8
0
 62
     7
100
AcDbVertex
100
AcDb2dVertex
 10
9.9613611668001703
 20
30.498496776315346
  0
VERTEX
  5
FD7
100
AcDbEntity
  8
0
 62
     7
100
AcDbVertex
100
AcDb2dVertex
 10
9.956977878323034
 20
30.505949330240743
  0
VERTEX
  5
FD8
100
AcDbEntity
  8
0
 62
     7
100
AcDbVertex
100
AcDb2dVertex
 10
9.9520854039379536
 20
30.51307797725141
  0
VERTEX
  5
FD9
100
AcDbEntity
  8
0
 62
     7
100
AcDbVertex
100
AcDb2dVertex
 10
9.9467075841625423
 20
30.519847968076331
  0
VERTEX
  5
FDA
100
AcDbEntity
  8
0
 62
     7
100
AcDbVertex
100
AcDb2dVertex
 10
9.9408706073882307
 20
30.526226336499615
  0
VERTEX
  5
FDB
100
AcDbEntity
  8
0
 62
     7
100
AcDbVertex
100
AcDb2dVertex
 10
9.9346029212812788
 20
30.532181999034382
  0
VERTEX
  5
FDC
100
AcDbEntity
  8
0
 62
     7
100
AcDbVertex
100
AcDb2dVertex
 10
9.9279350555847365
 20
30.537685939504051
  0
VERTEX
  5
FDD
100
AcDbEntity
  8
0
 62
     7
100
AcDbVertex
100
AcDb2dVertex
 10
9.9208994966031803
 20
30.542711349324097
  0
VERTEX
  5
FDE
100
AcDbEntity
  8
0
 62
     7
100
AcDbVertex
100
AcDb2dVertex
 10
9.9135305210795472
 20
30.547233738250821
  0
VERTEX
  5
FDF
100
AcDbEntity
  8
0
 62
     7
100
AcDbVertex
100
AcDb2dVertex
 10
9.9058640300720349
 20
30.551231082046371
  0
VERTEX
  5
FE0
100
AcDbEntity
  8
0
 62
     7
100
AcDbVertex
100
AcDb2dVertex
 10
9.8979373754476363
 20
30.554683896311253
  0
VERTEX
  5
FE1
100
AcDbEntity
  8
0
 62
     7
100
AcDbVertex
100
AcDb2dVertex
 10
9.8897891716092978
 20
30.557575369382853
  0
VERTEX
  5
FE2
100
AcDbEntity
  8
0
 62
     7
100
AcDbVertex
100
AcDb2dVertex
 10
9.8814591182978511
 20
30.559891406634939
  0
VERTEX
  5
FE3
100
AcDbEntity
  8
0
 62
     7
100
AcDbVertex
100
AcDb2dVertex
 10
9.8729877975526499
 20
30.561620726459914
  0
VERTEX
  5
FE4
100
AcDbEntity
  8
0
 62
     7
100
AcDbVertex
100
AcDb2dVertex
 10
9.8644164808240795
 20
30.562754904568351
  0
VERTEX
  5
FE5
100
AcDbEntity
  8
0
 62
     7
100
AcDbVertex
100
AcDb2dVertex
 10
9.8557869280107617
 20
30.563288410905212
  0
VERTEX
  5
FE6
100
AcDbEntity
  8
0
 62
     7
100
AcDbVertex
100
AcDb2dVertex
 10
9.8471411804977329
 20
30.563218653949392
  0
VERTEX
  5
FE7
100
AcDbEntity
  8
0
 62
     7
100
AcDbVertex
100
AcDb2dVertex
 10
9.8385213595014669
 20
30.562545973330433
  0
VERTEX
  5
FE8
100
AcDbEntity
  8
0
 62
     7
100
AcDbVertex
100
AcDb2dVertex
 10
9.8299694607231309
 20
30.561273639828546
  0
VERTEX
  5
FE9
100
AcDbEntity
  8
0
 62
     7
100
AcDbVertex
100
AcDb2dVertex
 10
9.8215271450796315
 20
30.559407855374605
  0
VERTEX
  5
FEA
100
AcDbEntity
  8
0
 62
     7
100
AcDbVertex
100
AcDb2dVertex
 10
9.8132355492770422
 20
30.556957708750641
  0
VERTEX
  5
FEB
100
AcDbEntity
  8
0
 62
     7
100
AcDbVertex
100
AcDb2dVertex
 10
9.8051350596985465
 20
30.553935138673584
  0
VERTEX
  5
FEC
100
AcDbEntity
  8
0
 62
     7
100
AcDbVertex
100
AcDb2dVertex
 10
9.7972651490500162
 20
30.550354867346005
  0
VERTEX
  5
FED
100
AcDbEntity
  8
0
 62
     7
100
AcDbVertex
100
AcDb2dVertex
 10
9.7896641585540927
 20
30.546234341390111
  0
VERTEX
  5
FEE
100
AcDbEntity
  8
0
 62
     7
100
AcDbVertex
100
AcDb2dVertex
 10
9.7823691152147525
 20
30.541593635865482
  0
VERTEX
  5
FEF
100
AcDbEntity
  8
0
 62
     7
100
AcDbVertex
100
AcDb2dVertex
 10
9.7754155472359834
 20
30.536455350903545
  0
VERTEX
  5
FF0
100
AcDbEntity
  8
0
 62
     7
100
AcDbVertex
100
AcDb2dVertex
 10
9.7688373585065698
 20
30.530844530491827
  0
VERTEX
  5
FF1
100
AcDbEntity
  8
0
 62
     7
100
AcDbVertex
100
AcDb2dVertex
 10
9.7626665849527647
 20
30.524788514808929
  0
VERTEX
  5
FF2
100
AcDbEntity
  8
0
 62
     7
100
AcDbVertex
100
AcDb2dVertex
 10
9.7569332911728033
 20
30.518316792559503
  0
VERTEX
  5
FF3
100
AcDbEntity
  8
0
 62
     7
100
AcDbVertex
100
AcDb2dVertex
 10
9.7516654080053691
 20
30.511460904991988
  0
VERTEX
  5
FF4
100
AcDbEntity
  8
0
 62
     7
100
AcDbVertex
100
AcDb2dVertex
 10
9.7468885996310739
 20
30.504254246550836
  0
VERTEX
  5
FF5
100
AcDbEntity
  8
0
 62
     7
100
AcDbVertex
100
AcDb2dVertex
 10
9.7426261380571937
 20
30.496731928286369
  0
VERTEX
  5
FF6
100
AcDbEntity
  8
0
 62
     7
100
AcDbVertex
100
AcDb2dVertex
 10
9.7388987923689108
 20
30.48893060065674
  0
VERTEX
  5
FF7
100
AcDbEntity
  8
0
 62
     7
100
AcDbVertex
100
AcDb2dVertex
 10
9.7357247105972711
 20
30.48088827263831
  0
VERTEX
  5
FF8
100
AcDbEntity
  8
0
 62
     7
100
AcDbVertex
100
AcDb2dVertex
 10
9.7331193754197081
 20
30.47264412345271
  0
VERTEX
  5
FF9
100
AcDbEntity
  8
0
 62
     7
100
AcDbVertex
100
AcDb2dVertex
 10
9.7310954638782512
 20
30.464238314293979
  0
VERTEX
  5
FFA
100
AcDbEntity
  8
0
 62
     7
100
AcDbVertex
100
AcDb2dVertex
 10
9.7296628473795472
 20
30.455711801901437
  0
VERTEX
  5
FFB
100
AcDbEntity
  8
0
 62
     7
100
AcDbVertex
100
AcDb2dVertex
 10
9.7288284957125803
 20
30.447106123983986
  0
VERTEX
  5
FFC
100
AcDbEntity
  8
0
 62
     7
100
AcDbVertex
100
AcDb2dVertex
 10
9.7285964770486579
 20
30.43846320875528
  0
VERTEX
  5
FFD
100
AcDbEntity
  8
0
 62
     7
100
AcDbVertex
100
AcDb2dVertex
 10
9.728967928408462
 20
30.429825162088456
  0
VERTEX
  5
FFE
100
AcDbEntity
  8
0
 62
     7
100
AcDbVertex
100
AcDb2dVertex
 10
9.7299410261289658
 20
30.421234068399073
  0
VERTEX
  5
FFF
100
AcDbEntity
  8
0
 62
     7
100
AcDbVertex
100
AcDb2dVertex
 10
9.7315110449295155
 20
30.412731782299005
  0
VERTEX
  5
1000
100
AcDbEntity
  8
0
 62
     7
100
AcDbVertex
100
AcDb2dVertex
 10
9.7364083553440217
 20
30.396158689135433
  0
SEQEND
  5
1001
100
AcDbEntity
  8
0
  0
POLYLINE
  5
1002
100
AcDbEntity
  8
0
 62
     7
100
AcDb2dPolyline
 66
     1
 10
0.0
 20
0.0
 30
0.0
  0
VERTEX
  5
1003
100
AcDbEntity
  8
0
 62
     7
100
AcDbVertex
100
AcDb2dVertex
 10
9.7364084201332908
 20
30.482766475288134
  0
VERTEX
  5
1004
100
AcDbEntity
  8
0
 62
     7
100
AcDbVertex
100
AcDb2dVertex
 10
9.6509197607994786
 20
30.253657026827625
  0
SEQEND
  5
1005
100
AcDbEntity
  8
0
  0
POLYLINE
  5
1006
100
AcDbEntity
  8
0
 62
     7
100
AcDb2dPolyline
 66
     1
 10
0.0
 20
0.0
 30
0.0
  0
VERTEX
  5
1007
100
AcDbEntity
  8
0
 62
     7
100
AcDbVertex
100
AcDb2dVertex
 10
11.207221313292198
 20
30.482766542169756
  0
VERTEX
  5
1008
100
AcDbEntity
  8
0
 62
     7
100
AcDbVertex
100
AcDb2dVertex
 10
11.203917884345596
 20
30.490756607845707
  0
VERTEX
  5
1009
100
AcDbEntity
  8
0
 62
     7
100
AcDbVertex
100
AcDb2dVertex
 10
11.200065141521652
 20
30.498496776315346
  0
VERTEX
  5
100A
100
AcDbEntity
  8
0
 62
     7
100
AcDbVertex
100
AcDb2dVertex
 10
11.195681853044515
 20
30.505949330240743
  0
VERTEX
  5
100B
100
AcDbEntity
  8
0
 62
     7
100
AcDbVertex
100
AcDb2dVertex
 10
11.190789378659435
 20
30.51307797725141
  0
VERTEX
  5
100C
100
AcDbEntity
  8
0
 62
     7
100
AcDbVertex
100
AcDb2dVertex
 10
11.185411558884024
 20
30.519847968076331
  0
VERTEX
  5
100D
100
AcDbEntity
  8
0
 62
     7
100
AcDbVertex
100
AcDb2dVertex
 10
11.179574582109712
 20
30.526226336499615
  0
VERTEX
  5
100E
100
AcDbEntity
  8
0
 62
     7
100
AcDbVertex
100
AcDb2dVertex
 10
11.173306896002767
 20
30.532181999034382
  0
VERTEX
  5
100F
100
AcDbEntity
  8
0
 62
     7
100
AcDbVertex
100
AcDb2dVertex
 10
11.166639030306225
 20
30.537685939504051
  0
VERTEX
  5
1010
100
AcDbEntity
  8
0
 62
     7
100
AcDbVertex
100
AcDb2dVertex
 10
11.159603471324662
 20
30.542711349324097
  0
VERTEX
  5
1011
100
AcDbEntity
  8
0
 62
     7
100
AcDbVertex
100
AcDb2dVertex
 10
11.152234495801036
 20
30.547233738250821
  0
VERTEX
  5
1012
100
AcDbEntity
  8
0
 62
     7
100
AcDbVertex
100
AcDb2dVertex
 10
11.144568004793516
 20
30.551231082046371
  0
VERTEX
  5
1013
100
AcDbEntity
  8
0
 62
     7
100
AcDbVertex
100
AcDb2dVertex
 10
11.136641350169118
 20
30.554683896311253
  0
VERTEX
  5
1014
100
AcDbEntity
  8
0
 62
     7
100
AcDbVertex
100
AcDb2dVertex
 10
11.128493146330779
 20
30.557575369382853
  0
VERTEX
  5
1015
100
AcDbEntity
  8
0
 62
     7
100
AcDbVertex
100
AcDb2dVertex
 10
11.12016309301934
 20
30.559891406634939
  0
VERTEX
  5
1016
100
AcDbEntity
  8
0
 62
     7
100
AcDbVertex
100
AcDb2dVertex
 10
11.111691772274131
 20
30.561620726459914
  0
VERTEX
  5
1017
100
AcDbEntity
  8
0
 62
     7
100
AcDbVertex
100
AcDb2dVertex
 10
11.103120455545561
 20
30.562754904568351
  0
VERTEX
  5
1018
100
AcDbEntity
  8
0
 62
     7
100
AcDbVertex
100
AcDb2dVertex
 10
11.094490902732243
 20
30.563288410905212
  0
VERTEX
  5
1019
100
AcDbEntity
  8
0
 62
     7
100
AcDbVertex
100
AcDb2dVertex
 10
11.085845155219221
 20
30.563218653949392
  0
VERTEX
  5
101A
100
AcDbEntity
  8
0
 62
     7
100
AcDbVertex
100
AcDb2dVertex
 10
11.077225334222948
 20
30.562545973330433
  0
VERTEX
  5
101B
100
AcDbEntity
  8
0
 62
     7
100
AcDbVertex
100
AcDb2dVertex
 10
11.068673435444612
 20
30.561273639828546
  0
VERTEX
  5
101C
100
AcDbEntity
  8
0
 62
     7
100
AcDbVertex
100
AcDb2dVertex
 10
11.06023111980112
 20
30.559407855374605
  0
VERTEX
  5
101D
100
AcDbEntity
  8
0
 62
     7
100
AcDbVertex
100
AcDb2dVertex
 10
11.051939523998524
 20
30.556957708750641
  0
VERTEX
  5
101E
100
AcDbEntity
  8
0
 62
     7
100
AcDbVertex
100
AcDb2dVertex
 10
11.043839034420028
 20
30.553935138673584
  0
VERTEX
  5
101F
100
AcDbEntity
  8
0
 62
     7
100
AcDbVertex
100
AcDb2dVertex
 10
11.035969123771498
 20
30.550354867346005
  0
VERTEX
  5
1020
100
AcDbEntity
  8
0
 62
     7
100
AcDbVertex
100
AcDb2dVertex
 10
11.028368133275581
 20
30.546234341390111
  0
VERTEX
  5
1021
100
AcDbEntity
  8
0
 62
     7
100
AcDbVertex
100
AcDb2dVertex
 10
11.021073089936234
 20
30.541593635865482
  0
VERTEX
  5
1022
100
AcDbEntity
  8
0
 62
     7
100
AcDbVertex
100
AcDb2dVertex
 10
11.014119521957465
 20
30.536455350903545
  0
VERTEX
  5
1023
100
AcDbEntity
  8
0
 62
     7
100
AcDbVertex
100
AcDb2dVertex
 10
11.007541333228051
 20
30.530844530491827
  0
VERTEX
  5
1024
100
AcDbEntity
  8
0
 62
     7
100
AcDbVertex
100
AcDb2dVertex
 10
11.001370559674246
 20
30.524788514808929
  0
VERTEX
  5
1025
100
AcDbEntity
  8
0
 62
     7
100
AcDbVertex
100
AcDb2dVertex
 10
10.995637265894285
 20
30.518316792559503
  0
VERTEX
  5
1026
100
AcDbEntity
  8
0
 62
     7
100
AcDbVertex
100
AcDb2dVertex
 10
10.99036938272685
 20
30.511460904991988
  0
VERTEX
  5
1027
100
AcDbEntity
  8
0
 62
     7
100
AcDbVertex
100
AcDb2dVertex
 10
10.985592574352555
 20
30.504254246550836
  0
VERTEX
  5
1028
100
AcDbEntity
  8
0
 62
     7
100
AcDbVertex
100
AcDb2dVertex
 10
10.981330112778682
 20
30.496731928286369
  0
VERTEX
  5
1029
100
AcDbEntity
  8
0
 62
     7
100
AcDbVertex
100
AcDb2dVertex
 10
10.977602767090392
 20
30.48893060065674
  0
VERTEX
  5
102A
100
AcDbEntity
  8
0
 62
     7
100
AcDbVertex
100
AcDb2dVertex
 10
10.974428685318752
 20
30.48088827263831
  0
VERTEX
  5
102B
100
AcDbEntity
  8
0
 62
     7
100
AcDbVertex
100
AcDb2dVertex
 10
10.971823350141189
 20
30.47264412345271
  0
VERTEX
  5
102C
100
AcDbEntity
  8
0
 62
     7
100
AcDbVertex
100
AcDb2dVertex
 10
10.969799438599733
 20
30.464238314293979
  0
VERTEX
  5
102D
100
AcDbEntity
  8
0
 62
     7
100
AcDbVertex
100
AcDb2dVertex
 10
10.968366822101036
 20
30.455711801901437
  0
VERTEX
  5
102E
100
AcDbEntity
  8
0
 62
     7
100
AcDbVertex
100
AcDb2dVertex
 10
10.967532470434062
 20
30.447106123983986
  0
VERTEX
  5
102F
100
AcDbEntity
  8
0
 62
     7
100
AcDbVertex
100
AcDb2dVertex
 10
10.967300451770146
 20
30.43846320875528
  0
VERTEX
  5
1030
100
AcDbEntity
  8
0
 62
     7
100
AcDbVertex
100
AcDb2dVertex
 10
10.967671903129943
 20
30.429825162088456
  0
VERTEX
  5
1031
100
AcDbEntity
  8
0
 62
     7
100
AcDbVertex
100
AcDb2dVertex
 10
10.968645000850447
 20
30.421234068399073
  0
VERTEX
  5
1032
100
AcDbEntity
  8
0
 62
     7
100
AcDbVertex
100
AcDb2dVertex
 10
10.970215019650997
 20
30.412731782299005
  0
VERTEX
  5
1033
100
AcDbEntity
  8
0
 62
     7
100
AcDbVertex
100
AcDb2dVertex
 10
10.975112330065503
 20
30.396158689135433
  0
SEQEND
  5
1034
100
AcDbEntity
  8
0
  0
POLYLINE
  5
1035
100
AcDbEntity
  8
0
 62
     7
100
AcDb2dPolyline
 66
     1
 10
0.0
 20
0.0
 30
0.0
  0
VERTEX
  5
1036
100
AcDbEntity
  8
0
 62
     7
100
AcDbVertex
100
AcDb2dVertex
 10
10.975112394854772
 20
30.482766475288134
  0
VERTEX
  5
1037
100
AcDbEntity
  8
0
 62
     7
100
AcDbVertex
100
AcDb2dVertex
 10
10.88962373552096
 20
30.253657026827625
  0
SEQEND
  5
1038
100
AcDbEntity
  8
0
  0
POLYLINE
  5
1039
100
AcDbEntity
  8
0
 62
     7
100
AcDb2dPolyline
 66
     1
 10
0.0
 20
0.0
 30
0.0
  0
VERTEX
  5
103A
100
AcDbEntity
  8
0
 62
     7
100
AcDbVertex
100
AcDb2dVertex
 10
13.012105091864601
 20
28.965404893117285
  0
VERTEX
  5
103B
100
AcDbEntity
  8
0
 62
     7
100
AcDbVertex
100
AcDb2dVertex
 10
13.986383672324667
 20
28.965404893117285
  0
SEQEND
  5
103C
100
AcDbEntity
  8
0
  0
POLYLINE
  5
103D
100
AcDbEntity
  8
0
 62
     7
100
AcDb2dPolyline
 66
     1
 10
0.0
 20
0.0
 30
0.0
  0
VERTEX
  5
103E
100
AcDbEntity
  8
0
 62
     7
100
AcDbVertex
100
AcDb2dVertex
 10
12.531413875174973
 20
30.253657026827625
  0
VERTEX
  5
103F
100
AcDbEntity
  8
0
 62
     7
100
AcDbVertex
100
AcDb2dVertex
 10
13.505692455635046
 20
30.253657026827625
  0
SEQEND
  5
1040
100
AcDbEntity
  8
0
  0
POLYLINE
  5
1041
100
AcDbEntity
  8
0
 62
     7
100
AcDb2dPolyline
 66
     1
 10
0.0
 20
0.0
 30
0.0
  0
VERTEX
  5
1042
100
AcDbEntity
  8
0
 62
     7
100
AcDbVertex
100
AcDb2dVertex
 10
12.445925215841154
 20
30.482766475288134
  0
VERTEX
  5
1043
100
AcDbEntity
  8
0
 62
     7
100
AcDbVertex
100
AcDb2dVertex
 10
13.065277203201898
 20
28.822903149161348
  0
SEQEND
  5
1044
100
AcDbEntity
  8
0
  0
POLYLINE
  5
1045
100
AcDbEntity
  8
0
 62
     7
100
AcDb2dPolyline
 66
     1
 10
0.0
 20
0.0
 30
0.0
  0
VERTEX
  5
1046
100
AcDbEntity
  8
0
 62
     7
100
AcDbVertex
100
AcDb2dVertex
 10
12.213816369576254
 20
30.396158770783561
  0
VERTEX
  5
1047
100
AcDbEntity
  8
0
 62
     7
100
AcDbVertex
100
AcDb2dVertex
 10
12.833168356936998
 20
28.736295444656772
  0
SEQEND
  5
1048
100
AcDbEntity
  8
0
  0
POLYLINE
  5
1049
100
AcDbEntity
  8
0
 62
     7
100
AcDb2dPolyline
 66
     1
 10
0.0
 20
0.0
 30
0.0
  0
VERTEX
  5
104A
100
AcDbEntity
  8
0
 62
     7
100
AcDbVertex
100
AcDb2dVertex
 10
11.773401117143113
 20
28.965404893117285
  0
VERTEX
  5
104B
100
AcDbEntity
  8
0
 62
     7
100
AcDbVertex
100
AcDb2dVertex
 10
12.747679697603186
 20
28.965404893117285
  0
SEQEND
  5
104C
100
AcDbEntity
  8
0
  0
POLYLINE
  5
104D
100
AcDbEntity
  8
0
 62
     7
100
AcDb2dPolyline
 66
     1
 10
0.0
 20
0.0
 30
0.0
  0
VERTEX
  5
104E
100
AcDbEntity
  8
0
 62
     7
100
AcDbVertex
100
AcDb2dVertex
 10
11.826573300652935
 20
28.82290321604297
  0
VERTEX
  5
104F
100
AcDbEntity
  8
0
 62
     7
100
AcDbVertex
100
AcDb2dVertex
 10
11.829311327618182
 20
28.814702177660195
  0
VERTEX
  5
1050
100
AcDbEntity
  8
0
 62
     7
100
AcDbVertex
100
AcDb2dVertex
 10
11.831470603684199
 20
28.806330121033589
  0
VERTEX
  5
1051
100
AcDbEntity
  8
0
 62
     7
100
AcDbVertex
100
AcDb2dVertex
 10
11.833040622484742
 20
28.797827834933521
  0
VERTEX
  5
1052
100
AcDbEntity
  8
0
 62
     7
100
AcDbVertex
100
AcDb2dVertex
 10
11.834013727588502
 20
28.789236741244139
  0
VERTEX
  5
1053
100
AcDbEntity
  8
0
 62
     7
100
AcDbVertex
100
AcDb2dVertex
 10
11.834385171565049
 20
28.780598694692674
  0
VERTEX
  5
1054
100
AcDbEntity
  8
0
 62
     7
100
AcDbVertex
100
AcDb2dVertex
 10
11.834153152901134
 20
28.771955779348605
  0
VERTEX
  5
1055
100
AcDbEntity
  8
0
 62
     7
100
AcDbVertex
100
AcDb2dVertex
 10
11.83331880123416
 20
28.763350103276967
  0
VERTEX
  5
1056
100
AcDbEntity
  8
0
 62
     7
100
AcDbVertex
100
AcDb2dVertex
 10
11.831886177352207
 20
28.754823589038615
  0
VERTEX
  5
1057
100
AcDbEntity
  8
0
 62
     7
100
AcDbVertex
100
AcDb2dVertex
 10
11.829862273194006
 20
28.746417781725693
  0
VERTEX
  5
1058
100
AcDbEntity
  8
0
 62
     7
100
AcDbVertex
100
AcDb2dVertex
 10
11.827256930633187
 20
28.738173632540096
  0
VERTEX
  5
1059
100
AcDbEntity
  8
0
 62
     7
100
AcDbVertex
100
AcDb2dVertex
 10
11.824082856244797
 20
28.730131300830038
  0
VERTEX
  5
105A
100
AcDbEntity
  8
0
 62
     7
100
AcDbVertex
100
AcDb2dVertex
 10
11.820355503173264
 20
28.722329976892038
  0
VERTEX
  5
105B
100
AcDbEntity
  8
0
 62
     7
100
AcDbVertex
100
AcDb2dVertex
 10
11.816093041599384
 20
28.714807658627567
  0
VERTEX
  5
105C
100
AcDbEntity
  8
0
 62
     7
100
AcDbVertex
100
AcDb2dVertex
 10
11.811316233225089
 20
28.707601000186418
  0
VERTEX
  5
105D
100
AcDbEntity
  8
0
 62
     7
100
AcDbVertex
100
AcDb2dVertex
 10
11.806048350057655
 20
28.700745112618904
  0
VERTEX
  5
105E
100
AcDbEntity
  8
0
 62
     7
100
AcDbVertex
100
AcDb2dVertex
 10
11.800315048894443
 20
28.694273397752728
  0
VERTEX
  5
105F
100
AcDbEntity
  8
0
 62
     7
100
AcDbVertex
100
AcDb2dVertex
 10
11.794144282723895
 20
28.68821737468658
  0
VERTEX
  5
1060
100
AcDbEntity
  8
0
 62
     7
100
AcDbVertex
100
AcDb2dVertex
 10
11.787566093994474
 20
28.682606561658112
  0
VERTEX
  5
1061
100
AcDbEntity
  8
0
 62
     7
100
AcDbVertex
100
AcDb2dVertex
 10
11.780612533398962
 20
28.677468284079428
  0
VERTEX
  5
1062
100
AcDbEntity
  8
0
 62
     7
100
AcDbVertex
100
AcDb2dVertex
 10
11.773317490059615
 20
28.672827578554795
  0
VERTEX
  5
1063
100
AcDbEntity
  8
0
 62
     7
100
AcDbVertex
100
AcDb2dVertex
 10
11.765716499563691
 20
28.668707052598901
  0
VERTEX
  5
1064
100
AcDbEntity
  8
0
 62
     7
100
AcDbVertex
100
AcDb2dVertex
 10
11.757846588915161
 20
28.665126781271322
  0
VERTEX
  5
1065
100
AcDbEntity
  8
0
 62
     7
100
AcDbVertex
100
AcDb2dVertex
 10
11.749746099336665
 20
28.662104211194265
  0
VERTEX
  5
1066
100
AcDbEntity
  8
0
 62
     7
100
AcDbVertex
100
AcDb2dVertex
 10
11.741454503534076
 20
28.659654064570301
  0
VERTEX
  5
1067
100
AcDbEntity
  8
0
 62
     7
100
AcDbVertex
100
AcDb2dVertex
 10
11.733012187890576
 20
28.65778828011636
  0
VERTEX
  5
1068
100
AcDbEntity
  8
0
 62
     7
100
AcDbVertex
100
AcDb2dVertex
 10
11.724460289112248
 20
28.656515946614473
  0
VERTEX
  5
1069
100
AcDbEntity
  8
0
 62
     7
100
AcDbVertex
100
AcDb2dVertex
 10
11.715840468115974
 20
28.655843265995514
  0
VERTEX
  5
106A
100
AcDbEntity
  8
0
 62
     7
100
AcDbVertex
100
AcDb2dVertex
 10
11.707194720602953
 20
28.655773509039694
  0
VERTEX
  5
106B
100
AcDbEntity
  8
0
 62
     7
100
AcDbVertex
100
AcDb2dVertex
 10
11.698565167789628
 20
28.656307015376559
  0
VERTEX
  5
106C
100
AcDbEntity
  8
0
 62
     7
100
AcDbVertex
100
AcDb2dVertex
 10
11.689993851061065
 20
28.657441193484992
  0
VERTEX
  5
106D
100
AcDbEntity
  8
0
 62
     7
100
AcDbVertex
100
AcDb2dVertex
 10
11.681522530315856
 20
28.65917051330997
  0
VERTEX
  5
106E
100
AcDbEntity
  8
0
 62
     7
100
AcDbVertex
100
AcDb2dVertex
 10
11.67319247700441
 20
28.661486550562053
  0
VERTEX
  5
106F
100
AcDbEntity
  8
0
 62
     7
100
AcDbVertex
100
AcDb2dVertex
 10
11.665044273166071
 20
28.664378023633653
  0
VERTEX
  5
1070
100
AcDbEntity
  8
0
 62
     7
100
AcDbVertex
100
AcDb2dVertex
 10
11.65711761854168
 20
28.667830837898538
  0
VERTEX
  5
1071
100
AcDbEntity
  8
0
 62
     7
100
AcDbVertex
100
AcDb2dVertex
 10
11.64945112753416
 20
28.671828181694089
  0
VERTEX
  5
1072
100
AcDbEntity
  8
0
 62
     7
100
AcDbVertex
100
AcDb2dVertex
 10
11.642082152010527
 20
28.676350570620809
  0
VERTEX
  5
1073
100
AcDbEntity
  8
0
 62
     7
100
AcDbVertex
100
AcDb2dVertex
 10
11.635046593028971
 20
28.681375980440855
  0
VERTEX
  5
1074
100
AcDbEntity
  8
0
 62
     7
100
AcDbVertex
100
AcDb2dVertex
 10
11.628378742098928
 20
28.686879906144021
  0
VERTEX
  5
1075
100
AcDbEntity
  8
0
 62
     7
100
AcDbVertex
100
AcDb2dVertex
 10
11.622111048608726
 20
28.692835568678792
  0
VERTEX
  5
1076
100
AcDbEntity
  8
0
 62
     7
100
AcDbVertex
100
AcDb2dVertex
 10
11.616274071834422
 20
28.699213937102073
  0
VERTEX
  5
1077
100
AcDbEntity
  8
0
 62
     7
100
AcDbVertex
100
AcDb2dVertex
 10
11.61089625205901
 20
28.705983927926994
  0
VERTEX
  5
1078
100
AcDbEntity
  8
0
 62
     7
100
AcDbVertex
100
AcDb2dVertex
 10
11.60600377767393
 20
28.713112574937661
  0
VERTEX
  5
1079
100
AcDbEntity
  8
0
 62
     7
100
AcDbVertex
100
AcDb2dVertex
 10
11.601620489196794
 20
28.720565128863058
  0
VERTEX
  5
107A
100
AcDbEntity
  8
0
 62
     7
100
AcDbVertex
100
AcDb2dVertex
 10
11.594464317426247
 20
28.736295363008647
  0
SEQEND
  5
107B
100
AcDbEntity
  8
0
  0
POLYLINE
  5
107C
100
AcDbEntity
  8
0
 62
     7
100
AcDb2dPolyline
 66
     1
 10
0.0
 20
0.0
 30
0.0
  0
VERTEX
  5
107D
100
AcDbEntity
  8
0
 62
     7
100
AcDbVertex
100
AcDb2dVertex
 10
13.065277275374424
 20
28.82290321604297
  0
VERTEX
  5
107E
100
AcDbEntity
  8
0
 62
     7
100
AcDbVertex
100
AcDb2dVertex
 10
13.068015302339671
 20
28.814702177660195
  0
VERTEX
  5
107F
100
AcDbEntity
  8
0
 62
     7
100
AcDbVertex
100
AcDb2dVertex
 10
13.07017457840568
 20
28.806330121033589
  0
VERTEX
  5
1080
100
AcDbEntity
  8
0
 62
     7
100
AcDbVertex
100
AcDb2dVertex
 10
13.07174459720623
 20
28.797827834933521
  0
VERTEX
  5
1081
100
AcDbEntity
  8
0
 62
     7
100
AcDbVertex
100
AcDb2dVertex
 10
13.072717702309983
 20
28.789236741244139
  0
VERTEX
  5
1082
100
AcDbEntity
  8
0
 62
     7
100
AcDbVertex
100
AcDb2dVertex
 10
13.073089146286531
 20
28.780598694692674
  0
VERTEX
  5
1083
100
AcDbEntity
  8
0
 62
     7
100
AcDbVertex
100
AcDb2dVertex
 10
13.072857127622616
 20
28.771955779348605
  0
VERTEX
  5
1084
100
AcDbEntity
  8
0
 62
     7
100
AcDbVertex
100
AcDb2dVertex
 10
13.072022775955642
 20
28.763350103276967
  0
VERTEX
  5
1085
100
AcDbEntity
  8
0
 62
     7
100
AcDbVertex
100
AcDb2dVertex
 10
13.070590152073688
 20
28.754823589038615
  0
VERTEX
  5
1086
100
AcDbEntity
  8
0
 62
     7
100
AcDbVertex
100
AcDb2dVertex
 10
13.068566247915488
 20
28.746417781725693
  0
VERTEX
  5
1087
100
AcDbEntity
  8
0
 62
     7
100
AcDbVertex
100
AcDb2dVertex
 10
13.065960905354668
 20
28.738173632540096
  0
VERTEX
  5
1088
100
AcDbEntity
  8
0
 62
     7
100
AcDbVertex
100
AcDb2dVertex
 10
13.062786830966285
 20
28.730131300830038
  0
VERTEX
  5
1089
100
AcDbEntity
  8
0
 62
     7
100
AcDbVertex
100
AcDb2dVertex
 10
13.059059477894746
 20
28.722329976892038
  0
VERTEX
  5
108A
100
AcDbEntity
  8
0
 62
     7
100
AcDbVertex
100
AcDb2dVertex
 10
13.054797016320865
 20
28.714807658627567
  0
VERTEX
  5
108B
100
AcDbEntity
  8
0
 62
     7
100
AcDbVertex
100
AcDb2dVertex
 10
13.050020207946577
 20
28.707601000186418
  0
VERTEX
  5
108C
100
AcDbEntity
  8
0
 62
     7
100
AcDbVertex
100
AcDb2dVertex
 10
13.044752324779143
 20
28.700745112618904
  0
VERTEX
  5
108D
100
AcDbEntity
  8
0
 62
     7
100
AcDbVertex
100
AcDb2dVertex
 10
13.039019023615932
 20
28.694273397752728
  0
VERTEX
  5
108E
100
AcDbEntity
  8
0
 62
     7
100
AcDbVertex
100
AcDb2dVertex
 10
13.032848257445377
 20
28.68821737468658
  0
VERTEX
  5
108F
100
AcDbEntity
  8
0
 62
     7
100
AcDbVertex
100
AcDb2dVertex
 10
13.026270068715956
 20
28.682606561658112
  0
VERTEX
  5
1090
100
AcDbEntity
  8
0
 62
     7
100
AcDbVertex
100
AcDb2dVertex
 10
13.019316508120443
 20
28.677468284079428
  0
VERTEX
  5
1091
100
AcDbEntity
  8
0
 62
     7
100
AcDbVertex
100
AcDb2dVertex
 10
13.012021464781096
 20
28.672827578554795
  0
VERTEX
  5
1092
100
AcDbEntity
  8
0
 62
     7
100
AcDbVertex
100
AcDb2dVertex
 10
13.00442047428518
 20
28.668707052598901
  0
VERTEX
  5
1093
100
AcDbEntity
  8
0
 62
     7
100
AcDbVertex
100
AcDb2dVertex
 10
12.996550563636642
 20
28.665126781271322
  0
VERTEX
  5
1094
100
AcDbEntity
  8
0
 62
     7
100
AcDbVertex
100
AcDb2dVertex
 10
12.988450074058147
 20
28.662104211194265
  0
VERTEX
  5
1095
100
AcDbEntity
  8
0
 62
     7
100
AcDbVertex
100
AcDb2dVertex
 10
12.980158478255557
 20
28.659654064570301
  0
VERTEX
  5
1096
100
AcDbEntity
  8
0
 62
     7
100
AcDbVertex
100
AcDb2dVertex
 10
12.971716162612058
 20
28.65778828011636
  0
VERTEX
  5
1097
100
AcDbEntity
  8
0
 62
     7
100
AcDbVertex
100
AcDb2dVertex
 10
12.963164263833729
 20
28.656515946614473
  0
VERTEX
  5
1098
100
AcDbEntity
  8
0
 62
     7
100
AcDbVertex
100
AcDb2dVertex
 10
12.954544442837456
 20
28.655843265995514
  0
VERTEX
  5
1099
100
AcDbEntity
  8
0
 62
     7
100
AcDbVertex
100
AcDb2dVertex
 10
12.945898695324434
 20
28.655773509039694
  0
VERTEX
  5
109A
100
AcDbEntity
  8
0
 62
     7
100
AcDbVertex
100
AcDb2dVertex
 10
12.937269142511109
 20
28.656307015376559
  0
VERTEX
  5
109B
100
AcDbEntity
  8
0
 62
     7
100
AcDbVertex
100
AcDb2dVertex
 10
12.928697825782546
 20
28.657441193484992
  0
VERTEX
  5
109C
100
AcDbEntity
  8
0
 62
     7
100
AcDbVertex
100
AcDb2dVertex
 10
12.920226505037338
 20
28.65917051330997
  0
VERTEX
  5
109D
100
AcDbEntity
  8
0
 62
     7
100
AcDbVertex
100
AcDb2dVertex
 10
12.911896451725898
 20
28.661486550562053
  0
VERTEX
  5
109E
100
AcDbEntity
  8
0
 62
     7
100
AcDbVertex
100
AcDb2dVertex
 10
12.90374824788756
 20
28.664378023633653
  0
VERTEX
  5
109F
100
AcDbEntity
  8
0
 62
     7
100
AcDbVertex
100
AcDb2dVertex
 10
12.895821593263161
 20
28.667830837898538
  0
VERTEX
  5
10A0
100
AcDbEntity
  8
0
 62
     7
100
AcDbVertex
100
AcDb2dVertex
 10
12.888155102255642
 20
28.671828181694089
  0
VERTEX
  5
10A1
100
AcDbEntity
  8
0
 62
     7
100
AcDbVertex
100
AcDb2dVertex
 10
12.880786126732016
 20
28.676350570620809
  0
VERTEX
  5
10A2
100
AcDbEntity
  8
0
 62
     7
100
AcDbVertex
100
AcDb2dVertex
 10
12.873750567750452
 20
28.681375980440855
  0
VERTEX
  5
10A3
100
AcDbEntity
  8
0
 62
     7
100
AcDbVertex
100
AcDb2dVertex
 10
12.867082716820416
 20
28.686879906144021
  0
VERTEX
  5
10A4
100
AcDbEntity
  8
0
 62
     7
100
AcDbVertex
100
AcDb2dVertex
 10
12.860815023330215
 20
28.692835568678792
  0
VERTEX
  5
10A5
100
AcDbEntity
  8
0
 62
     7
100
AcDbVertex
100
AcDb2dVertex
 10
12.854978046555903
 20
28.699213937102073
  0
VERTEX
  5
10A6
100
AcDbEntity
  8
0
 62
     7
100
AcDbVertex
100
AcDb2dVertex
 10
12.849600226780492
 20
28.705983927926994
  0
VERTEX
  5
10A7
100
AcDbEntity
  8
0
 62
     7
100
AcDbVertex
100
AcDb2dVertex
 10
12.844707752395411
 20
28.713112574937661
  0
VERTEX
  5
10A8
100
AcDbEntity
  8
0
 62
     7
100
AcDbVertex
100
AcDb2dVertex
 10
12.840324463918275
 20
28.720565128863058
  0
VERTEX
  5
10A9
100
AcDbEntity
  8
0
 62
     7
100
AcDbVertex
100
AcDb2dVertex
 10
12.833168292147729
 20
28.736295363008647
  0
SEQEND
  5
10AA
100
AcDbEntity
  8
0
  0
POLYLINE
  5
10AB
100
AcDbEntity
  8
0
 62
     7
100
AcDb2dPolyline
 66
     1
 10
0.0
 20
0.0
 30
0.0
  0
VERTEX
  5
10AC
100
AcDbEntity
  8
0
 62
     7
100
AcDbVertex
100
AcDb2dVertex
 10
12.445925288013679
 20
30.482766542169756
  0
VERTEX
  5
10AD
100
AcDbEntity
  8
0
 62
     7
100
AcDbVertex
100
AcDb2dVertex
 10
12.442621859067078
 20
30.490756607845707
  0
VERTEX
  5
10AE
100
AcDbEntity
  8
0
 62
     7
100
AcDbVertex
100
AcDb2dVertex
 10
12.438769116243133
 20
30.498496776315346
  0
VERTEX
  5
10AF
100
AcDbEntity
  8
0
 62
     7
100
AcDbVertex
100
AcDb2dVertex
 10
12.434385827765997
 20
30.505949330240743
  0
VERTEX
  5
10B0
100
AcDbEntity
  8
0
 62
     7
100
AcDbVertex
100
AcDb2dVertex
 10
12.429493353380916
 20
30.51307797725141
  0
VERTEX
  5
10B1
100
AcDbEntity
  8
0
 62
     7
100
AcDbVertex
100
AcDb2dVertex
 10
12.424115533605505
 20
30.519847968076331
  0
VERTEX
  5
10B2
100
AcDbEntity
  8
0
 62
     7
100
AcDbVertex
100
AcDb2dVertex
 10
12.418278556831201
 20
30.526226336499615
  0
VERTEX
  5
10B3
100
AcDbEntity
  8
0
 62
     7
100
AcDbVertex
100
AcDb2dVertex
 10
12.412010870724249
 20
30.532181999034382
  0
VERTEX
  5
10B4
100
AcDbEntity
  8
0
 62
     7
100
AcDbVertex
100
AcDb2dVertex
 10
12.405343005027706
 20
30.537685939504051
  0
VERTEX
  5
10B5
100
AcDbEntity
  8
0
 62
     7
100
AcDbVertex
100
AcDb2dVertex
 10
12.398307446046143
 20
30.542711349324097
  0
VERTEX
  5
10B6
100
AcDbEntity
  8
0
 62
     7
100
AcDbVertex
100
AcDb2dVertex
 10
12.390938470522517
 20
30.547233738250821
  0
VERTEX
  5
10B7
100
AcDbEntity
  8
0
 62
     7
100
AcDbVertex
100
AcDb2dVertex
 10
12.383271979514998
 20
30.551231082046371
  0
VERTEX
  5
10B8
100
AcDbEntity
  8
0
 62
     7
100
AcDbVertex
100
AcDb2dVertex
 10
12.375345324890606
 20
30.554683896311253
  0
VERTEX
  5
10B9
100
AcDbEntity
  8
0
 62
     7
100
AcDbVertex
100
AcDb2dVertex
 10
12.367197121052261
 20
30.557575369382853
  0
VERTEX
  5
10BA
100
AcDbEntity
  8
0
 62
     7
100
AcDbVertex
100
AcDb2dVertex
 10
12.358867067740821
 20
30.559891406634939
  0
VERTEX
  5
10BB
100
AcDbEntity
  8
0
 62
     7
100
AcDbVertex
100
AcDb2dVertex
 10
12.350395746995613
 20
30.561620726459914
  0
VERTEX
  5
10BC
100
AcDbEntity
  8
0
 62
     7
100
AcDbVertex
100
AcDb2dVertex
 10
12.341824430267049
 20
30.562754904568351
  0
VERTEX
  5
10BD
100
AcDbEntity
  8
0
 62
     7
100
AcDbVertex
100
AcDb2dVertex
 10
12.333194877453725
 20
30.563288410905212
  0
VERTEX
  5
10BE
100
AcDbEntity
  8
0
 62
     7
100
AcDbVertex
100
AcDb2dVertex
 10
12.324549129940703
 20
30.563218653949392
  0
VERTEX
  5
10BF
100
AcDbEntity
  8
0
 62
     7
100
AcDbVertex
100
AcDb2dVertex
 10
12.31592930894443
 20
30.562545973330433
  0
VERTEX
  5
10C0
100
AcDbEntity
  8
0
 62
     7
100
AcDbVertex
100
AcDb2dVertex
 10
12.307377410166101
 20
30.561273639828546
  0
VERTEX
  5
10C1
100
AcDbEntity
  8
0
 62
     7
100
AcDbVertex
100
AcDb2dVertex
 10
12.298935094522601
 20
30.559407855374605
  0
VERTEX
  5
10C2
100
AcDbEntity
  8
0
 62
     7
100
AcDbVertex
100
AcDb2dVertex
 10
12.290643498720012
 20
30.556957708750641
  0
VERTEX
  5
10C3
100
AcDbEntity
  8
0
 62
     7
100
AcDbVertex
100
AcDb2dVertex
 10
12.282543009141516
 20
30.553935138673584
  0
VERTEX
  5
10C4
100
AcDbEntity
  8
0
 62
     7
100
AcDbVertex
100
AcDb2dVertex
 10
12.274673098492979
 20
30.550354867346005
  0
VERTEX
  5
10C5
100
AcDbEntity
  8
0
 62
     7
100
AcDbVertex
100
AcDb2dVertex
 10
12.267072107997063
 20
30.546234341390111
  0
VERTEX
  5
10C6
100
AcDbEntity
  8
0
 62
     7
100
AcDbVertex
100
AcDb2dVertex
 10
12.259777064657715
 20
30.541593635865482
  0
VERTEX
  5
10C7
100
AcDbEntity
  8
0
 62
     7
100
AcDbVertex
100
AcDb2dVertex
 10
12.252823496678946
 20
30.536455350903545
  0
VERTEX
  5
10C8
100
AcDbEntity
  8
0
 62
     7
100
AcDbVertex
100
AcDb2dVertex
 10
12.246245307949533
 20
30.530844530491827
  0
VERTEX
  5
10C9
100
AcDbEntity
  8
0
 62
     7
100
AcDbVertex
100
AcDb2dVertex
 10
12.240074534395728
 20
30.524788514808929
  0
VERTEX
  5
10CA
100
AcDbEntity
  8
0
 62
     7
100
AcDbVertex
100
AcDb2dVertex
 10
12.234341240615766
 20
30.518316792559503
  0
VERTEX
  5
10CB
100
AcDbEntity
  8
0
 62
     7
100
AcDbVertex
100
AcDb2dVertex
 10
12.229073357448332
 20
30.511460904991988
  0
VERTEX
  5
10CC
100
AcDbEntity
  8
0
 62
     7
100
AcDbVertex
100
AcDb2dVertex
 10
12.224296549074044
 20
30.504254246550836
  0
VERTEX
  5
10CD
100
AcDbEntity
  8
0
 62
     7
100
AcDbVertex
100
AcDb2dVertex
 10
12.220034087500164
 20
30.496731928286369
  0
VERTEX
  5
10CE
100
AcDbEntity
  8
0
 62
     7
100
AcDbVertex
100
AcDb2dVertex
 10
12.216306741811881
 20
30.48893060065674
  0
VERTEX
  5
10CF
100
AcDbEntity
  8
0
 62
     7
100
AcDbVertex
100
AcDb2dVertex
 10
12.213132660040234
 20
30.48088827263831
  0
VERTEX
  5
10D0
100
AcDbEntity
  8
0
 62
     7
100
AcDbVertex
100
AcDb2dVertex
 10
12.210527324862671
 20
30.47264412345271
  0
VERTEX
  5
10D1
100
AcDbEntity
  8
0
 62
     7
100
AcDbVertex
100
AcDb2dVertex
 10
12.208503413321221
 20
30.464238314293979
  0
VERTEX
  5
10D2
100
AcDbEntity
  8
0
 62
     7
100
AcDbVertex
100
AcDb2dVertex
 10
12.207070796822517
 20
30.455711801901437
  0
VERTEX
  5
10D3
100
AcDbEntity
  8
0
 62
     7
100
AcDbVertex
100
AcDb2dVertex
 10
12.206236445155543
 20
30.447106123983986
  0
VERTEX
  5
10D4
100
AcDbEntity
  8
0
 62
     7
100
AcDbVertex
100
AcDb2dVertex
 10
12.206004426491628
 20
30.43846320875528
  0
VERTEX
  5
10D5
100
AcDbEntity
  8
0
 62
     7
100
AcDbVertex
100
AcDb2dVertex
 10
12.206375877851425
 20
30.429825162088456
  0
VERTEX
  5
10D6
100
AcDbEntity
  8
0
 62
     7
100
AcDbVertex
100
AcDb2dVertex
 10
12.207348975571929
 20
30.421234068399073
  0
VERTEX
  5
10D7
100
AcDbEntity
  8
0
 62
     7
100
AcDbVertex
100
AcDb2dVertex
 10
12.208918994372478
 20
30.412731782299005
  0
VERTEX
  5
10D8
100
AcDbEntity
  8
0
 62
     7
100
AcDbVertex
100
AcDb2dVertex
 10
12.213816304786992
 20
30.396158689135433
  0
SEQEND
  5
10D9
100
AcDbEntity
  8
0
  0
POLYLINE
  5
10DA
100
AcDbEntity
  8
0
 62
     7
100
AcDb2dPolyline
 66
     1
 10
0.0
 20
0.0
 30
0.0
  0
VERTEX
  5
10DB
100
AcDbEntity
  8
0
 62
     7
100
AcDbVertex
100
AcDb2dVertex
 10
12.213816369576254
 20
30.482766475288134
  0
VERTEX
  5
10DC
100
AcDbEntity
  8
0
 62
     7
100
AcDbVertex
100
AcDb2dVertex
 10
12.128327710242441
 20
30.253657026827625
  0
SEQEND
  5
10DD
100
AcDbEntity
  8
0
  0
POLYLINE
  5
10DE
100
AcDbEntity
  8
0
 62
     7
100
AcDb2dPolyline
 66
     1
 10
0.0
 20
0.0
 30
0.0
  0
VERTEX
  5
10DF
100
AcDbEntity
  8
0
 62
     7
100
AcDbVertex
100
AcDb2dVertex
 10
13.684629190562642
 20
30.482766475288134
  0
VERTEX
  5
10E0
100
AcDbEntity
  8
0
 62
     7
100
AcDbVertex
100
AcDb2dVertex
 10
14.303981177923379
 20
28.822903149161348
  0
SEQEND
  5
10E1
100
AcDbEntity
  8
0
  0
POLYLINE
  5
10E2
100
AcDbEntity
  8
0
 62
     7
100
AcDb2dPolyline
 66
     1
 10
0.0
 20
0.0
 30
0.0
  0
VERTEX
  5
10E3
100
AcDbEntity
  8
0
 62
     7
100
AcDbVertex
100
AcDb2dVertex
 10
13.452520344297735
 20
30.396158770783561
  0
VERTEX
  5
10E4
100
AcDbEntity
  8
0
 62
     7
100
AcDbVertex
100
AcDb2dVertex
 10
14.071872331658479
 20
28.736295444656772
  0
SEQEND
  5
10E5
100
AcDbEntity
  8
0
  0
POLYLINE
  5
10E6
100
AcDbEntity
  8
0
 62
     7
100
AcDb2dPolyline
 66
     1
 10
0.0
 20
0.0
 30
0.0
  0
VERTEX
  5
10E7
100
AcDbEntity
  8
0
 62
     7
100
AcDbVertex
100
AcDb2dVertex
 10
14.303981250095905
 20
28.82290321604297
  0
VERTEX
  5
10E8
100
AcDbEntity
  8
0
 62
     7
100
AcDbVertex
100
AcDb2dVertex
 10
14.306719277061152
 20
28.814702177660195
  0
VERTEX
  5
10E9
100
AcDbEntity
  8
0
 62
     7
100
AcDbVertex
100
AcDb2dVertex
 10
14.308878553127162
 20
28.806330121033589
  0
VERTEX
  5
10EA
100
AcDbEntity
  8
0
 62
     7
100
AcDbVertex
100
AcDb2dVertex
 10
14.310448571927711
 20
28.797827834933521
  0
VERTEX
  5
10EB
100
AcDbEntity
  8
0
 62
     7
100
AcDbVertex
100
AcDb2dVertex
 10
14.311421677031465
 20
28.789236741244139
  0
VERTEX
  5
10EC
100
AcDbEntity
  8
0
 62
     7
100
AcDbVertex
100
AcDb2dVertex
 10
14.311793121008012
 20
28.780598694692674
  0
VERTEX
  5
10ED
100
AcDbEntity
  8
0
 62
     7
100
AcDbVertex
100
AcDb2dVertex
 10
14.311561102344097
 20
28.771955779348605
  0
VERTEX
  5
10EE
100
AcDbEntity
  8
0
 62
     7
100
AcDbVertex
100
AcDb2dVertex
 10
14.31072675067713
 20
28.763350103276967
  0
VERTEX
  5
10EF
100
AcDbEntity
  8
0
 62
     7
100
AcDbVertex
100
AcDb2dVertex
 10
14.309294126795177
 20
28.754823589038615
  0
VERTEX
  5
10F0
100
AcDbEntity
  8
0
 62
     7
100
AcDbVertex
100
AcDb2dVertex
 10
14.307270222636969
 20
28.746417781725693
  0
VERTEX
  5
10F1
100
AcDbEntity
  8
0
 62
     7
100
AcDbVertex
100
AcDb2dVertex
 10
14.304664880076157
 20
28.738173632540096
  0
VERTEX
  5
10F2
100
AcDbEntity
  8
0
 62
     7
100
AcDbVertex
100
AcDb2dVertex
 10
14.301490805687767
 20
28.730131300830038
  0
VERTEX
  5
10F3
100
AcDbEntity
  8
0
 62
     7
100
AcDbVertex
100
AcDb2dVertex
 10
14.297763452616227
 20
28.722329976892038
  0
VERTEX
  5
10F4
100
AcDbEntity
  8
0
 62
     7
100
AcDbVertex
100
AcDb2dVertex
 10
14.293500991042354
 20
28.714807658627567
  0
VERTEX
  5
10F5
100
AcDbEntity
  8
0
 62
     7
100
AcDbVertex
100
AcDb2dVertex
 10
14.288724182668059
 20
28.707601000186418
  0
VERTEX
  5
10F6
100
AcDbEntity
  8
0
 62
     7
100
AcDbVertex
100
AcDb2dVertex
 10
14.283456299500624
 20
28.700745112618904
  0
VERTEX
  5
10F7
100
AcDbEntity
  8
0
 62
     7
100
AcDbVertex
100
AcDb2dVertex
 10
14.277722998337413
 20
28.694273397752728
  0
VERTEX
  5
10F8
100
AcDbEntity
  8
0
 62
     7
100
AcDbVertex
100
AcDb2dVertex
 10
14.271552232166858
 20
28.68821737468658
  0
VERTEX
  5
10F9
100
AcDbEntity
  8
0
 62
     7
100
AcDbVertex
100
AcDb2dVertex
 10
14.264974043437444
 20
28.682606561658112
  0
VERTEX
  5
10FA
100
AcDbEntity
  8
0
 62
     7
100
AcDbVertex
100
AcDb2dVertex
 10
14.258020482841925
 20
28.677468284079428
  0
VERTEX
  5
10FB
100
AcDbEntity
  8
0
 62
     7
100
AcDbVertex
100
AcDb2dVertex
 10
14.250725439502585
 20
28.672827578554795
  0
VERTEX
  5
10FC
100
AcDbEntity
  8
0
 62
     7
100
AcDbVertex
100
AcDb2dVertex
 10
14.243124449006661
 20
28.668707052598901
  0
VERTEX
  5
10FD
100
AcDbEntity
  8
0
 62
     7
100
AcDbVertex
100
AcDb2dVertex
 10
14.235254538358131
 20
28.665126781271322
  0
VERTEX
  5
10FE
100
AcDbEntity
  8
0
 62
     7
100
AcDbVertex
100
AcDb2dVertex
 10
14.227154048779635
 20
28.662104211194265
  0
VERTEX
  5
10FF
100
AcDbEntity
  8
0
 62
     7
100
AcDbVertex
100
AcDb2dVertex
 10
14.218862452977046
 20
28.659654064570301
  0
VERTEX
  5
1100
100
AcDbEntity
  8
0
 62
     7
100
AcDbVertex
100
AcDb2dVertex
 10
14.210420137333546
 20
28.65778828011636
  0
VERTEX
  5
1101
100
AcDbEntity
  8
0
 62
     7
100
AcDbVertex
100
AcDb2dVertex
 10
14.20186823855521
 20
28.656515946614473
  0
VERTEX
  5
1102
100
AcDbEntity
  8
0
 62
     7
100
AcDbVertex
100
AcDb2dVertex
 10
14.193248417558937
 20
28.655843265995514
  0
VERTEX
  5
1103
100
AcDbEntity
  8
0
 62
     7
100
AcDbVertex
100
AcDb2dVertex
 10
14.184602670045916
 20
28.655773509039694
  0
VERTEX
  5
1104
100
AcDbEntity
  8
0
 62
     7
100
AcDbVertex
100
AcDb2dVertex
 10
14.175973117232598
 20
28.656307015376559
  0
VERTEX
  5
1105
100
AcDbEntity
  8
0
 62
     7
100
AcDbVertex
100
AcDb2dVertex
 10
14.167401800504027
 20
28.657441193484992
  0
VERTEX
  5
1106
100
AcDbEntity
  8
0
 62
     7
100
AcDbVertex
100
AcDb2dVertex
 10
14.158930479758819
 20
28.65917051330997
  0
VERTEX
  5
1107
100
AcDbEntity
  8
0
 62
     7
100
AcDbVertex
100
AcDb2dVertex
 10
14.150600426447379
 20
28.661486550562053
  0
VERTEX
  5
1108
100
AcDbEntity
  8
0
 62
     7
100
AcDbVertex
100
AcDb2dVertex
 10
14.142452222609041
 20
28.664378023633653
  0
VERTEX
  5
1109
100
AcDbEntity
  8
0
 62
     7
100
AcDbVertex
100
AcDb2dVertex
 10
14.134525567984642
 20
28.667830837898538
  0
VERTEX
  5
110A
100
AcDbEntity
  8
0
 62
     7
100
AcDbVertex
100
AcDb2dVertex
 10
14.12685907697713
 20
28.671828181694089
  0
VERTEX
  5
110B
100
AcDbEntity
  8
0
 62
     7
100
AcDbVertex
100
AcDb2dVertex
 10
14.119490101453497
 20
28.676350570620809
  0
VERTEX
  5
110C
100
AcDbEntity
  8
0
 62
     7
100
AcDbVertex
100
AcDb2dVertex
 10
14.112454542471934
 20
28.681375980440855
  0
VERTEX
  5
110D
100
AcDbEntity
  8
0
 62
     7
100
AcDbVertex
100
AcDb2dVertex
 10
14.105786691541898
 20
28.686879906144021
  0
VERTEX
  5
110E
100
AcDbEntity
  8
0
 62
     7
100
AcDbVertex
100
AcDb2dVertex
 10
14.099518998051696
 20
28.692835568678792
  0
VERTEX
  5
110F
100
AcDbEntity
  8
0
 62
     7
100
AcDbVertex
100
AcDb2dVertex
 10
14.093682021277385
 20
28.699213937102073
  0
VERTEX
  5
1110
100
AcDbEntity
  8
0
 62
     7
100
AcDbVertex
100
AcDb2dVertex
 10
14.088304201501973
 20
28.705983927926994
  0
VERTEX
  5
1111
100
AcDbEntity
  8
0
 62
     7
100
AcDbVertex
100
AcDb2dVertex
 10
14.0834117271169
 20
28.713112574937661
  0
VERTEX
  5
1112
100
AcDbEntity
  8
0
 62
     7
100
AcDbVertex
100
AcDb2dVertex
 10
14.079028438639757
 20
28.720565128863058
  0
VERTEX
  5
1113
100
AcDbEntity
  8
0
 62
     7
100
AcDbVertex
100
AcDb2dVertex
 10
14.071872266869217
 20
28.736295363008647
  0
SEQEND
  5
1114
100
AcDbEntity
  8
0
  0
POLYLINE
  5
1115
100
AcDbEntity
  8
0
 62
     7
100
AcDb2dPolyline
 66
     1
 10
0.0
 20
0.0
 30
0.0
  0
VERTEX
  5
1116
100
AcDbEntity
  8
0
 62
     7
100
AcDbVertex
100
AcDb2dVertex
 10
13.770117849896454
 20
30.253657026827625
  0
VERTEX
  5
1117
100
AcDbEntity
  8
0
 62
     7
100
AcDbVertex
100
AcDb2dVertex
 10
14.744396430356527
 20
30.253657026827625
  0
SEQEND
  5
1118
100
AcDbEntity
  8
0
  0
POLYLINE
  5
1119
100
AcDbEntity
  8
0
 62
     7
100
AcDb2dPolyline
 66
     1
 10
0.0
 20
0.0
 30
0.0
  0
VERTEX
  5
111A
100
AcDbEntity
  8
0
 62
     7
100
AcDbVertex
100
AcDb2dVertex
 10
13.684629262735161
 20
30.482766542169756
  0
VERTEX
  5
111B
100
AcDbEntity
  8
0
 62
     7
100
AcDbVertex
100
AcDb2dVertex
 10
13.681325833788559
 20
30.490756607845707
  0
VERTEX
  5
111C
100
AcDbEntity
  8
0
 62
     7
100
AcDbVertex
100
AcDb2dVertex
 10
13.677473090964622
 20
30.498496776315346
  0
VERTEX
  5
111D
100
AcDbEntity
  8
0
 62
     7
100
AcDbVertex
100
AcDb2dVertex
 10
13.673089802487478
 20
30.505949330240743
  0
VERTEX
  5
111E
100
AcDbEntity
  8
0
 62
     7
100
AcDbVertex
100
AcDb2dVertex
 10
13.668197328102405
 20
30.51307797725141
  0
VERTEX
  5
111F
100
AcDbEntity
  8
0
 62
     7
100
AcDbVertex
100
AcDb2dVertex
 10
13.662819508326994
 20
30.519847968076331
  0
VERTEX
  5
1120
100
AcDbEntity
  8
0
 62
     7
100
AcDbVertex
100
AcDb2dVertex
 10
13.656982531552682
 20
30.526226336499615
  0
VERTEX
  5
1121
100
AcDbEntity
  8
0
 62
     7
100
AcDbVertex
100
AcDb2dVertex
 10
13.65071484544573
 20
30.532181999034382
  0
VERTEX
  5
1122
100
AcDbEntity
  8
0
 62
     7
100
AcDbVertex
100
AcDb2dVertex
 10
13.644046979749188
 20
30.537685939504051
  0
VERTEX
  5
1123
100
AcDbEntity
  8
0
 62
     7
100
AcDbVertex
100
AcDb2dVertex
 10
13.637011420767632
 20
30.542711349324097
  0
VERTEX
  5
1124
100
AcDbEntity
  8
0
 62
     7
100
AcDbVertex
100
AcDb2dVertex
 10
13.629642445243999
 20
30.547233738250821
  0
VERTEX
  5
1125
100
AcDbEntity
  8
0
 62
     7
100
AcDbVertex
100
AcDb2dVertex
 10
13.621975954236486
 20
30.551231082046371
  0
VERTEX
  5
1126
100
AcDbEntity
  8
0
 62
     7
100
AcDbVertex
100
AcDb2dVertex
 10
13.614049299612088
 20
30.554683896311253
  0
VERTEX
  5
1127
100
AcDbEntity
  8
0
 62
     7
100
AcDbVertex
100
AcDb2dVertex
 10
13.605901095773749
 20
30.557575369382853
  0
VERTEX
  5
1128
100
AcDbEntity
  8
0
 62
     7
100
AcDbVertex
100
AcDb2dVertex
 10
13.597571042462302
 20
30.559891406634939
  0
VERTEX
  5
1129
100
AcDbEntity
  8
0
 62
     7
100
AcDbVertex
100
AcDb2dVertex
 10
13.589099721717101
 20
30.561620726459914
  0
VERTEX
  5
112A
100
AcDbEntity
  8
0
 62
     7
100
AcDbVertex
100
AcDb2dVertex
 10
13.580528404988531
 20
30.562754904568351
  0
VERTEX
  5
112B
100
AcDbEntity
  8
0
 62
     7
100
AcDbVertex
100
AcDb2dVertex
 10
13.571898852175213
 20
30.563288410905212
  0
VERTEX
  5
112C
100
AcDbEntity
  8
0
 62
     7
100
AcDbVertex
100
AcDb2dVertex
 10
13.563253104662184
 20
30.563218653949392
  0
VERTEX
  5
112D
100
AcDbEntity
  8
0
 62
     7
100
AcDbVertex
100
AcDb2dVertex
 10
13.554633283665918
 20
30.562545973330433
  0
VERTEX
  5
112E
100
AcDbEntity
  8
0
 62
     7
100
AcDbVertex
100
AcDb2dVertex
 10
13.546081384887582
 20
30.561273639828546
  0
VERTEX
  5
112F
100
AcDbEntity
  8
0
 62
     7
100
AcDbVertex
100
AcDb2dVertex
 10
13.537639069244083
 20
30.559407855374605
  0
VERTEX
  5
1130
100
AcDbEntity
  8
0
 62
     7
100
AcDbVertex
100
AcDb2dVertex
 10
13.529347473441494
 20
30.556957708750641
  0
VERTEX
  5
1131
100
AcDbEntity
  8
0
 62
     7
100
AcDbVertex
100
AcDb2dVertex
 10
13.521246983862998
 20
30.553935138673584
  0
VERTEX
  5
1132
100
AcDbEntity
  8
0
 62
     7
100
AcDbVertex
100
AcDb2dVertex
 10
13.513377073214468
 20
30.550354867346005
  0
VERTEX
  5
1133
100
AcDbEntity
  8
0
 62
     7
100
AcDbVertex
100
AcDb2dVertex
 10
13.505776082718544
 20
30.546234341390111
  0
VERTEX
  5
1134
100
AcDbEntity
  8
0
 62
     7
100
AcDbVertex
100
AcDb2dVertex
 10
13.498481039379204
 20
30.541593635865482
  0
VERTEX
  5
1135
100
AcDbEntity
  8
0
 62
     7
100
AcDbVertex
100
AcDb2dVertex
 10
13.491527471400435
 20
30.536455350903545
  0
VERTEX
  5
1136
100
AcDbEntity
  8
0
 62
     7
100
AcDbVertex
100
AcDb2dVertex
 10
13.484949282671014
 20
30.530844530491827
  0
VERTEX
  5
1137
100
AcDbEntity
  8
0
 62
     7
100
AcDbVertex
100
AcDb2dVertex
 10
13.478778509117209
 20
30.524788514808929
  0
VERTEX
  5
1138
100
AcDbEntity
  8
0
 62
     7
100
AcDbVertex
100
AcDb2dVertex
 10
13.473045215337255
 20
30.518316792559503
  0
VERTEX
  5
1139
100
AcDbEntity
  8
0
 62
     7
100
AcDbVertex
100
AcDb2dVertex
 10
13.46777733216982
 20
30.511460904991988
  0
VERTEX
  5
113A
100
AcDbEntity
  8
0
 62
     7
100
AcDbVertex
100
AcDb2dVertex
 10
13.463000523795525
 20
30.504254246550836
  0
VERTEX
  5
113B
100
AcDbEntity
  8
0
 62
     7
100
AcDbVertex
100
AcDb2dVertex
 10
13.458738062221645
 20
30.496731928286369
  0
VERTEX
  5
113C
100
AcDbEntity
  8
0
 62
     7
100
AcDbVertex
100
AcDb2dVertex
 10
13.455010716533362
 20
30.48893060065674
  0
VERTEX
  5
113D
100
AcDbEntity
  8
0
 62
     7
100
AcDbVertex
100
AcDb2dVertex
 10
13.451836634761722
 20
30.48088827263831
  0
VERTEX
  5
113E
100
AcDbEntity
  8
0
 62
     7
100
AcDbVertex
100
AcDb2dVertex
 10
13.449231299584159
 20
30.47264412345271
  0
VERTEX
  5
113F
100
AcDbEntity
  8
0
 62
     7
100
AcDbVertex
100
AcDb2dVertex
 10
13.447207388042703
 20
30.464238314293979
  0
VERTEX
  5
1140
100
AcDbEntity
  8
0
 62
     7
100
AcDbVertex
100
AcDb2dVertex
 10
13.445774771543999
 20
30.455711801901437
  0
VERTEX
  5
1141
100
AcDbEntity
  8
0
 62
     7
100
AcDbVertex
100
AcDb2dVertex
 10
13.444940419877032
 20
30.447106123983986
  0
VERTEX
  5
1142
100
AcDbEntity
  8
0
 62
     7
100
AcDbVertex
100
AcDb2dVertex
 10
13.444708401213109
 20
30.43846320875528
  0
VERTEX
  5
1143
100
AcDbEntity
  8
0
 62
     7
100
AcDbVertex
100
AcDb2dVertex
 10
13.445079852572913
 20
30.429825162088456
  0
VERTEX
  5
1144
100
AcDbEntity
  8
0
 62
     7
100
AcDbVertex
100
AcDb2dVertex
 10
13.446052950293417
 20
30.421234068399073
  0
VERTEX
  5
1145
100
AcDbEntity
  8
0
 62
     7
100
AcDbVertex
100
AcDb2dVertex
 10
13.447622969093967
 20
30.412731782299005
  0
VERTEX
  5
1146
100
AcDbEntity
  8
0
 62
     7
100
AcDbVertex
100
AcDb2dVertex
 10
13.452520279508473
 20
30.396158689135433
  0
SEQEND
  5
1147
100
AcDbEntity
  8
0
  0
POLYLINE
  5
1148
100
AcDbEntity
  8
0
 62
     7
100
AcDb2dPolyline
 66
     1
 10
0.0
 20
0.0
 30
0.0
  0
VERTEX
  5
1149
100
AcDbEntity
  8
0
 62
     7
100
AcDbVertex
100
AcDb2dVertex
 10
13.452520344297735
 20
30.482766475288134
  0
VERTEX
  5
114A
100
AcDbEntity
  8
0
 62
     7
100
AcDbVertex
100
AcDb2dVertex
 10
13.36703168496393
 20
30.253657026827625
  0
SEQEND
  5
114B
100
AcDbEntity
  8
0
  0
POLYLINE
  5
114C
100
AcDbEntity
  8
0
 62
     7
100
AcDb2dPolyline
 66
     1
 10
0.0
 20
0.0
 30
0.0
  0
VERTEX
  5
114D
100
AcDbEntity
  8
0
 62
     7
100
AcDbVertex
100
AcDb2dVertex
 10
14.923333165284124
 20
30.482766475288134
  0
VERTEX
  5
114E
100
AcDbEntity
  8
0
 62
     7
100
AcDbVertex
100
AcDb2dVertex
 10
15.143639640077883
 20
29.892345410220194
  0
SEQEND
  5
114F
100
AcDbEntity
  8
0
  0
POLYLINE
  5
1150
100
AcDbEntity
  8
0
 62
     3
100
AcDb2dPolyline
 66
     1
 10
0.0
 20
0.0
 30
0.0
  0
VERTEX
  5
1151
100
AcDbEntity
  8
0
 62
     3
100
AcDbVertex
100
AcDb2dVertex
 10
15.143639640077883
 20
29.892345410220194
  0
VERTEX
  5
1152
100
AcDbEntity
  8
0
 62
     3
100
AcDbVertex
100
AcDb2dVertex
 10
15.127164133991695
 20
29.856221829427778
  0
SEQEND
  5
1153
100
AcDbEntity
  8
0
  0
POLYLINE
  5
1154
100
AcDbEntity
  8
0
 62
     3
100
AcDb2dPolyline
 66
     1
 10
0.0
 20
0.0
 30
0.0
  0
VERTEX
  5
1155
100
AcDbEntity
  8
0
 62
     3
100
AcDbVertex
100
AcDb2dVertex
 10
15.127164133991695
 20
29.856221829427778
  0
VERTEX
  5
1156
100
AcDbEntity
  8
0
 62
     3
100
AcDbVertex
100
AcDb2dVertex
 10
15.112141379927071
 20
29.816811223768038
  0
SEQEND
  5
1157
100
AcDbEntity
  8
0
  0
POLYLINE
  5
1158
100
AcDbEntity
  8
0
 62
     3
100
AcDb2dPolyline
 66
     1
 10
0.0
 20
0.0
 30
0.0
  0
VERTEX
  5
1159
100
AcDbEntity
  8
0
 62
     3
100
AcDbVertex
100
AcDb2dVertex
 10
15.112141379927071
 20
29.816811223768038
  0
VERTEX
  5
115A
100
AcDbEntity
  8
0
 62
     3
100
AcDbVertex
100
AcDb2dVertex
 10
15.097909662220705
 20
29.774396017747215
  0
SEQEND
  5
115B
100
AcDbEntity
  8
0
  0
POLYLINE
  5
115C
100
AcDbEntity
  8
0
 62
     3
100
AcDb2dPolyline
 66
     1
 10
0.0
 20
0.0
 30
0.0
  0
VERTEX
  5
115D
100
AcDbEntity
  8
0
 62
     3
100
AcDbVertex
100
AcDb2dVertex
 10
15.097909662220705
 20
29.774396017747215
  0
VERTEX
  5
115E
100
AcDbEntity
  8
0
 62
     3
100
AcDbVertex
100
AcDb2dVertex
 10
15.083808503913264
 20
29.729259131353132
  0
SEQEND
  5
115F
100
AcDbEntity
  8
0
  0
POLYLINE
  5
1160
100
AcDbEntity
  8
0
 62
     3
100
AcDb2dPolyline
 66
     1
 10
0.0
 20
0.0
 30
0.0
  0
VERTEX
  5
1161
100
AcDbEntity
  8
0
 62
     3
100
AcDbVertex
100
AcDb2dVertex
 10
15.083808503913264
 20
29.729259131353132
  0
VERTEX
  5
1162
100
AcDbEntity
  8
0
 62
     3
100
AcDbVertex
100
AcDb2dVertex
 10
15.069176189341473
 20
29.681682989092032
  0
SEQEND
  5
1163
100
AcDbEntity
  8
0
  0
POLYLINE
  5
1164
100
AcDbEntity
  8
0
 62
     3
100
AcDb2dPolyline
 66
     1
 10
0.0
 20
0.0
 30
0.0
  0
VERTEX
  5
1165
100
AcDbEntity
  8
0
 62
     3
100
AcDbVertex
100
AcDb2dVertex
 10
15.069176189341473
 20
29.681682989092032
  0
VERTEX
  5
1166
100
AcDbEntity
  8
0
 62
     3
100
AcDbVertex
100
AcDb2dVertex
 10
15.053351993805205
 20
29.631950263210939
  0
SEQEND
  5
1167
100
AcDbEntity
  8
0
  0
POLYLINE
  5
1168
100
AcDbEntity
  8
0
 62
     3
100
AcDb2dPolyline
 66
     1
 10
0.0
 20
0.0
 30
0.0
  0
VERTEX
  5
1169
100
AcDbEntity
  8
0
 62
     3
100
AcDbVertex
100
AcDb2dVertex
 10
15.053351993805205
 20
29.631950263210939
  0
VERTEX
  5
116A
100
AcDbEntity
  8
0
 62
     3
100
AcDbVertex
100
AcDb2dVertex
 10
15.03567469712274
 20
29.580343625956889
  0
SEQEND
  5
116B
100
AcDbEntity
  8
0
  0
POLYLINE
  5
116C
100
AcDbEntity
  8
0
 62
     3
100
AcDb2dPolyline
 66
     1
 10
0.0
 20
0.0
 30
0.0
  0
VERTEX
  5
116D
100
AcDbEntity
  8
0
 62
     3
100
AcDbVertex
100
AcDb2dVertex
 10
15.03567469712274
 20
29.580343625956889
  0
VERTEX
  5
116E
100
AcDbEntity
  8
0
 62
     3
100
AcDbVertex
100
AcDb2dVertex
 10
15.015482831371603
 20
29.527145501836113
  0
SEQEND
  5
116F
100
AcDbEntity
  8
0
  0
POLYLINE
  5
1170
100
AcDbEntity
  8
0
 62
     7
100
AcDb2dPolyline
 66
     1
 10
0.0
 20
0.0
 30
0.0
  0
VERTEX
  5
1171
100
AcDbEntity
  8
0
 62
     7
100
AcDbVertex
100
AcDb2dVertex
 10
14.691224319019224
 20
30.482766475288134
  0
VERTEX
  5
1172
100
AcDbEntity
  8
0
 62
     7
100
AcDbVertex
100
AcDb2dVertex
 10
14.605735659685411
 20
30.253657026827625
  0
SEQEND
  5
1173
100
AcDbEntity
  8
0
  0
POLYLINE
  5
1174
100
AcDbEntity
  8
0
 62
     7
100
AcDb2dPolyline
 66
     1
 10
0.0
 20
0.0
 30
0.0
  0
VERTEX
  5
1175
100
AcDbEntity
  8
0
 62
     7
100
AcDbVertex
100
AcDb2dVertex
 10
14.691224319019224
 20
30.396158770783561
  0
VERTEX
  5
1176
100
AcDbEntity
  8
0
 62
     7
100
AcDbVertex
100
AcDb2dVertex
 10
15.015482831371603
 20
29.527145501836113
  0
SEQEND
  5
1177
100
AcDbEntity
  8
0
  0
POLYLINE
  5
1178
100
AcDbEntity
  8
0
 62
     7
100
AcDb2dPolyline
 66
     1
 10
0.0
 20
0.0
 30
0.0
  0
VERTEX
  5
1179
100
AcDbEntity
  8
0
 62
     7
100
AcDbVertex
100
AcDb2dVertex
 10
14.923333237456649
 20
30.482766542169756
  0
VERTEX
  5
117A
100
AcDbEntity
  8
0
 62
     7
100
AcDbVertex
100
AcDb2dVertex
 10
14.920029808510048
 20
30.490756607845707
  0
VERTEX
  5
117B
100
AcDbEntity
  8
0
 62
     7
100
AcDbVertex
100
AcDb2dVertex
 10
14.916177065686103
 20
30.498496776315346
  0
VERTEX
  5
117C
100
AcDbEntity
  8
0
 62
     7
100
AcDbVertex
100
AcDb2dVertex
 10
14.911793777208967
 20
30.505949330240743
  0
VERTEX
  5
117D
100
AcDbEntity
  8
0
 62
     7
100
AcDbVertex
100
AcDb2dVertex
 10
14.906901302823886
 20
30.51307797725141
  0
VERTEX
  5
117E
100
AcDbEntity
  8
0
 62
     7
100
AcDbVertex
100
AcDb2dVertex
 10
14.901523483048475
 20
30.519847968076331
  0
VERTEX
  5
117F
100
AcDbEntity
  8
0
 62
     7
100
AcDbVertex
100
AcDb2dVertex
 10
14.895686506274163
 20
30.526226336499615
  0
VERTEX
  5
1180
100
AcDbEntity
  8
0
 62
     7
100
AcDbVertex
100
AcDb2dVertex
 10
14.889418820167219
 20
30.532181999034382
  0
VERTEX
  5
1181
100
AcDbEntity
  8
0
 62
     7
100
AcDbVertex
100
AcDb2dVertex
 10
14.882750954470676
 20
30.537685939504051
  0
VERTEX
  5
1182
100
AcDbEntity
  8
0
 62
     7
100
AcDbVertex
100
AcDb2dVertex
 10
14.875715395489113
 20
30.542711349324097
  0
VERTEX
  5
1183
100
AcDbEntity
  8
0
 62
     7
100
AcDbVertex
100
AcDb2dVertex
 10
14.868346419965487
 20
30.547233738250821
  0
VERTEX
  5
1184
100
AcDbEntity
  8
0
 62
     7
100
AcDbVertex
100
AcDb2dVertex
 10
14.860679928957968
 20
30.551231082046371
  0
VERTEX
  5
1185
100
AcDbEntity
  8
0
 62
     7
100
AcDbVertex
100
AcDb2dVertex
 10
14.852753274333569
 20
30.554683896311253
  0
VERTEX
  5
1186
100
AcDbEntity
  8
0
 62
     7
100
AcDbVertex
100
AcDb2dVertex
 10
14.844605070495231
 20
30.557575369382853
  0
VERTEX
  5
1187
100
AcDbEntity
  8
0
 62
     7
100
AcDbVertex
100
AcDb2dVertex
 10
14.836275017183791
 20
30.559891406634939
  0
VERTEX
  5
1188
100
AcDbEntity
  8
0
 62
     7
100
AcDbVertex
100
AcDb2dVertex
 10
14.827803696438583
 20
30.561620726459914
  0
VERTEX
  5
1189
100
AcDbEntity
  8
0
 62
     7
100
AcDbVertex
100
AcDb2dVertex
 10
14.819232379710012
 20
30.562754904568351
  0
VERTEX
  5
118A
100
AcDbEntity
  8
0
 62
     7
100
AcDbVertex
100
AcDb2dVertex
 10
14.810602826896694
 20
30.563288410905212
  0
VERTEX
  5
118B
100
AcDbEntity
  8
0
 62
     7
100
AcDbVertex
100
AcDb2dVertex
 10
14.801957079383673
 20
30.563218653949392
  0
VERTEX
  5
118C
100
AcDbEntity
  8
0
 62
     7
100
AcDbVertex
100
AcDb2dVertex
 10
14.7933372583874
 20
30.562545973330433
  0
VERTEX
  5
118D
100
AcDbEntity
  8
0
 62
     7
100
AcDbVertex
100
AcDb2dVertex
 10
14.784785359609064
 20
30.561273639828546
  0
VERTEX
  5
118E
100
AcDbEntity
  8
0
 62
     7
100
AcDbVertex
100
AcDb2dVertex
 10
14.776343043965571
 20
30.559407855374605
  0
VERTEX
  5
118F
100
AcDbEntity
  8
0
 62
     7
100
AcDbVertex
100
AcDb2dVertex
 10
14.768051448162975
 20
30.556957708750641
  0
VERTEX
  5
1190
100
AcDbEntity
  8
0
 62
     7
100
AcDbVertex
100
AcDb2dVertex
 10
14.759950958584479
 20
30.553935138673584
  0
VERTEX
  5
1191
100
AcDbEntity
  8
0
 62
     7
100
AcDbVertex
100
AcDb2dVertex
 10
14.752081047935949
 20
30.550354867346005
  0
VERTEX
  5
1192
100
AcDbEntity
  8
0
 62
     7
100
AcDbVertex
100
AcDb2dVertex
 10
14.744480057440025
 20
30.546234341390111
  0
VERTEX
  5
1193
100
AcDbEntity
  8
0
 62
     7
100
AcDbVertex
100
AcDb2dVertex
 10
14.737185014100685
 20
30.541593635865482
  0
VERTEX
  5
1194
100
AcDbEntity
  8
0
 62
     7
100
AcDbVertex
100
AcDb2dVertex
 10
14.730231446121916
 20
30.536455350903545
  0
VERTEX
  5
1195
100
AcDbEntity
  8
0
 62
     7
100
AcDbVertex
100
AcDb2dVertex
 10
14.723653257392503
 20
30.530844530491827
  0
VERTEX
  5
1196
100
AcDbEntity
  8
0
 62
     7
100
AcDbVertex
100
AcDb2dVertex
 10
14.717482483838698
 20
30.524788514808929
  0
VERTEX
  5
1197
100
AcDbEntity
  8
0
 62
     7
100
AcDbVertex
100
AcDb2dVertex
 10
14.711749190058736
 20
30.518316792559503
  0
VERTEX
  5
1198
100
AcDbEntity
  8
0
 62
     7
100
AcDbVertex
100
AcDb2dVertex
 10
14.706481306891302
 20
30.511460904991988
  0
VERTEX
  5
1199
100
AcDbEntity
  8
0
 62
     7
100
AcDbVertex
100
AcDb2dVertex
 10
14.701704498517007
 20
30.504254246550836
  0
VERTEX
  5
119A
100
AcDbEntity
  8
0
 62
     7
100
AcDbVertex
100
AcDb2dVertex
 10
14.697442036943134
 20
30.496731928286369
  0
VERTEX
  5
119B
100
AcDbEntity
  8
0
 62
     7
100
AcDbVertex
100
AcDb2dVertex
 10
14.693714691254844
 20
30.48893060065674
  0
VERTEX
  5
119C
100
AcDbEntity
  8
0
 62
     7
100
AcDbVertex
100
AcDb2dVertex
 10
14.690540609483204
 20
30.48088827263831
  0
VERTEX
  5
119D
100
AcDbEntity
  8
0
 62
     7
100
AcDbVertex
100
AcDb2dVertex
 10
14.687935274305641
 20
30.47264412345271
  0
VERTEX
  5
119E
100
AcDbEntity
  8
0
 62
     7
100
AcDbVertex
100
AcDb2dVertex
 10
14.685911362764184
 20
30.464238314293979
  0
VERTEX
  5
119F
100
AcDbEntity
  8
0
 62
     7
100
AcDbVertex
100
AcDb2dVertex
 10
14.68447874626548
 20
30.455711801901437
  0
VERTEX
  5
11A0
100
AcDbEntity
  8
0
 62
     7
100
AcDbVertex
100
AcDb2dVertex
 10
14.683644394598513
 20
30.447106123983986
  0
VERTEX
  5
11A1
100
AcDbEntity
  8
0
 62
     7
100
AcDbVertex
100
AcDb2dVertex
 10
14.683412375934598
 20
30.43846320875528
  0
VERTEX
  5
11A2
100
AcDbEntity
  8
0
 62
     7
100
AcDbVertex
100
AcDb2dVertex
 10
14.683783827294395
 20
30.429825162088456
  0
VERTEX
  5
11A3
100
AcDbEntity
  8
0
 62
     7
100
AcDbVertex
100
AcDb2dVertex
 10
14.684756925014899
 20
30.421234068399073
  0
VERTEX
  5
11A4
100
AcDbEntity
  8
0
 62
     7
100
AcDbVertex
100
AcDb2dVertex
 10
14.686326943815448
 20
30.412731782299005
  0
VERTEX
  5
11A5
100
AcDbEntity
  8
0
 62
     7
100
AcDbVertex
100
AcDb2dVertex
 10
14.691224254229954
 20
30.396158689135433
  0
SEQEND
  5
11A6
100
AcDbEntity
  8
0
  0
POLYLINE
  5
11A7
100
AcDbEntity
  8
0
 62
     7
100
AcDb2dPolyline
 66
     1
 10
0.0
 20
0.0
 30
0.0
  0
VERTEX
  5
11A8
100
AcDbEntity
  8
0
 62
     7
100
AcDbVertex
100
AcDb2dVertex
 10
18.523390666316129
 20
32.03739075042656
  0
VERTEX
  5
11A9
100
AcDbEntity
  8
0
 62
     7
100
AcDbVertex
100
AcDb2dVertex
 10
18.523390666316129
 20
27.181671169518346
  0
SEQEND
  5
11AA
100
AcDbEntity
  8
0
  0
POLYLINE
  5
11AB
100
AcDbEntity
  8
0
 62
     7
100
AcDb2dPolyline
 66
     1
 10
0.0
 20
0.0
 30
0.0
  0
VERTEX
  5
11AC
100
AcDbEntity
  8
0
 62
     7
100
AcDbVertex
100
AcDb2dVertex
 10
19.035742908858833
 20
27.293154527243281
  0
VERTEX
  5
11AD
100
AcDbEntity
  8
0
 62
     7
100
AcDbVertex
100
AcDb2dVertex
 10
18.523390666316129
 20
27.293154527243281
  0
SEQEND
  5
11AE
100
AcDbEntity
  8
0
  0
POLYLINE
  5
11AF
100
AcDbEntity
  8
0
 62
     7
100
AcDb2dPolyline
 66
     1
 10
0.0
 20
0.0
 30
0.0
  0
VERTEX
  5
11B0
100
AcDbEntity
  8
0
 62
     7
100
AcDbVertex
100
AcDb2dVertex
 10
17.879264599460949
 20
30.253657003201223
  0
VERTEX
  5
11B1
100
AcDbEntity
  8
0
 62
     7
100
AcDbVertex
100
AcDb2dVertex
 10
17.924196562365328
 20
30.252087973756314
  0
VERTEX
  5
11B2
100
AcDbEntity
  8
0
 62
     7
100
AcDbVertex
100
AcDb2dVertex
 10
17.968909619259637
 20
30.247388386804641
  0
VERTEX
  5
11B3
100
AcDbEntity
  8
0
 62
     7
100
AcDbVertex
100
AcDb2dVertex
 10
18.013185934705202
 20
30.23958127808945
  0
VERTEX
  5
11B4
100
AcDbEntity
  8
0
 62
     7
100
AcDbVertex
100
AcDb2dVertex
 10
18.056809799639662
 20
30.228704627054089
  0
VERTEX
  5
11B5
100
AcDbEntity
  8
0
 62
     7
100
AcDbVertex
100
AcDb2dVertex
 10
18.099568687181833
 20
30.214811474974024
  0
VERTEX
  5
11B6
100
AcDbEntity
  8
0
 62
     7
100
AcDbVertex
100
AcDb2dVertex
 10
18.141254271520399
 20
30.197969393362769
  0
VERTEX
  5
11B7
100
AcDbEntity
  8
0
 62
     7
100
AcDbVertex
100
AcDb2dVertex
 10
18.181663454185749
 20
30.178260483971879
  0
VERTEX
  5
11B8
100
AcDbEntity
  8
0
 62
     7
100
AcDbVertex
100
AcDb2dVertex
 10
18.220599412471675
 20
30.155780847196894
  0
VERTEX
  5
11B9
100
AcDbEntity
  8
0
 62
     7
100
AcDbVertex
100
AcDb2dVertex
 10
18.257872396826475
 20
30.130639873285208
  0
VERTEX
  5
11BA
100
AcDbEntity
  8
0
 62
     7
100
AcDbVertex
100
AcDb2dVertex
 10
18.293300838340567
 20
30.102960124204078
  0
VERTEX
  5
11BB
100
AcDbEntity
  8
0
 62
     7
100
AcDbVertex
100
AcDb2dVertex
 10
18.326712146137663
 20
30.072876447650494
  0
VERTEX
  5
11BC
100
AcDbEntity
  8
0
 62
     7
100
AcDbVertex
100
AcDb2dVertex
 10
18.357943534298837
 20
30.040535415924086
  0
VERTEX
  5
11BD
100
AcDbEntity
  8
0
 62
     7
100
AcDbVertex
100
AcDb2dVertex
 10
18.386842848786674
 20
30.006094558069037
  0
VERTEX
  5
11BE
100
AcDbEntity
  8
0
 62
     7
100
AcDbVertex
100
AcDb2dVertex
 10
18.413269276237347
 20
29.96972168061497
  0
VERTEX
  5
11BF
100
AcDbEntity
  8
0
 62
     7
100
AcDbVertex
100
AcDb2dVertex
 10
18.437094141351732
 20
29.931593981586836
  0
VERTEX
  5
11C0
100
AcDbEntity
  8
0
 62
     7
100
AcDbVertex
100
AcDb2dVertex
 10
18.458201261291475
 20
29.891897223580791
  0
VERTEX
  5
11C1
100
AcDbEntity
  8
0
 62
     7
100
AcDbVertex
100
AcDb2dVertex
 10
18.476487861202113
 20
29.850824818241062
  0
VERTEX
  5
11C2
100
AcDbEntity
  8
0
 62
     7
100
AcDbVertex
100
AcDb2dVertex
 10
18.491864869543097
 20
29.808576851670825
  0
VERTEX
  5
11C3
100
AcDbEntity
  8
0
 62
     7
100
AcDbVertex
100
AcDb2dVertex
 10
18.504257331549869
 20
29.765359154142551
  0
VERTEX
  5
11C4
100
AcDbEntity
  8
0
 62
     7
100
AcDbVertex
100
AcDb2dVertex
 10
18.513604940827957
 20
29.721382273826144
  0
VERTEX
  5
11C5
100
AcDbEntity
  8
0
 62
     7
100
AcDbVertex
100
AcDb2dVertex
 10
18.519862039352912
 20
29.676860465283511
  0
VERTEX
  5
11C6
100
AcDbEntity
  8
0
 62
     7
100
AcDbVertex
100
AcDb2dVertex
 10
18.522998267196474
 20
29.632010635509509
  0
VERTEX
  5
11C7
100
AcDbEntity
  8
0
 62
     7
100
AcDbVertex
100
AcDb2dVertex
 10
18.522998267196474
 20
29.5870512844354
  0
VERTEX
  5
11C8
100
AcDbEntity
  8
0
 62
     7
100
AcDbVertex
100
AcDb2dVertex
 10
18.519862039352912
 20
29.542201454661395
  0
VERTEX
  5
11C9
100
AcDbEntity
  8
0
 62
     7
100
AcDbVertex
100
AcDb2dVertex
 10
18.513604940827957
 20
29.497679646118765
  0
VERTEX
  5
11CA
100
AcDbEntity
  8
0
 62
     7
100
AcDbVertex
100
AcDb2dVertex
 10
18.504257331549869
 20
29.453702765802355
  0
VERTEX
  5
11CB
100
AcDbEntity
  8
0
 62
     7
100
AcDbVertex
100
AcDb2dVertex
 10
18.491864869543097
 20
29.410485068274085
  0
VERTEX
  5
11CC
100
AcDbEntity
  8
0
 62
     7
100
AcDbVertex
100
AcDb2dVertex
 10
18.476487861202113
 20
29.368237101703844
  0
VERTEX
  5
11CD
100
AcDbEntity
  8
0
 62
     7
100
AcDbVertex
100
AcDb2dVertex
 10
18.458201261291475
 20
29.327164696364115
  0
VERTEX
  5
11CE
100
AcDbEntity
  8
0
 62
     7
100
AcDbVertex
100
AcDb2dVertex
 10
18.437094141351732
 20
29.28746793835807
  0
VERTEX
  5
11CF
100
AcDbEntity
  8
0
 62
     7
100
AcDbVertex
100
AcDb2dVertex
 10
18.413269276237347
 20
29.249340239329936
  0
VERTEX
  5
11D0
100
AcDbEntity
  8
0
 62
     7
100
AcDbVertex
100
AcDb2dVertex
 10
18.386842848786674
 20
29.212967361875872
  0
VERTEX
  5
11D1
100
AcDbEntity
  8
0
 62
     7
100
AcDbVertex
100
AcDb2dVertex
 10
18.357943534298837
 20
29.178526504020823
  0
VERTEX
  5
11D2
100
AcDbEntity
  8
0
 62
     7
100
AcDbVertex
100
AcDb2dVertex
 10
18.326712146137663
 20
29.146185472294416
  0
VERTEX
  5
11D3
100
AcDbEntity
  8
0
 62
     7
100
AcDbVertex
100
AcDb2dVertex
 10
18.293300838340567
 20
29.116101795740828
  0
VERTEX
  5
11D4
100
AcDbEntity
  8
0
 62
     7
100
AcDbVertex
100
AcDb2dVertex
 10
18.257872396826475
 20
29.088422046659698
  0
VERTEX
  5
11D5
100
AcDbEntity
  8
0
 62
     7
100
AcDbVertex
100
AcDb2dVertex
 10
18.220599412471675
 20
29.063281072748012
  0
VERTEX
  5
11D6
100
AcDbEntity
  8
0
 62
     7
100
AcDbVertex
100
AcDb2dVertex
 10
18.181663454185749
 20
29.040801435973027
  0
VERTEX
  5
11D7
100
AcDbEntity
  8
0
 62
     7
100
AcDbVertex
100
AcDb2dVertex
 10
18.141254271520399
 20
29.021092526582141
  0
VERTEX
  5
11D8
100
AcDbEntity
  8
0
 62
     7
100
AcDbVertex
100
AcDb2dVertex
 10
18.099568687181833
 20
29.004250444970882
  0
VERTEX
  5
11D9
100
AcDbEntity
  8
0
 62
     7
100
AcDbVertex
100
AcDb2dVertex
 10
18.056809799639662
 20
28.990357292890817
  0
VERTEX
  5
11DA
100
AcDbEntity
  8
0
 62
     7
100
AcDbVertex
100
AcDb2dVertex
 10
18.013185934705202
 20
28.979480641855456
  0
VERTEX
  5
11DB
100
AcDbEntity
  8
0
 62
     7
100
AcDbVertex
100
AcDb2dVertex
 10
17.968909619259637
 20
28.971673533140265
  0
VERTEX
  5
11DC
100
AcDbEntity
  8
0
 62
     7
100
AcDbVertex
100
AcDb2dVertex
 10
17.879264599460949
 20
28.965404916743687
  0
SEQEND
  5
11DD
100
AcDbEntity
  8
0
  0
POLYLINE
  5
11DE
100
AcDbEntity
  8
0
 62
     7
100
AcDb2dPolyline
 66
     1
 10
0.0
 20
0.0
 30
0.0
  0
VERTEX
  5
11DF
100
AcDbEntity
  8
0
 62
     7
100
AcDbVertex
100
AcDb2dVertex
 10
19.035742908858833
 20
31.925907392701632
  0
VERTEX
  5
11E0
100
AcDbEntity
  8
0
 62
     7
100
AcDbVertex
100
AcDb2dVertex
 10
18.523390666316129
 20
31.925907392701632
  0
SEQEND
  5
11E1
100
AcDbEntity
  8
0
  0
POLYLINE
  5
11E2
100
AcDbEntity
  8
0
 62
     7
100
AcDb2dPolyline
 66
     1
 10
0.0
 20
0.0
 30
0.0
  0
VERTEX
  5
11E3
100
AcDbEntity
  8
0
 62
     7
100
AcDbVertex
100
AcDb2dVertex
 10
24.964651334867842
 20
27.293154527243281
  0
VERTEX
  5
11E4
100
AcDbEntity
  8
0
 62
     7
100
AcDbVertex
100
AcDb2dVertex
 10
24.964651334867842
 20
25.707613439599779
  0
SEQEND
  5
11E5
100
AcDbEntity
  8
0
  0
POLYLINE
  5
11E6
100
AcDbEntity
  8
0
 62
     7
100
AcDb2dPolyline
 66
     1
 10
0.0
 20
0.0
 30
0.0
  0
VERTEX
  5
11E7
100
AcDbEntity
  8
0
 62
     7
100
AcDbVertex
100
AcDb2dVertex
 10
24.964651334867842
 20
25.707613439599779
  0
VERTEX
  5
11E8
100
AcDbEntity
  8
0
 62
     7
100
AcDbVertex
100
AcDb2dVertex
 10
23.72594736014636
 20
25.707613439599779
  0
SEQEND
  5
11E9
100
AcDbEntity
  8
0
  0
POLYLINE
  5
11EA
100
AcDbEntity
  8
0
 62
     7
100
AcDb2dPolyline
 66
     1
 10
0.0
 20
0.0
 30
0.0
  0
VERTEX
  5
11EB
100
AcDbEntity
  8
0
 62
     7
100
AcDbVertex
100
AcDb2dVertex
 10
23.72594736014636
 20
26.079224632016224
  0
VERTEX
  5
11EC
100
AcDbEntity
  8
0
 62
     7
100
AcDbVertex
100
AcDb2dVertex
 10
23.72594736014636
 20
25.707613439599779
  0
SEQEND
  5
11ED
100
AcDbEntity
  8
0
  0
POLYLINE
  5
11EE
100
AcDbEntity
  8
0
 62
     7
100
AcDb2dPolyline
 66
     1
 10
0.0
 20
0.0
 30
0.0
  0
VERTEX
  5
11EF
100
AcDbEntity
  8
0
 62
     7
100
AcDbVertex
100
AcDb2dVertex
 10
24.964651334867842
 20
31.925907392701632
  0
VERTEX
  5
11F0
100
AcDbEntity
  8
0
 62
     7
100
AcDbVertex
100
AcDb2dVertex
 10
24.964651334867842
 20
33.511448480345123
  0
SEQEND
  5
11F1
100
AcDbEntity
  8
0
  0
POLYLINE
  5
11F2
100
AcDbEntity
  8
0
 62
     7
100
AcDb2dPolyline
 66
     1
 10
0.0
 20
0.0
 30
0.0
  0
VERTEX
  5
11F3
100
AcDbEntity
  8
0
 62
     7
100
AcDbVertex
100
AcDb2dVertex
 10
24.964651334867842
 20
33.511448480345123
  0
VERTEX
  5
11F4
100
AcDbEntity
  8
0
 62
     7
100
AcDbVertex
100
AcDb2dVertex
 10
23.72594736014636
 20
33.511448480345123
  0
SEQEND
  5
11F5
100
AcDbEntity
  8
0
  0
POLYLINE
  5
11F6
100
AcDbEntity
  8
0
 62
     7
100
AcDb2dPolyline
 66
     1
 10
0.0
 20
0.0
 30
0.0
  0
VERTEX
  5
11F7
100
AcDbEntity
  8
0
 62
     7
100
AcDbVertex
100
AcDb2dVertex
 10
23.72594736014636
 20
33.139837287928678
  0
VERTEX
  5
11F8
100
AcDbEntity
  8
0
 62
     7
100
AcDbVertex
100
AcDb2dVertex
 10
23.72594736014636
 20
33.511448480345123
  0
SEQEND
  5
11F9
100
AcDbEntity
  8
0
  0
POLYLINE
  5
11FA
100
AcDbEntity
  8
0
 62
     2
100
AcDb2dPolyline
 66
     1
 10
0.0
 20
0.0
 30
0.0
 40
0.000000247740786108
 41
0.000000247740786108
  0
VERTEX
  5
11FB
100
AcDbEntity
  8
0
 62
     2
100
AcDbVertex
100
AcDb2dVertex
 10
10.66176341152001
 20
19.107631246882299
  0
VERTEX
  5
11FC
100
AcDbEntity
  8
0
 62
     2
100
AcDbVertex
100
AcDb2dVertex
 10
10.759576834170442
 20
19.11713023022655
  0
VERTEX
  5
11FD
100
AcDbEntity
  8
0
 62
     2
100
AcDbVertex
100
AcDb2dVertex
 10
10.770382156669289
 20
19.07326348463932
  0
VERTEX
  5
11FE
100
AcDbEntity
  8
0
 62
     2
100
AcDbVertex
100
AcDb2dVertex
 10
10.786213247947412
 20
19.038235882405175
  0
VERTEX
  5
11FF
100
AcDbEntity
  8
0
 62
     2
100
AcDbVertex
100
AcDb2dVertex
 10
10.807070056729042
 20
19.012047726980775
  0
VERTEX
  5
1200
100
AcDbEntity
  8
0
 62
     2
100
AcDbVertex
100
AcDb2dVertex
 10
10.83263847972243
 20
18.993907403000549
  0
VERTEX
  5
1201
100
AcDbEntity
  8
0
 62
     2
100
AcDbVertex
100
AcDb2dVertex
 10
10.862604464796807
 20
18.983023042604
  0
VERTEX
  5
1202
100
AcDbEntity
  8
0
 62
     2
100
AcDbVertex
100
AcDb2dVertex
 10
10.896967942286377
 20
18.979394971734916
  0
VERTEX
  5
1203
100
AcDbEntity
  8
0
 62
     2
100
AcDbVertex
100
AcDb2dVertex
 10
10.926965288732088
 20
18.981901745770575
  0
VERTEX
  5
1204
100
AcDbEntity
  8
0
 62
     2
100
AcDbVertex
100
AcDb2dVertex
 10
10.95438700267766
 20
18.989421664508495
  0
VERTEX
  5
1205
100
AcDbEntity
  8
0
 62
     2
100
AcDbVertex
100
AcDb2dVertex
 10
10.979232988503927
 20
19.001955057177511
  0
VERTEX
  5
1206
100
AcDbEntity
  8
0
 62
     2
100
AcDbVertex
100
AcDb2dVertex
 10
11.001377612702949
 20
19.018677321358034
  0
VERTEX
  5
1207
100
AcDbEntity
  8
0
 62
     2
100
AcDbVertex
100
AcDb2dVertex
 10
11.020695331468421
 20
19.038763607067068
  0
VERTEX
  5
1208
100
AcDbEntity
  8
0
 62
     2
100
AcDbVertex
100
AcDb2dVertex
 10
11.037186027935544
 20
19.062214232767602
  0
VERTEX
  5
1209
100
AcDbEntity
  8
0
 62
     2
100
AcDbVertex
100
AcDb2dVertex
 10
11.051446521154656
 20
19.090282499515538
  0
VERTEX
  5
120A
100
AcDbEntity
  8
0
 62
     2
100
AcDbVertex
100
AcDb2dVertex
 10
11.064073731260432
 20
19.124221476491861
  0
VERTEX
  5
120B
100
AcDbEntity
  8
0
 62
     2
100
AcDbVertex
100
AcDb2dVertex
 10
11.075067526881096
 20
19.164031460488786
  0
VERTEX
  5
120C
100
AcDbEntity
  8
0
 62
     2
100
AcDbVertex
100
AcDb2dVertex
 10
11.083548418413404
 20
19.207040827246939
  0
VERTEX
  5
120D
100
AcDbEntity
  8
0
 62
     2
100
AcDbVertex
100
AcDb2dVertex
 10
11.088637024672362
 20
19.250577746363057
  0
VERTEX
  5
120E
100
AcDbEntity
  8
0
 62
     2
100
AcDbVertex
100
AcDb2dVertex
 10
11.090333205560636
 20
19.294642481472234
  0
VERTEX
  5
120F
100
AcDbEntity
  8
0
 62
     2
100
AcDbVertex
100
AcDb2dVertex
 10
11.090270341756426
 20
19.30018362581875
  0
VERTEX
  5
1210
100
AcDbEntity
  8
0
 62
     2
100
AcDbVertex
100
AcDb2dVertex
 10
11.090081924079552
 20
19.307307784107774
  0
VERTEX
  5
1211
100
AcDbEntity
  8
0
 62
     2
100
AcDbVertex
100
AcDb2dVertex
 10
11.089767810053996
 20
19.316015193996797
  0
VERTEX
  5
1212
100
AcDbEntity
  8
0
 62
     2
100
AcDbVertex
100
AcDb2dVertex
 10
11.06693207205473
 20
19.284121107911279
  0
VERTEX
  5
1213
100
AcDbEntity
  8
0
 62
     2
100
AcDbVertex
100
AcDb2dVertex
 10
11.039133504278634
 20
19.256514606580364
  0
VERTEX
  5
1214
100
AcDbEntity
  8
0
 62
     2
100
AcDbVertex
100
AcDb2dVertex
 10
11.006371972823128
 20
19.233195932964112
  0
VERTEX
  5
1215
100
AcDbEntity
  8
0
 62
     2
100
AcDbVertex
100
AcDb2dVertex
 10
10.97015521535501
 20
19.215550328764696
  0
VERTEX
  5
1216
100
AcDbEntity
  8
0
 62
     2
100
AcDbVertex
100
AcDb2dVertex
 10
10.931991054015445
 20
19.204962832995324
  0
VERTEX
  5
1217
100
AcDbEntity
  8
0
 62
     2
100
AcDbVertex
100
AcDb2dVertex
 10
10.891879382726525
 20
19.201433707406775
  0
VERTEX
  5
1218
100
AcDbEntity
  8
0
 62
     2
100
AcDbVertex
100
AcDb2dVertex
 10
10.826796054270691
 20
19.210141187964219
  0
VERTEX
  5
1219
100
AcDbEntity
  8
0
 62
     2
100
AcDbVertex
100
AcDb2dVertex
 10
10.768748804103904
 20
19.236263305433589
  0
VERTEX
  5
121A
100
AcDbEntity
  8
0
 62
     2
100
AcDbVertex
100
AcDb2dVertex
 10
10.717737566678348
 20
19.279800319996841
  0
VERTEX
  5
121B
100
AcDbEntity
  8
0
 62
     2
100
AcDbVertex
100
AcDb2dVertex
 10
10.67815987238372
 20
19.337585873196431
  0
VERTEX
  5
121C
100
AcDbEntity
  8
0
 62
     2
100
AcDbVertex
100
AcDb2dVertex
 10
10.654413269520422
 20
19.406453428104125
  0
VERTEX
  5
121D
100
AcDbEntity
  8
0
 62
     2
100
AcDbVertex
100
AcDb2dVertex
 10
10.646497732840462
 20
19.486403207734295
  0
VERTEX
  5
121E
100
AcDbEntity
  8
0
 62
     2
100
AcDbVertex
100
AcDb2dVertex
 10
10.654758785668033
 20
19.568925677773144
  0
VERTEX
  5
121F
100
AcDbEntity
  8
0
 62
     2
100
AcDbVertex
100
AcDb2dVertex
 10
10.679541962110459
 20
19.639970104003268
  0
VERTEX
  5
1220
100
AcDbEntity
  8
0
 62
     2
100
AcDbVertex
100
AcDb2dVertex
 10
10.720847241964922
 20
19.699536646520922
  0
VERTEX
  5
1221
100
AcDbEntity
  8
0
 62
     2
100
AcDbVertex
100
AcDb2dVertex
 10
10.774591214606797
 20
19.744392991357763
  0
VERTEX
  5
1222
100
AcDbEntity
  8
0
 62
     2
100
AcDbVertex
100
AcDb2dVertex
 10
10.8366905059688
 20
19.771306740194607
  0
VERTEX
  5
1223
100
AcDbEntity
  8
0
 62
     2
100
AcDbVertex
100
AcDb2dVertex
 10
10.907145061406073
 20
19.78027800494705
  0
VERTEX
  5
1224
100
AcDbEntity
  8
0
 62
     2
100
AcDbVertex
100
AcDb2dVertex
 10
10.959506939857331
 20
19.775198716490113
  0
VERTEX
  5
1225
100
AcDbEntity
  8
0
 62
     2
100
AcDbVertex
100
AcDb2dVertex
 10
11.008790616746541
 20
19.759960729727982
  0
VERTEX
  5
1226
100
AcDbEntity
  8
0
 62
     2
100
AcDbVertex
100
AcDb2dVertex
 10
11.054995986395017
 20
19.734564147602846
  0
VERTEX
  5
1227
100
AcDbEntity
  8
0
 62
     2
100
AcDbVertex
100
AcDb2dVertex
 10
11.096081353034545
 20
19.699767558214472
  0
VERTEX
  5
1228
100
AcDbEntity
  8
0
 62
     2
100
AcDbVertex
100
AcDb2dVertex
 10
11.130005131428394
 20
19.656329457146345
  0
VERTEX
  5
1229
100
AcDbEntity
  8
0
 62
     2
100
AcDbVertex
100
AcDb2dVertex
 10
11.156767177592005
 20
19.604249969848905
  0
VERTEX
  5
122A
100
AcDbEntity
  8
0
 62
     2
100
AcDbVertex
100
AcDb2dVertex
 10
11.176084808969431
 20
19.539439243221903
  0
VERTEX
  5
122B
100
AcDbEntity
  8
0
 62
     2
100
AcDbVertex
100
AcDb2dVertex
 10
11.187675472296011
 20
19.457807296878489
  0
VERTEX
  5
122C
100
AcDbEntity
  8
0
 62
     2
100
AcDbVertex
100
AcDb2dVertex
 10
11.191539001250977
 20
19.359354305504944
  0
VERTEX
  5
122D
100
AcDbEntity
  8
0
 62
     2
100
AcDbVertex
100
AcDb2dVertex
 10
11.18770682524308
 20
19.255690121236256
  0
VERTEX
  5
122E
100
AcDbEntity
  8
0
 62
     2
100
AcDbVertex
100
AcDb2dVertex
 10
11.176210506252975
 20
19.167131807363081
  0
VERTEX
  5
122F
100
AcDbEntity
  8
0
 62
     2
100
AcDbVertex
100
AcDb2dVertex
 10
11.157049875345326
 20
19.093679615095432
  0
VERTEX
  5
1230
100
AcDbEntity
  8
0
 62
     2
100
AcDbVertex
100
AcDb2dVertex
 10
11.130319184767547
 20
19.03302473817249
  0
VERTEX
  5
1231
100
AcDbEntity
  8
0
 62
     2
100
AcDbVertex
100
AcDb2dVertex
 10
11.096112807145392
 20
18.982858127281951
  0
VERTEX
  5
1232
100
AcDbEntity
  8
0
 62
     2
100
AcDbVertex
100
AcDb2dVertex
 10
11.054430590888376
 20
18.94318009773496
  0
VERTEX
  5
1233
100
AcDbEntity
  8
0
 62
     2
100
AcDbVertex
100
AcDb2dVertex
 10
11.006403345538484
 20
18.914485354074838
  0
VERTEX
  5
1234
100
AcDbEntity
  8
0
 62
     2
100
AcDbVertex
100
AcDb2dVertex
 10
10.953161973820816
 20
18.8972683306358
  0
VERTEX
  5
1235
100
AcDbEntity
  8
0
 62
     2
100
AcDbVertex
100
AcDb2dVertex
 10
10.894706360259772
 20
18.891529375800594
  0
VERTEX
  5
1236
100
AcDbEntity
  8
0
 62
     2
100
AcDbVertex
100
AcDb2dVertex
 10
10.833832086939037
 20
18.897829154343651
  0
VERTEX
  5
1237
100
AcDbEntity
  8
0
 62
     2
100
AcDbVertex
100
AcDb2dVertex
 10
10.780873397122182
 20
18.916728056020684
  0
VERTEX
  5
1238
100
AcDbEntity
  8
0
 62
     2
100
AcDbVertex
100
AcDb2dVertex
 10
10.735830222891149
 20
18.948226432636591
  0
VERTEX
  5
1239
100
AcDbEntity
  8
0
 62
     2
100
AcDbVertex
100
AcDb2dVertex
 10
10.700210295347905
 20
18.991136870435565
  0
VERTEX
  5
123A
100
AcDbEntity
  8
0
 62
     2
100
AcDbVertex
100
AcDb2dVertex
 10
10.675521368456575
 20
19.044271700492079
  0
VERTEX
  5
123B
100
AcDbEntity
  8
0
 62
     2
100
AcDbVertex
100
AcDb2dVertex
 10
10.66176341152001
 20
19.107631246882299
  0
SEQEND
  5
123C
100
AcDbEntity
  8
0
  0
POLYLINE
  5
123D
100
AcDbEntity
  8
0
 62
     2
100
AcDb2dPolyline
 66
     1
 10
0.0
 20
0.0
 30
0.0
 40
0.000000247740786108
 41
0.000000247740786108
  0
VERTEX
  5
123E
100
AcDbEntity
  8
0
 62
     2
100
AcDbVertex
100
AcDb2dVertex
 10
11.07845989992099
 20
19.491746385865437
  0
VERTEX
  5
123F
100
AcDbEntity
  8
0
 62
     2
100
AcDbVertex
100
AcDb2dVertex
 10
11.073277066482259
 20
19.548872268680878
  0
VERTEX
  5
1240
100
AcDbEntity
  8
0
 62
     2
100
AcDbVertex
100
AcDb2dVertex
 10
11.057728735097651
 20
19.597554502958683
  0
VERTEX
  5
1241
100
AcDbEntity
  8
0
 62
     2
100
AcDbVertex
100
AcDb2dVertex
 10
11.031814770622372
 20
19.63779325478329
  0
VERTEX
  5
1242
100
AcDbEntity
  8
0
 62
     2
100
AcDbVertex
100
AcDb2dVertex
 10
10.99861345354012
 20
19.667807443942554
  0
VERTEX
  5
1243
100
AcDbEntity
  8
0
 62
     2
100
AcDbVertex
100
AcDb2dVertex
 10
10.961203155493163
 20
19.685815888766079
  0
VERTEX
  5
1244
100
AcDbEntity
  8
0
 62
     2
100
AcDbVertex
100
AcDb2dVertex
 10
10.919583762552367
 20
19.691818722553716
  0
VERTEX
  5
1245
100
AcDbEntity
  8
0
 62
     2
100
AcDbVertex
100
AcDb2dVertex
 10
10.876299569020883
 20
19.685354173197616
  0
VERTEX
  5
1246
100
AcDbEntity
  8
0
 62
     2
100
AcDbVertex
100
AcDb2dVertex
 10
10.836910375366468
 20
19.66596037232792
  0
VERTEX
  5
1247
100
AcDbEntity
  8
0
 62
     2
100
AcDbVertex
100
AcDb2dVertex
 10
10.801416101662536
 20
19.63363744957018
  0
VERTEX
  5
1248
100
AcDbEntity
  8
0
 62
     2
100
AcDbVertex
100
AcDb2dVertex
 10
10.773460418553444
 20
19.591023997306092
  0
VERTEX
  5
1249
100
AcDbEntity
  8
0
 62
     2
100
AcDbVertex
100
AcDb2dVertex
 10
10.756687035932732
 20
19.54075849144246
  0
VERTEX
  5
124A
100
AcDbEntity
  8
0
 62
     2
100
AcDbVertex
100
AcDb2dVertex
 10
10.751095901570697
 20
19.482841088980202
  0
VERTEX
  5
124B
100
AcDbEntity
  8
0
 62
     2
100
AcDbVertex
100
AcDb2dVertex
 10
10.756404324339389
 20
19.43089357986047
  0
VERTEX
  5
124C
100
AcDbEntity
  8
0
 62
     2
100
AcDbVertex
100
AcDb2dVertex
 10
10.772329647198593
 20
19.385872289878158
  0
VERTEX
  5
124D
100
AcDbEntity
  8
0
 62
     2
100
AcDbVertex
100
AcDb2dVertex
 10
10.79887182188261
 20
19.347777419554138
  0
VERTEX
  5
124E
100
AcDbEntity
  8
0
 62
     2
100
AcDbVertex
100
AcDb2dVertex
 10
10.833203875760478
 20
19.318917728383717
  0
VERTEX
  5
124F
100
AcDbEntity
  8
0
 62
     2
100
AcDbVertex
100
AcDb2dVertex
 10
10.872498886887112
 20
19.301601796265224
  0
VERTEX
  5
1250
100
AcDbEntity
  8
0
 62
     2
100
AcDbVertex
100
AcDb2dVertex
 10
10.916756785019121
 20
19.295829854390266
  0
VERTEX
  5
1251
100
AcDbEntity
  8
0
 62
     2
100
AcDbVertex
100
AcDb2dVertex
 10
10.961077482199006
 20
19.301601877027469
  0
VERTEX
  5
1252
100
AcDbEntity
  8
0
 62
     2
100
AcDbVertex
100
AcDb2dVertex
 10
10.999807109510609
 20
19.318917653728093
  0
VERTEX
  5
1253
100
AcDbEntity
  8
0
 62
     2
100
AcDbVertex
100
AcDb2dVertex
 10
11.032945561635675
 20
19.347777419554138
  0
VERTEX
  5
1254
100
AcDbEntity
  8
0
 62
     2
100
AcDbVertex
100
AcDb2dVertex
 10
11.058231267079062
 20
19.386861843810156
  0
VERTEX
  5
1255
100
AcDbEntity
  8
0
 62
     2
100
AcDbVertex
100
AcDb2dVertex
 10
11.073402757123905
 20
19.434851429303276
  0
VERTEX
  5
1256
100
AcDbEntity
  8
0
 62
     2
100
AcDbVertex
100
AcDb2dVertex
 10
11.07845989992099
 20
19.491746385865437
  0
SEQEND
  5
1257
100
AcDbEntity
  8
0
  0
POLYLINE
  5
1258
100
AcDbEntity
  8
0
 62
     2
100
AcDb2dPolyline
 66
     1
 10
0.0
 20
0.0
 30
0.0
 40
0.000000247740786108
 41
0.000000247740786108
  0
VERTEX
  5
1259
100
AcDbEntity
  8
0
 62
     2
100
AcDbVertex
100
AcDb2dVertex
 10
11.673821368423344
 20
18.906371537275987
  0
VERTEX
  5
125A
100
AcDbEntity
  8
0
 62
     2
100
AcDbVertex
100
AcDb2dVertex
 10
11.572050177226362
 20
18.906371537275987
  0
VERTEX
  5
125B
100
AcDbEntity
  8
0
 62
     2
100
AcDbVertex
100
AcDb2dVertex
 10
11.572050177226362
 20
19.587329905766961
  0
VERTEX
  5
125C
100
AcDbEntity
  8
0
 62
     2
100
AcDbVertex
100
AcDb2dVertex
 10
11.545005342618918
 20
19.562790911747463
  0
VERTEX
  5
125D
100
AcDbEntity
  8
0
 62
     2
100
AcDbVertex
100
AcDb2dVertex
 10
11.512872122075979
 20
19.538251817137997
  0
VERTEX
  5
125E
100
AcDbEntity
  8
0
 62
     2
100
AcDbVertex
100
AcDb2dVertex
 10
11.475650243342553
 20
19.513712784849016
  0
VERTEX
  5
125F
100
AcDbEntity
  8
0
 62
     2
100
AcDbVertex
100
AcDb2dVertex
 10
11.437234685628251
 20
19.491218717243914
  0
VERTEX
  5
1260
100
AcDbEntity
  8
0
 62
     2
100
AcDbVertex
100
AcDb2dVertex
 10
11.40152061690986
 20
19.472814376118901
  0
VERTEX
  5
1261
100
AcDbEntity
  8
0
 62
     2
100
AcDbVertex
100
AcDb2dVertex
 10
11.368507794832393
 20
19.458499944160558
  0
VERTEX
  5
1262
100
AcDbEntity
  8
0
 62
     2
100
AcDbVertex
100
AcDb2dVertex
 10
11.368507794832393
 20
19.561801388029284
  0
VERTEX
  5
1263
100
AcDbEntity
  8
0
 62
     2
100
AcDbVertex
100
AcDb2dVertex
 10
11.423036983156319
 20
19.591881549378478
  0
VERTEX
  5
1264
100
AcDbEntity
  8
0
 62
     2
100
AcDbVertex
100
AcDb2dVertex
 10
11.47279186763657
 20
19.625919522426059
  0
VERTEX
  5
1265
100
AcDbEntity
  8
0
 62
     2
100
AcDbVertex
100
AcDb2dVertex
 10
11.517772208587967
 20
19.663915458979979
  0
VERTEX
  5
1266
100
AcDbEntity
  8
0
 62
     2
100
AcDbVertex
100
AcDb2dVertex
 10
11.556219023294883
 20
19.70349459457648
  0
VERTEX
  5
1267
100
AcDbEntity
  8
0
 62
     2
100
AcDbVertex
100
AcDb2dVertex
 10
11.586373542640398
 20
19.7422820698348
  0
VERTEX
  5
1268
100
AcDbEntity
  8
0
 62
     2
100
AcDbVertex
100
AcDb2dVertex
 10
11.60823548965195
 20
19.78027800494705
  0
VERTEX
  5
1269
100
AcDbEntity
  8
0
 62
     2
100
AcDbVertex
100
AcDb2dVertex
 10
11.673821368423344
 20
19.78027800494705
  0
VERTEX
  5
126A
100
AcDbEntity
  8
0
 62
     2
100
AcDbVertex
100
AcDb2dVertex
 10
11.673821368423344
 20
18.906371537275987
  0
SEQEND
  5
126B
100
AcDbEntity
  8
0
  0
POLYLINE
  5
126C
100
AcDbEntity
  8
0
 62
     2
100
AcDb2dPolyline
 66
     1
 10
0.0
 20
0.0
 30
0.0
 40
0.000000247740786108
 41
0.000000247740786108
  0
VERTEX
  5
126D
100
AcDbEntity
  8
0
 62
     2
100
AcDbVertex
100
AcDb2dVertex
 10
11.934468696988947
 20
19.335606847144316
  0
VERTEX
  5
126E
100
AcDbEntity
  8
0
 62
     2
100
AcDbVertex
100
AcDb2dVertex
 10
11.937829545028695
 20
19.431817100863299
  0
VERTEX
  5
126F
100
AcDbEntity
  8
0
 62
     2
100
AcDbVertex
100
AcDb2dVertex
 10
11.947912561451222
 20
19.514636295300125
  0
VERTEX
  5
1270
100
AcDbEntity
  8
0
 62
     2
100
AcDbVertex
100
AcDb2dVertex
 10
11.964717356594715
 20
19.584064630242374
  0
VERTEX
  5
1271
100
AcDbEntity
  8
0
 62
     2
100
AcDbVertex
100
AcDb2dVertex
 10
11.988149742094695
 20
19.642015069632095
  0
VERTEX
  5
1272
100
AcDbEntity
  8
0
 62
     2
100
AcDbVertex
100
AcDb2dVertex
 10
12.018115838902236
 20
19.690400469603688
  0
VERTEX
  5
1273
100
AcDbEntity
  8
0
 62
     2
100
AcDbVertex
100
AcDb2dVertex
 10
12.05461524215205
 20
19.729220969471704
  0
VERTEX
  5
1274
100
AcDbEntity
  8
0
 62
     2
100
AcDbVertex
100
AcDb2dVertex
 10
12.097805051418245
 20
19.757586021814419
  0
VERTEX
  5
1275
100
AcDbEntity
  8
0
 62
     2
100
AcDbVertex
100
AcDb2dVertex
 10
12.147842699543506
 20
19.774604997907062
  0
VERTEX
  5
1276
100
AcDbEntity
  8
0
 62
     2
100
AcDbVertex
100
AcDb2dVertex
 10
12.204727749167599
 20
19.78027800494705
  0
VERTEX
  5
1277
100
AcDbEntity
  8
0
 62
     2
100
AcDbVertex
100
AcDb2dVertex
 10
12.247383560611535
 20
19.777144688859433
  0
VERTEX
  5
1278
100
AcDbEntity
  8
0
 62
     2
100
AcDbVertex
100
AcDb2dVertex
 10
12.286396010033467
 20
19.767744619437245
  0
VERTEX
  5
1279
100
AcDbEntity
  8
0
 62
     2
100
AcDbVertex
100
AcDb2dVertex
 10
12.321764619044128
 20
19.752077898143806
  0
VERTEX
  5
127A
100
AcDbEntity
  8
0
 62
     2
100
AcDbVertex
100
AcDb2dVertex
 10
12.353363797464805
 20
19.730507322078857
  0
VERTEX
  5
127B
100
AcDbEntity
  8
0
 62
     2
100
AcDbVertex
100
AcDb2dVertex
 10
12.381068346849137
 20
19.70339560197441
  0
VERTEX
  5
127C
100
AcDbEntity
  8
0
 62
     2
100
AcDbVertex
100
AcDb2dVertex
 10
12.404877758521668
 20
19.670742853258659
  0
VERTEX
  5
127D
100
AcDbEntity
  8
0
 62
     2
100
AcDbVertex
100
AcDb2dVertex
 10
12.425169019967893
 20
19.632746959151959
  0
VERTEX
  5
127E
100
AcDbEntity
  8
0
 62
     2
100
AcDbVertex
100
AcDb2dVertex
 10
12.44231952675992
 20
19.589605695059763
  0
VERTEX
  5
127F
100
AcDbEntity
  8
0
 62
     2
100
AcDbVertex
100
AcDb2dVertex
 10
12.45632874962681
 20
19.541319205193243
  0
VERTEX
  5
1280
100
AcDbEntity
  8
0
 62
     2
100
AcDbVertex
100
AcDb2dVertex
 10
12.466694174624227
 20
19.484556233720134
  0
VERTEX
  5
1281
100
AcDbEntity
  8
0
 62
     2
100
AcDbVertex
100
AcDb2dVertex
 10
12.472913705448814
 20
19.415985384628424
  0
VERTEX
  5
1282
100
AcDbEntity
  8
0
 62
     2
100
AcDbVertex
100
AcDb2dVertex
 10
12.474986801346251
 20
19.335606847144316
  0
VERTEX
  5
1283
100
AcDbEntity
  8
0
 62
     2
100
AcDbVertex
100
AcDb2dVertex
 10
12.471657089353645
 20
19.240056379606788
  0
VERTEX
  5
1284
100
AcDbEntity
  8
0
 62
     2
100
AcDbVertex
100
AcDb2dVertex
 10
12.461668615799358
 20
19.157632824245564
  0
VERTEX
  5
1285
100
AcDbEntity
  8
0
 62
     2
100
AcDbVertex
100
AcDb2dVertex
 10
12.445020839493811
 20
19.08833643696429
  0
VERTEX
  5
1286
100
AcDbEntity
  8
0
 62
     2
100
AcDbVertex
100
AcDb2dVertex
 10
12.421745233455834
 20
19.030353149473726
  0
VERTEX
  5
1287
100
AcDbEntity
  8
0
 62
     2
100
AcDbVertex
100
AcDb2dVertex
 10
12.391873679548215
 20
18.981868649916446
  0
VERTEX
  5
1288
100
AcDbEntity
  8
0
 62
     2
100
AcDbVertex
100
AcDb2dVertex
 10
12.355405651689804
 20
18.94288325450545
  0
VERTEX
  5
1289
100
AcDbEntity
  8
0
 62
     2
100
AcDbVertex
100
AcDb2dVertex
 10
12.312152745833725
 20
18.914353423770269
  0
VERTEX
  5
128A
100
AcDbEntity
  8
0
 62
     2
100
AcDbVertex
100
AcDb2dVertex
 10
12.261926942854121
 20
18.897235348058679
  0
VERTEX
  5
128B
100
AcDbEntity
  8
0
 62
     2
100
AcDbVertex
100
AcDb2dVertex
 10
12.204727749167599
 20
18.891529375800594
  0
VERTEX
  5
128C
100
AcDbEntity
  8
0
 62
     2
100
AcDbVertex
100
AcDb2dVertex
 10
12.130535158918189
 20
18.901556186169639
  0
VERTEX
  5
128D
100
AcDbEntity
  8
0
 62
     2
100
AcDbVertex
100
AcDb2dVertex
 10
12.067776405666347
 20
18.931636183768926
  0
VERTEX
  5
128E
100
AcDbEntity
  8
0
 62
     2
100
AcDbVertex
100
AcDb2dVertex
 10
12.016451045453177
 20
18.981769717570977
  0
VERTEX
  5
128F
100
AcDbEntity
  8
0
 62
     2
100
AcDbVertex
100
AcDb2dVertex
 10
11.970905176587994
 20
19.069371549536282
  0
VERTEX
  5
1290
100
AcDbEntity
  8
0
 62
     2
100
AcDbVertex
100
AcDb2dVertex
 10
11.943577860479369
 20
19.187317160883701
  0
VERTEX
  5
1291
100
AcDbEntity
  8
0
 62
     2
100
AcDbVertex
100
AcDb2dVertex
 10
11.934468696988947
 20
19.335606847144316
  0
SEQEND
  5
1292
100
AcDbEntity
  8
0
  0
POLYLINE
  5
1293
100
AcDbEntity
  8
0
 62
     2
100
AcDb2dPolyline
 66
     1
 10
0.0
 20
0.0
 30
0.0
 40
0.000000247740786108
 41
0.000000247740786108
  0
VERTEX
  5
1294
100
AcDbEntity
  8
0
 62
     2
100
AcDbVertex
100
AcDb2dVertex
 10
12.039066865719175
 20
19.335606847144316
  0
VERTEX
  5
1295
100
AcDbEntity
  8
0
 62
     2
100
AcDbVertex
100
AcDb2dVertex
 10
12.044375178310066
 20
19.208656963737262
  0
VERTEX
  5
1296
100
AcDbEntity
  8
0
 62
     2
100
AcDbVertex
100
AcDb2dVertex
 10
12.060300625563567
 20
19.113568095235966
  0
VERTEX
  5
1297
100
AcDbEntity
  8
0
 62
     2
100
AcDbVertex
100
AcDb2dVertex
 10
12.086842786031095
 20
19.050340503587286
  0
VERTEX
  5
1298
100
AcDbEntity
  8
0
 62
     2
100
AcDbVertex
100
AcDb2dVertex
 10
12.121174729731155
 20
19.010926412289635
  0
VERTEX
  5
1299
100
AcDbEntity
  8
0
 62
     2
100
AcDbVertex
100
AcDb2dVertex
 10
12.160469865252079
 20
18.987277795053075
  0
VERTEX
  5
129A
100
AcDbEntity
  8
0
 62
     2
100
AcDbVertex
100
AcDb2dVertex
 10
12.204727749167599
 20
18.979394971734916
  0
VERTEX
  5
129B
100
AcDbEntity
  8
0
 62
     2
100
AcDbVertex
100
AcDb2dVertex
 10
12.248985514468874
 20
18.987310889305636
  0
VERTEX
  5
129C
100
AcDbEntity
  8
0
 62
     2
100
AcDbVertex
100
AcDb2dVertex
 10
12.288280661720432
 20
19.011058239293558
  0
VERTEX
  5
129D
100
AcDbEntity
  8
0
 62
     2
100
AcDbVertex
100
AcDb2dVertex
 10
12.322612712304103
 20
19.050637346816796
  0
VERTEX
  5
129E
100
AcDbEntity
  8
0
 62
     2
100
AcDbVertex
100
AcDb2dVertex
 10
12.349154741840128
 20
19.113963993799562
  0
VERTEX
  5
129F
100
AcDbEntity
  8
0
 62
     2
100
AcDbVertex
100
AcDb2dVertex
 10
12.365080217217223
 20
19.208953732866686
  0
VERTEX
  5
12A0
100
AcDbEntity
  8
0
 62
     2
100
AcDbVertex
100
AcDb2dVertex
 10
12.370388632616024
 20
19.335606847144316
  0
VERTEX
  5
12A1
100
AcDbEntity
  8
0
 62
     2
100
AcDbVertex
100
AcDb2dVertex
 10
12.365080045209385
 20
19.462853708351197
  0
VERTEX
  5
12A2
100
AcDbEntity
  8
0
 62
     2
100
AcDbVertex
100
AcDb2dVertex
 10
12.349154908231728
 20
19.558041372664349
  0
VERTEX
  5
12A3
100
AcDbEntity
  8
0
 62
     2
100
AcDbVertex
100
AcDb2dVertex
 10
12.322612712304103
 20
19.621170033930852
  0
VERTEX
  5
12A4
100
AcDbEntity
  8
0
 62
     2
100
AcDbVertex
100
AcDb2dVertex
 10
12.288154850336749
 20
19.660419346886826
  0
VERTEX
  5
12A5
100
AcDbEntity
  8
0
 62
     2
100
AcDbVertex
100
AcDb2dVertex
 10
12.248483094722079
 20
19.683968864447099
  0
VERTEX
  5
12A6
100
AcDbEntity
  8
0
 62
     2
100
AcDbVertex
100
AcDb2dVertex
 10
12.203596958154304
 20
19.691818722553716
  0
VERTEX
  5
12A7
100
AcDbEntity
  8
0
 62
     2
100
AcDbVertex
100
AcDb2dVertex
 10
12.159998546254588
 20
19.684892417042182
  0
VERTEX
  5
12A8
100
AcDbEntity
  8
0
 62
     2
100
AcDbVertex
100
AcDb2dVertex
 10
12.122682593610033
 20
19.664113347651149
  0
VERTEX
  5
12A9
100
AcDbEntity
  8
0
 62
     2
100
AcDbVertex
100
AcDb2dVertex
 10
12.091648647837626
 20
19.629481644357071
  0
VERTEX
  5
12AA
100
AcDbEntity
  8
0
 62
     2
100
AcDbVertex
100
AcDb2dVertex
 10
12.062436419941722
 20
19.561471604843362
  0
VERTEX
  5
12AB
100
AcDbEntity
  8
0
 62
     2
100
AcDbVertex
100
AcDb2dVertex
 10
12.044909301159596
 20
19.463513282013313
  0
VERTEX
  5
12AC
100
AcDbEntity
  8
0
 62
     2
100
AcDbVertex
100
AcDb2dVertex
 10
12.039066865719175
 20
19.335606847144316
  0
SEQEND
  5
12AD
100
AcDbEntity
  8
0
  0
POLYLINE
  5
12AE
100
AcDbEntity
  8
0
 62
     2
100
AcDb2dPolyline
 66
     1
 10
0.0
 20
0.0
 30
0.0
 40
0.000000247740786108
 41
0.000000247740786108
  0
VERTEX
  5
12AF
100
AcDbEntity
  8
0
 62
     2
100
AcDbVertex
100
AcDb2dVertex
 10
13.106533582274199
 20
19.563582447406333
  0
VERTEX
  5
12B0
100
AcDbEntity
  8
0
 62
     2
100
AcDbVertex
100
AcDb2dVertex
 10
13.005327786583866
 20
19.555270836980114
  0
VERTEX
  5
12B1
100
AcDbEntity
  8
0
 62
     2
100
AcDbVertex
100
AcDb2dVertex
 10
12.995024818262625
 20
19.593398748108058
  0
VERTEX
  5
12B2
100
AcDbEntity
  8
0
 62
     2
100
AcDbVertex
100
AcDb2dVertex
 10
12.982209417947875
 20
19.623874601791126
  0
VERTEX
  5
12B3
100
AcDbEntity
  8
0
 62
     2
100
AcDbVertex
100
AcDb2dVertex
 10
12.966880892131666
 20
19.646698551668525
  0
VERTEX
  5
12B4
100
AcDbEntity
  8
0
 62
     2
100
AcDbVertex
100
AcDb2dVertex
 10
12.937228836785525
 20
19.672095178878646
  0
VERTEX
  5
12B5
100
AcDbEntity
  8
0
 62
     2
100
AcDbVertex
100
AcDb2dVertex
 10
12.903305331632094
 20
19.687333087391139
  0
VERTEX
  5
12B6
100
AcDbEntity
  8
0
 62
     2
100
AcDbVertex
100
AcDb2dVertex
 10
12.865109700934685
 20
19.692412409012732
  0
VERTEX
  5
12B7
100
AcDbEntity
  8
0
 62
     2
100
AcDbVertex
100
AcDb2dVertex
 10
12.834012754926253
 20
19.689246117858932
  0
VERTEX
  5
12B8
100
AcDbEntity
  8
0
 62
     2
100
AcDbVertex
100
AcDb2dVertex
 10
12.805554730189133
 20
19.679747092199019
  0
VERTEX
  5
12B9
100
AcDbEntity
  8
0
 62
     2
100
AcDbVertex
100
AcDb2dVertex
 10
12.779734979430554
 20
19.663915458979979
  0
VERTEX
  5
12BA
100
AcDbEntity
  8
0
 62
     2
100
AcDbVertex
100
AcDb2dVertex
 10
12.749957296941577
 20
19.635616444000558
  0
VERTEX
  5
12BB
100
AcDbEntity
  8
0
 62
     2
100
AcDbVertex
100
AcDb2dVertex
 10
12.724703172109127
 20
19.59979731311406
  0
VERTEX
  5
12BC
100
AcDbEntity
  8
0
 62
     2
100
AcDbVertex
100
AcDb2dVertex
 10
12.703971981539464
 20
19.556458209898146
  0
VERTEX
  5
12BD
100
AcDbEntity
  8
0
 62
     2
100
AcDbVertex
100
AcDb2dVertex
 10
12.68845483638253
 20
19.502696651891277
  0
VERTEX
  5
12BE
100
AcDbEntity
  8
0
 62
     2
100
AcDbVertex
100
AcDb2dVertex
 10
12.67884331488548
 20
19.435610020621741
  0
VERTEX
  5
12BF
100
AcDbEntity
  8
0
 62
     2
100
AcDbVertex
100
AcDb2dVertex
 10
12.67513681070032
 20
19.355198500291834
  0
VERTEX
  5
12C0
100
AcDbEntity
  8
0
 62
     2
100
AcDbVertex
100
AcDb2dVertex
 10
12.701458934526709
 20
19.39101764794103
  0
VERTEX
  5
12C1
100
AcDbEntity
  8
0
 62
     2
100
AcDbVertex
100
AcDb2dVertex
 10
12.731425100048174
 20
19.420108213715231
  0
VERTEX
  5
12C2
100
AcDbEntity
  8
0
 62
     2
100
AcDbVertex
100
AcDb2dVertex
 10
12.765034696257654
 20
19.442470409767136
  0
VERTEX
  5
12C3
100
AcDbEntity
  8
0
 62
     2
100
AcDbVertex
100
AcDb2dVertex
 10
12.801031357438415
 20
19.458302106273891
  0
VERTEX
  5
12C4
100
AcDbEntity
  8
0
 62
     2
100
AcDbVertex
100
AcDb2dVertex
 10
12.838159208918025
 20
19.467801025207233
  0
VERTEX
  5
12C5
100
AcDbEntity
  8
0
 62
     2
100
AcDbVertex
100
AcDb2dVertex
 10
12.876417611067691
 20
19.470967359799889
  0
VERTEX
  5
12C6
100
AcDbEntity
  8
0
 62
     2
100
AcDbVertex
100
AcDb2dVertex
 10
12.940903913209961
 20
19.462227031141602
  0
VERTEX
  5
12C7
100
AcDbEntity
  8
0
 62
     2
100
AcDbVertex
100
AcDb2dVertex
 10
12.9986687139338
 20
19.436005814086542
  0
VERTEX
  5
12C8
100
AcDbEntity
  8
0
 62
     2
100
AcDbVertex
100
AcDb2dVertex
 10
13.049711333855885
 20
19.392303903980313
  0
VERTEX
  5
12C9
100
AcDbEntity
  8
0
 62
     2
100
AcDbVertex
100
AcDb2dVertex
 10
13.089445862556328
 20
19.334749363378627
  0
VERTEX
  5
12CA
100
AcDbEntity
  8
0
 62
     2
100
AcDbVertex
100
AcDb2dVertex
 10
13.113286946286212
 20
19.266970081870284
  0
VERTEX
  5
12CB
100
AcDbEntity
  8
0
 62
     2
100
AcDbVertex
100
AcDb2dVertex
 10
13.121233865447092
 20
19.188966291767446
  0
VERTEX
  5
12CC
100
AcDbEntity
  8
0
 62
     2
100
AcDbVertex
100
AcDb2dVertex
 10
13.117495756954614
 20
19.135633539268131
  0
VERTEX
  5
12CD
100
AcDbEntity
  8
0
 62
     2
100
AcDbVertex
100
AcDb2dVertex
 10
13.106282322114719
 20
19.084873251332855
  0
VERTEX
  5
12CE
100
AcDbEntity
  8
0
 62
     2
100
AcDbVertex
100
AcDb2dVertex
 10
13.087592832801423
 20
19.036685715029925
  0
VERTEX
  5
12CF
100
AcDbEntity
  8
0
 62
     2
100
AcDbVertex
100
AcDb2dVertex
 10
13.062369698458877
 20
18.993445645300564
  0
VERTEX
  5
12D0
100
AcDbEntity
  8
0
 62
     2
100
AcDbVertex
100
AcDb2dVertex
 10
13.031555880631107
 20
18.957527505565345
  0
VERTEX
  5
12D1
100
AcDbEntity
  8
0
 62
     2
100
AcDbVertex
100
AcDb2dVertex
 10
12.99515066746417
 20
18.928931622718583
  0
VERTEX
  5
12D2
100
AcDbEntity
  8
0
 62
     2
100
AcDbVertex
100
AcDb2dVertex
 10
12.95419069983507
 20
18.908152699455641
  0
VERTEX
  5
12D3
100
AcDbEntity
  8
0
 62
     2
100
AcDbVertex
100
AcDb2dVertex
 10
12.909713146792487
 20
18.895685166933823
  0
VERTEX
  5
12D4
100
AcDbEntity
  8
0
 62
     2
100
AcDbVertex
100
AcDb2dVertex
 10
12.861717327894791
 20
18.891529375800594
  0
VERTEX
  5
12D5
100
AcDbEntity
  8
0
 62
     2
100
AcDbVertex
100
AcDb2dVertex
 10
12.782122013352403
 20
18.902446715897973
  0
VERTEX
  5
12D6
100
AcDbEntity
  8
0
 62
     2
100
AcDbVertex
100
AcDb2dVertex
 10
12.712955507156973
 20
18.935198302788422
  0
VERTEX
  5
12D7
100
AcDbEntity
  8
0
 62
     2
100
AcDbVertex
100
AcDb2dVertex
 10
12.65421717695428
 20
18.989784484767689
  0
VERTEX
  5
12D8
100
AcDbEntity
  8
0
 62
     2
100
AcDbVertex
100
AcDb2dVertex
 10
12.609613579343861
 20
19.069437514116157
  0
VERTEX
  5
12D9
100
AcDbEntity
  8
0
 62
     2
100
AcDbVertex
100
AcDb2dVertex
 10
12.582851720412311
 20
19.177389403173141
  0
VERTEX
  5
12DA
100
AcDbEntity
  8
0
 62
     2
100
AcDbVertex
100
AcDb2dVertex
 10
12.573931015009993
 20
19.313640448160736
  0
VERTEX
  5
12DB
100
AcDbEntity
  8
0
 62
     2
100
AcDbVertex
100
AcDb2dVertex
 10
12.583793856964906
 20
19.466547758804346
  0
VERTEX
  5
12DC
100
AcDbEntity
  8
0
 62
     2
100
AcDbVertex
100
AcDb2dVertex
 10
12.613383081774234
 20
19.58884710549162
  0
VERTEX
  5
12DD
100
AcDbEntity
  8
0
 62
     2
100
AcDbVertex
100
AcDb2dVertex
 10
12.662698109554018
 20
19.68053867983242
  0
VERTEX
  5
12DE
100
AcDbEntity
  8
0
 62
     2
100
AcDbVertex
100
AcDb2dVertex
 10
12.720305452080307
 20
19.735949451865505
  0
VERTEX
  5
12DF
100
AcDbEntity
  8
0
 62
     2
100
AcDbVertex
100
AcDb2dVertex
 10
12.789849305836913
 20
19.76919585525863
  0
VERTEX
  5
12E0
100
AcDbEntity
  8
0
 62
     2
100
AcDbVertex
100
AcDb2dVertex
 10
12.871329051507839
 20
19.78027800494705
  0
VERTEX
  5
12E1
100
AcDbEntity
  8
0
 62
     2
100
AcDbVertex
100
AcDb2dVertex
 10
12.932611446245904
 20
19.773879413188876
  0
VERTEX
  5
12E2
100
AcDbEntity
  8
0
 62
     2
100
AcDbVertex
100
AcDb2dVertex
 10
12.986041547166788
 20
19.75468351636577
  0
VERTEX
  5
12E3
100
AcDbEntity
  8
0
 62
     2
100
AcDbVertex
100
AcDb2dVertex
 10
13.031618677643085
 20
19.72269041842253
  0
VERTEX
  5
12E4
100
AcDbEntity
  8
0
 62
     2
100
AcDbVertex
100
AcDb2dVertex
 10
13.067709548196031
 20
19.679417306863694
  0
VERTEX
  5
12E5
100
AcDbEntity
  8
0
 62
     2
100
AcDbVertex
100
AcDb2dVertex
 10
13.092681421147486
 20
19.626381272567428
  0
VERTEX
  5
12E6
100
AcDbEntity
  8
0
 62
     2
100
AcDbVertex
100
AcDb2dVertex
 10
13.106533582274199
 20
19.563582447406333
  0
SEQEND
  5
12E7
100
AcDbEntity
  8
0
  0
POLYLINE
  5
12E8
100
AcDbEntity
  8
0
 62
     2
100
AcDb2dPolyline
 66
     1
 10
0.0
 20
0.0
 30
0.0
 40
0.000000247740786108
 41
0.000000247740786108
  0
VERTEX
  5
12E9
100
AcDbEntity
  8
0
 62
     2
100
AcDbVertex
100
AcDb2dVertex
 10
12.690967884886522
 20
19.18837260530843
  0
VERTEX
  5
12EA
100
AcDbEntity
  8
0
 62
     2
100
AcDbVertex
100
AcDb2dVertex
 10
12.69344916405176
 20
19.152091846848808
  0
VERTEX
  5
12EB
100
AcDbEntity
  8
0
 62
     2
100
AcDbVertex
100
AcDb2dVertex
 10
12.70089374095102
 20
19.11686635625837
  0
VERTEX
  5
12EC
100
AcDbEntity
  8
0
 62
     2
100
AcDbVertex
100
AcDb2dVertex
 10
12.713301007399192
 20
19.082696415603642
  0
VERTEX
  5
12ED
100
AcDbEntity
  8
0
 62
     2
100
AcDbVertex
100
AcDb2dVertex
 10
12.730168458869134
 20
19.051725861761724
  0
VERTEX
  5
12EE
100
AcDbEntity
  8
0
 62
     2
100
AcDbVertex
100
AcDb2dVertex
 10
12.750994066391083
 20
19.026098292936169
  0
VERTEX
  5
12EF
100
AcDbEntity
  8
0
 62
     2
100
AcDbVertex
100
AcDb2dVertex
 10
12.775777210884005
 20
19.005814019161111
  0
VERTEX
  5
12F0
100
AcDbEntity
  8
0
 62
     2
100
AcDbVertex
100
AcDb2dVertex
 10
12.802978830112234
 20
18.991136866604649
  0
VERTEX
  5
12F1
100
AcDbEntity
  8
0
 62
     2
100
AcDbVertex
100
AcDb2dVertex
 10
12.831060353558154
 20
18.982330408484383
  0
VERTEX
  5
12F2
100
AcDbEntity
  8
0
 62
     2
100
AcDbVertex
100
AcDb2dVertex
 10
12.86002114137484
 20
18.979394971734916
  0
VERTEX
  5
12F3
100
AcDbEntity
  8
0
 62
     2
100
AcDbVertex
100
AcDb2dVertex
 10
12.900980710266627
 20
18.985463864683908
  0
VERTEX
  5
12F4
100
AcDbEntity
  8
0
 62
     2
100
AcDbVertex
100
AcDb2dVertex
 10
12.937920105910134
 20
19.003670140586465
  0
VERTEX
  5
12F5
100
AcDbEntity
  8
0
 62
     2
100
AcDbVertex
100
AcDb2dVertex
 10
12.970838660678222
 20
19.034014125964354
  0
VERTEX
  5
12F6
100
AcDbEntity
  8
0
 62
     2
100
AcDbVertex
100
AcDb2dVertex
 10
12.996595363252883
 20
19.07478068865197
  0
VERTEX
  5
12F7
100
AcDbEntity
  8
0
 62
     2
100
AcDbVertex
100
AcDb2dVertex
 10
13.012049738252838
 20
19.12425446015548
  0
VERTEX
  5
12F8
100
AcDbEntity
  8
0
 62
     2
100
AcDbVertex
100
AcDb2dVertex
 10
13.017201092223512
 20
19.182435740718272
  0
VERTEX
  5
12F9
100
AcDbEntity
  8
0
 62
     2
100
AcDbVertex
100
AcDb2dVertex
 10
13.012112325526342
 20
19.238341294518285
  0
VERTEX
  5
12FA
100
AcDbEntity
  8
0
 62
     2
100
AcDbVertex
100
AcDb2dVertex
 10
12.996846879165656
 20
19.285737178125039
  0
VERTEX
  5
12FB
100
AcDbEntity
  8
0
 62
     2
100
AcDbVertex
100
AcDb2dVertex
 10
12.971404056184877
 20
19.324623647652526
  0
VERTEX
  5
12FC
100
AcDbEntity
  8
0
 62
     2
100
AcDbVertex
100
AcDb2dVertex
 10
12.938233984008409
 20
19.353483473304639
  0
VERTEX
  5
12FD
100
AcDbEntity
  8
0
 62
     2
100
AcDbVertex
100
AcDb2dVertex
 10
12.899787314786803
 20
19.370799253588963
  0
VERTEX
  5
12FE
100
AcDbEntity
  8
0
 62
     2
100
AcDbVertex
100
AcDb2dVertex
 10
12.856063372828292
 20
19.376571212816398
  0
VERTEX
  5
12FF
100
AcDbEntity
  8
0
 62
     2
100
AcDbVertex
100
AcDb2dVertex
 10
12.812402083338494
 20
19.370799324660883
  0
VERTEX
  5
1300
100
AcDbEntity
  8
0
 62
     2
100
AcDbVertex
100
AcDb2dVertex
 10
12.773390007064481
 20
19.353483396126091
  0
VERTEX
  5
1301
100
AcDbEntity
  8
0
 62
     2
100
AcDbVertex
100
AcDb2dVertex
 10
12.739026502951763
 20
19.324623647652526
  0
VERTEX
  5
1302
100
AcDbEntity
  8
0
 62
     2
100
AcDbVertex
100
AcDb2dVertex
 10
12.712327088507845
 20
19.286396905023999
  0
VERTEX
  5
1303
100
AcDbEntity
  8
0
 62
     2
100
AcDbVertex
100
AcDb2dVertex
 10
12.696307753798774
 20
19.240979809236347
  0
VERTEX
  5
1304
100
AcDbEntity
  8
0
 62
     2
100
AcDbVertex
100
AcDb2dVertex
 10
12.690967884886522
 20
19.18837260530843
  0
SEQEND
  5
1305
100
AcDbEntity
  8
0
  0
POLYLINE
  5
1306
100
AcDbEntity
  8
0
 62
     2
100
AcDb2dPolyline
 66
     1
 10
0.0
 20
0.0
 30
0.0
 40
0.000000247740786108
 41
0.000000247740786108
  0
VERTEX
  5
1307
100
AcDbEntity
  8
0
 62
     2
100
AcDbVertex
100
AcDb2dVertex
 10
13.222439661137432
 20
19.335606847144316
  0
VERTEX
  5
1308
100
AcDbEntity
  8
0
 62
     2
100
AcDbVertex
100
AcDb2dVertex
 10
13.225800398999379
 20
19.431817100863299
  0
VERTEX
  5
1309
100
AcDbEntity
  8
0
 62
     2
100
AcDbVertex
100
AcDb2dVertex
 10
13.235883539816196
 20
19.514636295300125
  0
VERTEX
  5
130A
100
AcDbEntity
  8
0
 62
     2
100
AcDbVertex
100
AcDb2dVertex
 10
13.2526883207432
 20
19.584064630242374
  0
VERTEX
  5
130B
100
AcDbEntity
  8
0
 62
     2
100
AcDbVertex
100
AcDb2dVertex
 10
13.276120596065379
 20
19.642015069632095
  0
VERTEX
  5
130C
100
AcDbEntity
  8
0
 62
     2
100
AcDbVertex
100
AcDb2dVertex
 10
13.306086817267211
 20
19.690400469603688
  0
VERTEX
  5
130D
100
AcDbEntity
  8
0
 62
     2
100
AcDbVertex
100
AcDb2dVertex
 10
13.342586206300535
 20
19.729220969471704
  0
VERTEX
  5
130E
100
AcDbEntity
  8
0
 62
     2
100
AcDbVertex
100
AcDb2dVertex
 10
13.385775905388929
 20
19.757586021814419
  0
VERTEX
  5
130F
100
AcDbEntity
  8
0
 62
     2
100
AcDbVertex
100
AcDb2dVertex
 10
13.435813677908474
 20
19.774604997907062
  0
VERTEX
  5
1310
100
AcDbEntity
  8
0
 62
     2
100
AcDbVertex
100
AcDb2dVertex
 10
13.492698713316084
 20
19.78027800494705
  0
VERTEX
  5
1311
100
AcDbEntity
  8
0
 62
     2
100
AcDbVertex
100
AcDb2dVertex
 10
13.535354414582219
 20
19.777144688859433
  0
VERTEX
  5
1312
100
AcDbEntity
  8
0
 62
     2
100
AcDbVertex
100
AcDb2dVertex
 10
13.574366988398442
 20
19.767744619437245
  0
VERTEX
  5
1313
100
AcDbEntity
  8
0
 62
     2
100
AcDbVertex
100
AcDb2dVertex
 10
13.609735583192613
 20
19.752077898143806
  0
VERTEX
  5
1314
100
AcDbEntity
  8
0
 62
     2
100
AcDbVertex
100
AcDb2dVertex
 10
13.641334651435482
 20
19.730507322078857
  0
VERTEX
  5
1315
100
AcDbEntity
  8
0
 62
     2
100
AcDbVertex
100
AcDb2dVertex
 10
13.669039325214111
 20
19.70339560197441
  0
VERTEX
  5
1316
100
AcDbEntity
  8
0
 62
     2
100
AcDbVertex
100
AcDb2dVertex
 10
13.692848722670153
 20
19.670742853258659
  0
VERTEX
  5
1317
100
AcDbEntity
  8
0
 62
     2
100
AcDbVertex
100
AcDb2dVertex
 10
13.713139873938569
 20
19.632746959151959
  0
VERTEX
  5
1318
100
AcDbEntity
  8
0
 62
     2
100
AcDbVertex
100
AcDb2dVertex
 10
13.730290505124895
 20
19.589605695059763
  0
VERTEX
  5
1319
100
AcDbEntity
  8
0
 62
     2
100
AcDbVertex
100
AcDb2dVertex
 10
13.744299713775288
 20
19.541319205193243
  0
VERTEX
  5
131A
100
AcDbEntity
  8
0
 62
     2
100
AcDbVertex
100
AcDb2dVertex
 10
13.754665028594911
 20
19.484556233720134
  0
VERTEX
  5
131B
100
AcDbEntity
  8
0
 62
     2
100
AcDbVertex
100
AcDb2dVertex
 10
13.760884683813789
 20
19.415985384628424
  0
VERTEX
  5
131C
100
AcDbEntity
  8
0
 62
     2
100
AcDbVertex
100
AcDb2dVertex
 10
13.762957765494736
 20
19.335606847144316
  0
VERTEX
  5
131D
100
AcDbEntity
  8
0
 62
     2
100
AcDbVertex
100
AcDb2dVertex
 10
13.759627943324315
 20
19.240056379606788
  0
VERTEX
  5
131E
100
AcDbEntity
  8
0
 62
     2
100
AcDbVertex
100
AcDb2dVertex
 10
13.749639594164332
 20
19.157632824245564
  0
VERTEX
  5
131F
100
AcDbEntity
  8
0
 62
     2
100
AcDbVertex
100
AcDb2dVertex
 10
13.732991803642289
 20
19.08833643696429
  0
VERTEX
  5
1320
100
AcDbEntity
  8
0
 62
     2
100
AcDbVertex
100
AcDb2dVertex
 10
13.709716087426518
 20
19.030353149473726
  0
VERTEX
  5
1321
100
AcDbEntity
  8
0
 62
     2
100
AcDbVertex
100
AcDb2dVertex
 10
13.67984465791319
 20
18.981868649916446
  0
VERTEX
  5
1322
100
AcDbEntity
  8
0
 62
     2
100
AcDbVertex
100
AcDb2dVertex
 10
13.643376615838282
 20
18.94288325450545
  0
VERTEX
  5
1323
100
AcDbEntity
  8
0
 62
     2
100
AcDbVertex
100
AcDb2dVertex
 10
13.600123599804402
 20
18.914353423770269
  0
VERTEX
  5
1324
100
AcDbEntity
  8
0
 62
     2
100
AcDbVertex
100
AcDb2dVertex
 10
13.549897921219088
 20
18.897235348058679
  0
VERTEX
  5
1325
100
AcDbEntity
  8
0
 62
     2
100
AcDbVertex
100
AcDb2dVertex
 10
13.492698713316084
 20
18.891529375800594
  0
VERTEX
  5
1326
100
AcDbEntity
  8
0
 62
     2
100
AcDbVertex
100
AcDb2dVertex
 10
13.418506012888859
 20
18.901556186169639
  0
VERTEX
  5
1327
100
AcDbEntity
  8
0
 62
     2
100
AcDbVertex
100
AcDb2dVertex
 10
13.355747384031321
 20
18.931636183768926
  0
VERTEX
  5
1328
100
AcDbEntity
  8
0
 62
     2
100
AcDbVertex
100
AcDb2dVertex
 10
13.304422009601662
 20
18.981769717570977
  0
VERTEX
  5
1329
100
AcDbEntity
  8
0
 62
     2
100
AcDbVertex
100
AcDb2dVertex
 10
13.258876030558671
 20
19.069371549536282
  0
VERTEX
  5
132A
100
AcDbEntity
  8
0
 62
     2
100
AcDbVertex
100
AcDb2dVertex
 10
13.231548838844336
 20
19.187317160883701
  0
VERTEX
  5
132B
100
AcDbEntity
  8
0
 62
     2
100
AcDbVertex
100
AcDb2dVertex
 10
13.222439661137432
 20
19.335606847144316
  0
SEQEND
  5
132C
100
AcDbEntity
  8
0
  0
POLYLINE
  5
132D
100
AcDbEntity
  8
0
 62
     2
100
AcDb2dPolyline
 66
     1
 10
0.0
 20
0.0
 30
0.0
 40
0.000000247740786108
 41
0.000000247740786108
  0
VERTEX
  5
132E
100
AcDbEntity
  8
0
 62
     2
100
AcDbVertex
100
AcDb2dVertex
 10
13.32703782986766
 20
19.335606847144316
  0
VERTEX
  5
132F
100
AcDbEntity
  8
0
 62
     2
100
AcDbVertex
100
AcDb2dVertex
 10
13.332346032280743
 20
19.208656963737262
  0
VERTEX
  5
1330
100
AcDbEntity
  8
0
 62
     2
100
AcDbVertex
100
AcDb2dVertex
 10
13.348271603928534
 20
19.113568095235966
  0
VERTEX
  5
1331
100
AcDbEntity
  8
0
 62
     2
100
AcDbVertex
100
AcDb2dVertex
 10
13.37481375017958
 20
19.050340503587286
  0
VERTEX
  5
1332
100
AcDbEntity
  8
0
 62
     2
100
AcDbVertex
100
AcDb2dVertex
 10
13.409145583701839
 20
19.010926412289635
  0
VERTEX
  5
1333
100
AcDbEntity
  8
0
 62
     2
100
AcDbVertex
100
AcDb2dVertex
 10
13.448440843617053
 20
18.987277795053075
  0
VERTEX
  5
1334
100
AcDbEntity
  8
0
 62
     2
100
AcDbVertex
100
AcDb2dVertex
 10
13.492698713316084
 20
18.979394971734916
  0
VERTEX
  5
1335
100
AcDbEntity
  8
0
 62
     2
100
AcDbVertex
100
AcDb2dVertex
 10
13.536956368439558
 20
18.987310889305636
  0
VERTEX
  5
1336
100
AcDbEntity
  8
0
 62
     2
100
AcDbVertex
100
AcDb2dVertex
 10
13.576251640085406
 20
19.011058239293558
  0
VERTEX
  5
1337
100
AcDbEntity
  8
0
 62
     2
100
AcDbVertex
100
AcDb2dVertex
 10
13.610583676452588
 20
19.050637346816796
  0
VERTEX
  5
1338
100
AcDbEntity
  8
0
 62
     2
100
AcDbVertex
100
AcDb2dVertex
 10
13.637125595810797
 20
19.113963993799562
  0
VERTEX
  5
1339
100
AcDbEntity
  8
0
 62
     2
100
AcDbVertex
100
AcDb2dVertex
 10
13.65305119558219
 20
19.208953732866686
  0
VERTEX
  5
133A
100
AcDbEntity
  8
0
 62
     2
100
AcDbVertex
100
AcDb2dVertex
 10
13.658359596764509
 20
19.335606847144316
  0
VERTEX
  5
133B
100
AcDbEntity
  8
0
 62
     2
100
AcDbVertex
100
AcDb2dVertex
 10
13.653050899180062
 20
19.462853708351197
  0
VERTEX
  5
133C
100
AcDbEntity
  8
0
 62
     2
100
AcDbVertex
100
AcDb2dVertex
 10
13.637125886596703
 20
19.558041372664349
  0
VERTEX
  5
133D
100
AcDbEntity
  8
0
 62
     2
100
AcDbVertex
100
AcDb2dVertex
 10
13.610583676452588
 20
19.621170033930852
  0
VERTEX
  5
133E
100
AcDbEntity
  8
0
 62
     2
100
AcDbVertex
100
AcDb2dVertex
 10
13.576125704307433
 20
19.660419346886826
  0
VERTEX
  5
133F
100
AcDbEntity
  8
0
 62
     2
100
AcDbVertex
100
AcDb2dVertex
 10
13.536454073087054
 20
19.683968864447099
  0
VERTEX
  5
1340
100
AcDbEntity
  8
0
 62
     2
100
AcDbVertex
100
AcDb2dVertex
 10
13.491567922302782
 20
19.691818722553716
  0
VERTEX
  5
1341
100
AcDbEntity
  8
0
 62
     2
100
AcDbVertex
100
AcDb2dVertex
 10
13.447969400225265
 20
19.684892417042182
  0
VERTEX
  5
1342
100
AcDbEntity
  8
0
 62
     2
100
AcDbVertex
100
AcDb2dVertex
 10
13.410653571975008
 20
19.664113347651149
  0
VERTEX
  5
1343
100
AcDbEntity
  8
0
 62
     2
100
AcDbVertex
100
AcDb2dVertex
 10
13.379619611986104
 20
19.629481644357071
  0
VERTEX
  5
1344
100
AcDbEntity
  8
0
 62
     2
100
AcDbVertex
100
AcDb2dVertex
 10
13.350407273912406
 20
19.561471604843362
  0
VERTEX
  5
1345
100
AcDbEntity
  8
0
 62
     2
100
AcDbVertex
100
AcDb2dVertex
 10
13.332880279524563
 20
19.463513282013313
  0
VERTEX
  5
1346
100
AcDbEntity
  8
0
 62
     2
100
AcDbVertex
100
AcDb2dVertex
 10
13.32703782986766
 20
19.335606847144316
  0
SEQEND
  5
1347
100
AcDbEntity
  8
0
  0
POLYLINE
  5
1348
100
AcDbEntity
  8
0
 62
     2
100
AcDb2dPolyline
 66
     1
 10
0.0
 20
0.0
 30
0.0
 40
0.000000247740786108
 41
0.000000247740786108
  0
VERTEX
  5
1349
100
AcDbEntity
  8
0
 62
     2
100
AcDbVertex
100
AcDb2dVertex
 10
13.881690821891215
 20
19.107631246882299
  0
VERTEX
  5
134A
100
AcDbEntity
  8
0
 62
     2
100
AcDbVertex
100
AcDb2dVertex
 10
13.979504244541648
 20
19.11713023022655
  0
VERTEX
  5
134B
100
AcDbEntity
  8
0
 62
     2
100
AcDbVertex
100
AcDb2dVertex
 10
13.990309291595981
 20
19.07326348463932
  0
VERTEX
  5
134C
100
AcDbEntity
  8
0
 62
     2
100
AcDbVertex
100
AcDb2dVertex
 10
14.006140693859845
 20
19.038235882405175
  0
VERTEX
  5
134D
100
AcDbEntity
  8
0
 62
     2
100
AcDbVertex
100
AcDb2dVertex
 10
14.026997467100241
 20
19.012047726980775
  0
VERTEX
  5
134E
100
AcDbEntity
  8
0
 62
     2
100
AcDbVertex
100
AcDb2dVertex
 10
14.052565614649122
 20
18.993907403000549
  0
VERTEX
  5
134F
100
AcDbEntity
  8
0
 62
     2
100
AcDbVertex
100
AcDb2dVertex
 10
14.082531910709232
 20
18.983023042604
  0
VERTEX
  5
1350
100
AcDbEntity
  8
0
 62
     2
100
AcDbVertex
100
AcDb2dVertex
 10
14.116895352657583
 20
18.979394971734916
  0
VERTEX
  5
1351
100
AcDbEntity
  8
0
 62
     2
100
AcDbVertex
100
AcDb2dVertex
 10
14.146892423658787
 20
18.981901745770575
  0
VERTEX
  5
1352
100
AcDbEntity
  8
0
 62
     2
100
AcDbVertex
100
AcDb2dVertex
 10
14.174314448590092
 20
18.989421664508495
  0
VERTEX
  5
1353
100
AcDbEntity
  8
0
 62
     2
100
AcDbVertex
100
AcDb2dVertex
 10
14.199160398875133
 20
19.001955057177511
  0
VERTEX
  5
1354
100
AcDbEntity
  8
0
 62
     2
100
AcDbVertex
100
AcDb2dVertex
 10
14.221304747629649
 20
19.018677321358034
  0
VERTEX
  5
1355
100
AcDbEntity
  8
0
 62
     2
100
AcDbVertex
100
AcDb2dVertex
 10
14.240622777380853
 20
19.038763607067068
  0
VERTEX
  5
1356
100
AcDbEntity
  8
0
 62
     2
100
AcDbVertex
100
AcDb2dVertex
 10
14.257113438306749
 20
19.062214232767602
  0
VERTEX
  5
1357
100
AcDbEntity
  8
0
 62
     2
100
AcDbVertex
100
AcDb2dVertex
 10
14.271373656081348
 20
19.090282499515538
  0
VERTEX
  5
1358
100
AcDbEntity
  8
0
 62
     2
100
AcDbVertex
100
AcDb2dVertex
 10
14.284001177172858
 20
19.124221476491861
  0
VERTEX
  5
1359
100
AcDbEntity
  8
0
 62
     2
100
AcDbVertex
100
AcDb2dVertex
 10
14.294994937252294
 20
19.164031460488786
  0
VERTEX
  5
135A
100
AcDbEntity
  8
0
 62
     2
100
AcDbVertex
100
AcDb2dVertex
 10
14.303475553340103
 20
19.207040827246939
  0
VERTEX
  5
135B
100
AcDbEntity
  8
0
 62
     2
100
AcDbVertex
100
AcDb2dVertex
 10
14.308564470584795
 20
19.250577746363057
  0
VERTEX
  5
135C
100
AcDbEntity
  8
0
 62
     2
100
AcDbVertex
100
AcDb2dVertex
 10
14.310260615931842
 20
19.294642481472234
  0
VERTEX
  5
135D
100
AcDbEntity
  8
0
 62
     2
100
AcDbVertex
100
AcDb2dVertex
 10
14.310197476683125
 20
19.30018362581875
  0
VERTEX
  5
135E
100
AcDbEntity
  8
0
 62
     2
100
AcDbVertex
100
AcDb2dVertex
 10
14.310009369991977
 20
19.307307784107774
  0
VERTEX
  5
135F
100
AcDbEntity
  8
0
 62
     2
100
AcDbVertex
100
AcDb2dVertex
 10
14.309695220425194
 20
19.316015193996797
  0
VERTEX
  5
1360
100
AcDbEntity
  8
0
 62
     2
100
AcDbVertex
100
AcDb2dVertex
 10
14.286859206981422
 20
19.284121107911279
  0
VERTEX
  5
1361
100
AcDbEntity
  8
0
 62
     2
100
AcDbVertex
100
AcDb2dVertex
 10
14.25906095019106
 20
19.256514606580364
  0
VERTEX
  5
1362
100
AcDbEntity
  8
0
 62
     2
100
AcDbVertex
100
AcDb2dVertex
 10
14.226299383194334
 20
19.233195932964112
  0
VERTEX
  5
1363
100
AcDbEntity
  8
0
 62
     2
100
AcDbVertex
100
AcDb2dVertex
 10
14.190082350281703
 20
19.215550328764696
  0
VERTEX
  5
1364
100
AcDbEntity
  8
0
 62
     2
100
AcDbVertex
100
AcDb2dVertex
 10
14.151918499927877
 20
19.204962832995324
  0
VERTEX
  5
1365
100
AcDbEntity
  8
0
 62
     2
100
AcDbVertex
100
AcDb2dVertex
 10
14.111806793097731
 20
19.201433707406775
  0
VERTEX
  5
1366
100
AcDbEntity
  8
0
 62
     2
100
AcDbVertex
100
AcDb2dVertex
 10
14.04672318919739
 20
19.210141187964219
  0
VERTEX
  5
1367
100
AcDbEntity
  8
0
 62
     2
100
AcDbVertex
100
AcDb2dVertex
 10
13.988676250016336
 20
19.236263305433589
  0
VERTEX
  5
1368
100
AcDbEntity
  8
0
 62
     2
100
AcDbVertex
100
AcDb2dVertex
 10
13.937664977049554
 20
19.279800319996841
  0
VERTEX
  5
1369
100
AcDbEntity
  8
0
 62
     2
100
AcDbVertex
100
AcDb2dVertex
 10
13.898087007310419
 20
19.337585873196431
  0
VERTEX
  5
136A
100
AcDbEntity
  8
0
 62
     2
100
AcDbVertex
100
AcDb2dVertex
 10
13.874340715432854
 20
19.406453428104125
  0
VERTEX
  5
136B
100
AcDbEntity
  8
0
 62
     2
100
AcDbVertex
100
AcDb2dVertex
 10
13.866425143211668
 20
19.486403207734295
  0
VERTEX
  5
136C
100
AcDbEntity
  8
0
 62
     2
100
AcDbVertex
100
AcDb2dVertex
 10
13.874685920594732
 20
19.568925677773144
  0
VERTEX
  5
136D
100
AcDbEntity
  8
0
 62
     2
100
AcDbVertex
100
AcDb2dVertex
 10
13.899469408022885
 20
19.639970104003268
  0
VERTEX
  5
136E
100
AcDbEntity
  8
0
 62
     2
100
AcDbVertex
100
AcDb2dVertex
 10
13.940774652336128
 20
19.699536646520922
  0
VERTEX
  5
136F
100
AcDbEntity
  8
0
 62
     2
100
AcDbVertex
100
AcDb2dVertex
 10
13.994518349533497
 20
19.744392991357763
  0
VERTEX
  5
1370
100
AcDbEntity
  8
0
 62
     2
100
AcDbVertex
100
AcDb2dVertex
 10
14.056617951881233
 20
19.771306740194607
  0
VERTEX
  5
1371
100
AcDbEntity
  8
0
 62
     2
100
AcDbVertex
100
AcDb2dVertex
 10
14.127072471777272
 20
19.78027800494705
  0
VERTEX
  5
1372
100
AcDbEntity
  8
0
 62
     2
100
AcDbVertex
100
AcDb2dVertex
 10
14.17943407478403
 20
19.775198716490113
  0
VERTEX
  5
1373
100
AcDbEntity
  8
0
 62
     2
100
AcDbVertex
100
AcDb2dVertex
 10
14.228718062658967
 20
19.759960729727982
  0
VERTEX
  5
1374
100
AcDbEntity
  8
0
 62
     2
100
AcDbVertex
100
AcDb2dVertex
 10
14.274923396766223
 20
19.734564147602846
  0
VERTEX
  5
1375
100
AcDbEntity
  8
0
 62
     2
100
AcDbVertex
100
AcDb2dVertex
 10
14.316008487961245
 20
19.699767558214472
  0
VERTEX
  5
1376
100
AcDbEntity
  8
0
 62
     2
100
AcDbVertex
100
AcDb2dVertex
 10
14.34993257734082
 20
19.656329457146345
  0
VERTEX
  5
1377
100
AcDbEntity
  8
0
 62
     2
100
AcDbVertex
100
AcDb2dVertex
 10
14.376694587963204
 20
19.604249969848905
  0
VERTEX
  5
1378
100
AcDbEntity
  8
0
 62
     2
100
AcDbVertex
100
AcDb2dVertex
 10
14.396011943896124
 20
19.539439243221903
  0
VERTEX
  5
1379
100
AcDbEntity
  8
0
 62
     2
100
AcDbVertex
100
AcDb2dVertex
 10
14.407602918208436
 20
19.457807296878489
  0
VERTEX
  5
137A
100
AcDbEntity
  8
0
 62
     2
100
AcDbVertex
100
AcDb2dVertex
 10
14.411466411622175
 20
19.359354305504944
  0
VERTEX
  5
137B
100
AcDbEntity
  8
0
 62
     2
100
AcDbVertex
100
AcDb2dVertex
 10
14.407633960169772
 20
19.255690121236256
  0
VERTEX
  5
137C
100
AcDbEntity
  8
0
 62
     2
100
AcDbVertex
100
AcDb2dVertex
 10
14.3961379521654
 20
19.167131807363081
  0
VERTEX
  5
137D
100
AcDbEntity
  8
0
 62
     2
100
AcDbVertex
100
AcDb2dVertex
 10
14.376977285716531
 20
19.093679615095432
  0
VERTEX
  5
137E
100
AcDbEntity
  8
0
 62
     2
100
AcDbVertex
100
AcDb2dVertex
 10
14.350246319694239
 20
19.03302473817249
  0
VERTEX
  5
137F
100
AcDbEntity
  8
0
 62
     2
100
AcDbVertex
100
AcDb2dVertex
 10
14.316040253057825
 20
18.982858127281951
  0
VERTEX
  5
1380
100
AcDbEntity
  8
0
 62
     2
100
AcDbVertex
100
AcDb2dVertex
 10
14.274358001259568
 20
18.94318009773496
  0
VERTEX
  5
1381
100
AcDbEntity
  8
0
 62
     2
100
AcDbVertex
100
AcDb2dVertex
 10
14.226330480465183
 20
18.914485354074838
  0
VERTEX
  5
1382
100
AcDbEntity
  8
0
 62
     2
100
AcDbVertex
100
AcDb2dVertex
 10
14.173089419733241
 20
18.8972683306358
  0
VERTEX
  5
1383
100
AcDbEntity
  8
0
 62
     2
100
AcDbVertex
100
AcDb2dVertex
 10
14.114633770630977
 20
18.891529375800594
  0
VERTEX
  5
1384
100
AcDbEntity
  8
0
 62
     2
100
AcDbVertex
100
AcDb2dVertex
 10
14.053759221865729
 20
18.897829154343651
  0
VERTEX
  5
1385
100
AcDbEntity
  8
0
 62
     2
100
AcDbVertex
100
AcDb2dVertex
 10
14.000800843034614
 20
18.916728056020684
  0
VERTEX
  5
1386
100
AcDbEntity
  8
0
 62
     2
100
AcDbVertex
100
AcDb2dVertex
 10
13.955757633262355
 20
18.948226432636591
  0
VERTEX
  5
1387
100
AcDbEntity
  8
0
 62
     2
100
AcDbVertex
100
AcDb2dVertex
 10
13.920137430274604
 20
18.991136870435565
  0
VERTEX
  5
1388
100
AcDbEntity
  8
0
 62
     2
100
AcDbVertex
100
AcDb2dVertex
 10
13.895448814369008
 20
19.044271700492079
  0
VERTEX
  5
1389
100
AcDbEntity
  8
0
 62
     2
100
AcDbVertex
100
AcDb2dVertex
 10
13.881690821891215
 20
19.107631246882299
  0
SEQEND
  5
138A
100
AcDbEntity
  8
0
  0
POLYLINE
  5
138B
100
AcDbEntity
  8
0
 62
     2
100
AcDb2dPolyline
 66
     1
 10
0.0
 20
0.0
 30
0.0
 40
0.000000247740786108
 41
0.000000247740786108
  0
VERTEX
  5
138C
100
AcDbEntity
  8
0
 62
     2
100
AcDbVertex
100
AcDb2dVertex
 10
14.298387310292195
 20
19.491746385865437
  0
VERTEX
  5
138D
100
AcDbEntity
  8
0
 62
     2
100
AcDbVertex
100
AcDb2dVertex
 10
14.293204201408951
 20
19.548872268680878
  0
VERTEX
  5
138E
100
AcDbEntity
  8
0
 62
     2
100
AcDbVertex
100
AcDb2dVertex
 10
14.277656181010084
 20
19.597554502958683
  0
VERTEX
  5
138F
100
AcDbEntity
  8
0
 62
     2
100
AcDbVertex
100
AcDb2dVertex
 10
14.251742180993578
 20
19.63779325478329
  0
VERTEX
  5
1390
100
AcDbEntity
  8
0
 62
     2
100
AcDbVertex
100
AcDb2dVertex
 10
14.218540588466812
 20
19.667807443942554
  0
VERTEX
  5
1391
100
AcDbEntity
  8
0
 62
     2
100
AcDbVertex
100
AcDb2dVertex
 10
14.181130601405588
 20
19.685815888766079
  0
VERTEX
  5
1392
100
AcDbEntity
  8
0
 62
     2
100
AcDbVertex
100
AcDb2dVertex
 10
14.139511172923573
 20
19.691818722553716
  0
VERTEX
  5
1393
100
AcDbEntity
  8
0
 62
     2
100
AcDbVertex
100
AcDb2dVertex
 10
14.096226703947583
 20
19.685354173197616
  0
VERTEX
  5
1394
100
AcDbEntity
  8
0
 62
     2
100
AcDbVertex
100
AcDb2dVertex
 10
14.056837821278894
 20
19.66596037232792
  0
VERTEX
  5
1395
100
AcDbEntity
  8
0
 62
     2
100
AcDbVertex
100
AcDb2dVertex
 10
14.021343512033742
 20
19.63363744957018
  0
VERTEX
  5
1396
100
AcDbEntity
  8
0
 62
     2
100
AcDbVertex
100
AcDb2dVertex
 10
13.993387553480144
 20
19.591023997306092
  0
VERTEX
  5
1397
100
AcDbEntity
  8
0
 62
     2
100
AcDbVertex
100
AcDb2dVertex
 10
13.976614481845164
 20
19.54075849144246
  0
VERTEX
  5
1398
100
AcDbEntity
  8
0
 62
     2
100
AcDbVertex
100
AcDb2dVertex
 10
13.971023311941895
 20
19.482841088980202
  0
VERTEX
  5
1399
100
AcDbEntity
  8
0
 62
     2
100
AcDbVertex
100
AcDb2dVertex
 10
13.976331459266081
 20
19.43089357986047
  0
VERTEX
  5
139A
100
AcDbEntity
  8
0
 62
     2
100
AcDbVertex
100
AcDb2dVertex
 10
13.992257093111025
 20
19.385872289878158
  0
VERTEX
  5
139B
100
AcDbEntity
  8
0
 62
     2
100
AcDbVertex
100
AcDb2dVertex
 10
14.018799232253816
 20
19.347777419554138
  0
VERTEX
  5
139C
100
AcDbEntity
  8
0
 62
     2
100
AcDbVertex
100
AcDb2dVertex
 10
14.053131010687178
 20
19.318917728383717
  0
VERTEX
  5
139D
100
AcDbEntity
  8
0
 62
     2
100
AcDbVertex
100
AcDb2dVertex
 10
14.092426332799537
 20
19.301601796265224
  0
VERTEX
  5
139E
100
AcDbEntity
  8
0
 62
     2
100
AcDbVertex
100
AcDb2dVertex
 10
14.13668419539032
 20
19.295829854390266
  0
VERTEX
  5
139F
100
AcDbEntity
  8
0
 62
     2
100
AcDbVertex
100
AcDb2dVertex
 10
14.181004617125698
 20
19.301601877027469
  0
VERTEX
  5
13A0
100
AcDbEntity
  8
0
 62
     2
100
AcDbVertex
100
AcDb2dVertex
 10
14.219734555423042
 20
19.318917653728093
  0
VERTEX
  5
13A1
100
AcDbEntity
  8
0
 62
     2
100
AcDbVertex
100
AcDb2dVertex
 10
14.252872972006873
 20
19.347777419554138
  0
VERTEX
  5
13A2
100
AcDbEntity
  8
0
 62
     2
100
AcDbVertex
100
AcDb2dVertex
 10
14.278158402005754
 20
19.386861843810156
  0
VERTEX
  5
13A3
100
AcDbEntity
  8
0
 62
     2
100
AcDbVertex
100
AcDb2dVertex
 10
14.29333020303633
 20
19.434851429303276
  0
VERTEX
  5
13A4
100
AcDbEntity
  8
0
 62
     2
100
AcDbVertex
100
AcDb2dVertex
 10
14.298387310292195
 20
19.491746385865437
  0
SEQEND
  5
13A5
100
AcDbEntity
  8
0
  0
POLYLINE
  5
13A6
100
AcDbEntity
  8
0
 62
     2
100
AcDb2dPolyline
 66
     1
 10
0.0
 20
0.0
 30
0.0
 40
0.000000247740786108
 41
0.000000247740786108
  0
VERTEX
  5
13A7
100
AcDbEntity
  8
0
 62
     2
100
AcDbVertex
100
AcDb2dVertex
 10
10.684379231786007
 20
21.879261076607548
  0
VERTEX
  5
13A8
100
AcDbEntity
  8
0
 62
     2
100
AcDbVertex
100
AcDb2dVertex
 10
10.684379231786007
 20
22.749605425524518
  0
VERTEX
  5
13A9
100
AcDbEntity
  8
0
 62
     2
100
AcDbVertex
100
AcDb2dVertex
 10
10.849474719727777
 20
22.749605425524518
  0
VERTEX
  5
13AA
100
AcDbEntity
  8
0
 62
     2
100
AcDbVertex
100
AcDb2dVertex
 10
11.045666960535296
 20
22.133358881066254
  0
VERTEX
  5
13AB
100
AcDbEntity
  8
0
 62
     2
100
AcDbVertex
100
AcDb2dVertex
 10
11.062126213231142
 20
22.08078473058637
  0
VERTEX
  5
13AC
100
AcDbEntity
  8
0
 62
     2
100
AcDbVertex
100
AcDb2dVertex
 10
11.075318819780311
 20
22.037841312205021
  0
VERTEX
  5
13AD
100
AcDbEntity
  8
0
 62
     2
100
AcDbVertex
100
AcDb2dVertex
 10
11.085244646000785
 20
22.004528919459855
  0
VERTEX
  5
13AE
100
AcDbEntity
  8
0
 62
     2
100
AcDbVertex
100
AcDb2dVertex
 10
11.096426870920528
 20
22.041139677266269
  0
VERTEX
  5
13AF
100
AcDbEntity
  8
0
 62
     2
100
AcDbVertex
100
AcDb2dVertex
 10
11.111127202569595
 20
22.0876450158846
  0
VERTEX
  5
13B0
100
AcDbEntity
  8
0
 62
     2
100
AcDbVertex
100
AcDb2dVertex
 10
11.129345495519477
 20
22.144045237328537
  0
VERTEX
  5
13B1
100
AcDbEntity
  8
0
 62
     2
100
AcDbVertex
100
AcDb2dVertex
 10
11.327799318353602
 20
22.749605425524518
  0
VERTEX
  5
13B2
100
AcDbEntity
  8
0
 62
     2
100
AcDbVertex
100
AcDb2dVertex
 10
11.475367545589219
 20
22.749605425524518
  0
VERTEX
  5
13B3
100
AcDbEntity
  8
0
 62
     2
100
AcDbVertex
100
AcDb2dVertex
 10
11.475367545589219
 20
21.879261076607548
  0
VERTEX
  5
13B4
100
AcDbEntity
  8
0
 62
     2
100
AcDbVertex
100
AcDb2dVertex
 10
11.369638585845696
 20
21.879261076607548
  0
VERTEX
  5
13B5
100
AcDbEntity
  8
0
 62
     2
100
AcDbVertex
100
AcDb2dVertex
 10
11.369638585845696
 20
22.607714361819774
  0
VERTEX
  5
13B6
100
AcDbEntity
  8
0
 62
     2
100
AcDbVertex
100
AcDb2dVertex
 10
11.128780100012836
 20
21.879261076607548
  0
VERTEX
  5
13B7
100
AcDbEntity
  8
0
 62
     2
100
AcDbVertex
100
AcDb2dVertex
 10
11.029835886349101
 20
21.879261076607548
  0
VERTEX
  5
13B8
100
AcDbEntity
  8
0
 62
     2
100
AcDbVertex
100
AcDb2dVertex
 10
10.790108191529544
 20
22.620181777459102
  0
VERTEX
  5
13B9
100
AcDbEntity
  8
0
 62
     2
100
AcDbVertex
100
AcDb2dVertex
 10
10.790108191529544
 20
21.879261076607548
  0
VERTEX
  5
13BA
100
AcDbEntity
  8
0
 62
     2
100
AcDbVertex
100
AcDb2dVertex
 10
10.684379231786007
 20
21.879261076607548
  0
SEQEND
  5
13BB
100
AcDbEntity
  8
0
  0
POLYLINE
  5
13BC
100
AcDbEntity
  8
0
 62
     2
100
AcDb2dPolyline
 66
     1
 10
0.0
 20
0.0
 30
0.0
 40
0.000000247740786108
 41
0.000000247740786108
  0
VERTEX
  5
13BD
100
AcDbEntity
  8
0
 62
     2
100
AcDbVertex
100
AcDb2dVertex
 10
11.601450743572155
 20
22.194508586344867
  0
VERTEX
  5
13BE
100
AcDbEntity
  8
0
 62
     2
100
AcDbVertex
100
AcDb2dVertex
 10
11.611753420797012
 20
22.301174327559647
  0
VERTEX
  5
13BF
100
AcDbEntity
  8
0
 62
     2
100
AcDbVertex
100
AcDb2dVertex
 10
11.642661807976236
 20
22.387654578114848
  0
VERTEX
  5
13C0
100
AcDbEntity
  8
0
 62
     2
100
AcDbVertex
100
AcDb2dVertex
 10
11.694175606662743
 20
22.453949568934714
  0
VERTEX
  5
13C1
100
AcDbEntity
  8
0
 62
     2
100
AcDbVertex
100
AcDb2dVertex
 10
11.749584271638088
 20
22.492869068077123
  0
VERTEX
  5
13C2
100
AcDbEntity
  8
0
 62
     2
100
AcDbVertex
100
AcDb2dVertex
 10
11.812531750385343
 20
22.516220676593125
  0
VERTEX
  5
13C3
100
AcDbEntity
  8
0
 62
     2
100
AcDbVertex
100
AcDb2dVertex
 10
11.883017705883805
 20
22.524004571098565
  0
VERTEX
  5
13C4
100
AcDbEntity
  8
0
 62
     2
100
AcDbVertex
100
AcDb2dVertex
 10
11.960539600128779
 20
22.514538618768473
  0
VERTEX
  5
13C5
100
AcDbEntity
  8
0
 62
     2
100
AcDbVertex
100
AcDb2dVertex
 10
12.028010262266282
 20
22.486140558920663
  0
VERTEX
  5
13C6
100
AcDbEntity
  8
0
 62
     2
100
AcDbVertex
100
AcDb2dVertex
 10
12.085429297264472
 20
22.438810564229815
  0
VERTEX
  5
13C7
100
AcDbEntity
  8
0
 62
     2
100
AcDbVertex
100
AcDb2dVertex
 10
12.129090266001722
 20
22.374791431442937
  0
VERTEX
  5
13C8
100
AcDbEntity
  8
0
 62
     2
100
AcDbVertex
100
AcDb2dVertex
 10
12.155287071518888
 20
22.296325799779094
  0
VERTEX
  5
13C9
100
AcDbEntity
  8
0
 62
     2
100
AcDbVertex
100
AcDb2dVertex
 10
12.164019272688808
 20
22.203413883230102
  0
VERTEX
  5
13CA
100
AcDbEntity
  8
0
 62
     2
100
AcDbVertex
100
AcDb2dVertex
 10
12.160155602628468
 20
22.128048763801363
  0
VERTEX
  5
13CB
100
AcDbEntity
  8
0
 62
     2
100
AcDbVertex
100
AcDb2dVertex
 10
12.148565144969663
 20
22.064227376063929
  0
VERTEX
  5
13CC
100
AcDbEntity
  8
0
 62
     2
100
AcDbVertex
100
AcDb2dVertex
 10
12.129247449029844
 20
22.011950000197551
  0
VERTEX
  5
13CD
100
AcDbEntity
  8
0
 62
     2
100
AcDbVertex
100
AcDb2dVertex
 10
12.102548086162049
 20
21.968907825734014
  0
VERTEX
  5
13CE
100
AcDbEntity
  8
0
 62
     2
100
AcDbVertex
100
AcDb2dVertex
 10
12.068812965393914
 20
21.932791790734282
  0
VERTEX
  5
13CF
100
AcDbEntity
  8
0
 62
     2
100
AcDbVertex
100
AcDb2dVertex
 10
12.028041653339503
 20
21.903602221427189
  0
VERTEX
  5
13D0
100
AcDbEntity
  8
0
 62
     2
100
AcDbVertex
100
AcDb2dVertex
 10
11.982401550207673
 20
21.882163646413701
  0
VERTEX
  5
13D1
100
AcDbEntity
  8
0
 62
     2
100
AcDbVertex
100
AcDb2dVertex
 10
11.934060367353862
 20
21.86930032303945
  0
VERTEX
  5
13D2
100
AcDbEntity
  8
0
 62
     2
100
AcDbVertex
100
AcDb2dVertex
 10
11.883017705883805
 20
21.865012601591172
  0
VERTEX
  5
13D3
100
AcDbEntity
  8
0
 62
     2
100
AcDbVertex
100
AcDb2dVertex
 10
11.804333390036735
 20
21.874445725423872
  0
VERTEX
  5
13D4
100
AcDbEntity
  8
0
 62
     2
100
AcDbVertex
100
AcDb2dVertex
 10
11.736391813035599
 20
21.902744663553062
  0
VERTEX
  5
13D5
100
AcDbEntity
  8
0
 62
     2
100
AcDbVertex
100
AcDb2dVertex
 10
11.679192625736516
 20
21.949909765230412
  0
VERTEX
  5
13D6
100
AcDbEntity
  8
0
 62
     2
100
AcDbVertex
100
AcDb2dVertex
 10
11.636002600250787
 20
22.014819581869265
  0
VERTEX
  5
13D7
100
AcDbEntity
  8
0
 62
     2
100
AcDbVertex
100
AcDb2dVertex
 10
11.610088740520712
 20
22.096352419830012
  0
VERTEX
  5
13D8
100
AcDbEntity
  8
0
 62
     2
100
AcDbVertex
100
AcDb2dVertex
 10
11.601450743572155
 20
22.194508586344867
  0
SEQEND
  5
13D9
100
AcDbEntity
  8
0
  0
POLYLINE
  5
13DA
100
AcDbEntity
  8
0
 62
     2
100
AcDb2dPolyline
 66
     1
 10
0.0
 20
0.0
 30
0.0
 40
0.000000247740786108
 41
0.000000247740786108
  0
VERTEX
  5
13DB
100
AcDbEntity
  8
0
 62
     2
100
AcDbVertex
100
AcDb2dVertex
 10
11.706048912302389
 20
22.194508586344867
  0
VERTEX
  5
13DC
100
AcDbEntity
  8
0
 62
     2
100
AcDbVertex
100
AcDb2dVertex
 10
11.711639951146825
 20
22.120528736118004
  0
VERTEX
  5
13DD
100
AcDbEntity
  8
0
 62
     2
100
AcDbVertex
100
AcDb2dVertex
 10
11.728413459568504
 20
22.060071571081487
  0
VERTEX
  5
13DE
100
AcDbEntity
  8
0
 62
     2
100
AcDbVertex
100
AcDb2dVertex
 10
11.756369112394228
 20
22.01313737311558
  0
VERTEX
  5
13DF
100
AcDbEntity
  8
0
 62
     2
100
AcDbVertex
100
AcDb2dVertex
 10
11.792805612065177
 20
21.979660147065026
  0
VERTEX
  5
13E0
100
AcDbEntity
  8
0
 62
     2
100
AcDbVertex
100
AcDb2dVertex
 10
11.835021926072091
 20
21.959573648073714
  0
VERTEX
  5
13E1
100
AcDbEntity
  8
0
 62
     2
100
AcDbVertex
100
AcDb2dVertex
 10
11.883017705883805
 20
21.952878197525489
  0
VERTEX
  5
13E2
100
AcDbEntity
  8
0
 62
     2
100
AcDbVertex
100
AcDb2dVertex
 10
11.930699282510151
 20
21.959606742074314
  0
VERTEX
  5
13E3
100
AcDbEntity
  8
0
 62
     2
100
AcDbVertex
100
AcDb2dVertex
 10
11.972727143957375
 20
21.979791973064703
  0
VERTEX
  5
13E4
100
AcDbEntity
  8
0
 62
     2
100
AcDbVertex
100
AcDb2dVertex
 10
12.009100903866727
 20
22.01343421634509
  0
VERTEX
  5
13E5
100
AcDbEntity
  8
0
 62
     2
100
AcDbVertex
100
AcDb2dVertex
 10
12.037056448939193
 20
22.060863259883163
  0
VERTEX
  5
13E6
100
AcDbEntity
  8
0
 62
     2
100
AcDbVertex
100
AcDb2dVertex
 10
12.05382998740772
 20
22.122408657795134
  0
VERTEX
  5
13E7
100
AcDbEntity
  8
0
 62
     2
100
AcDbVertex
100
AcDb2dVertex
 10
12.059421103958574
 20
22.19807070509896
  0
VERTEX
  5
13E8
100
AcDbEntity
  8
0
 62
     2
100
AcDbVertex
100
AcDb2dVertex
 10
12.053798434524399
 20
22.269741928512577
  0
VERTEX
  5
13E9
100
AcDbEntity
  8
0
 62
     2
100
AcDbVertex
100
AcDb2dVertex
 10
12.036930941589016
 20
22.328813651340475
  0
VERTEX
  5
13EA
100
AcDbEntity
  8
0
 62
     2
100
AcDbVertex
100
AcDb2dVertex
 10
12.008818206113407
 20
22.375286113115138
  0
VERTEX
  5
13EB
100
AcDbEntity
  8
0
 62
     2
100
AcDbVertex
100
AcDb2dVertex
 10
11.972350075889391
 20
22.408763493301617
  0
VERTEX
  5
13EC
100
AcDbEntity
  8
0
 62
     2
100
AcDbVertex
100
AcDb2dVertex
 10
11.930416707706694
 20
22.4288498182685
  0
VERTEX
  5
13ED
100
AcDbEntity
  8
0
 62
     2
100
AcDbVertex
100
AcDb2dVertex
 10
11.883017705883805
 20
22.435545288705228
  0
VERTEX
  5
13EE
100
AcDbEntity
  8
0
 62
     2
100
AcDbVertex
100
AcDb2dVertex
 10
11.835021800878355
 20
22.428882863457392
  0
VERTEX
  5
13EF
100
AcDbEntity
  8
0
 62
     2
100
AcDbVertex
100
AcDb2dVertex
 10
11.792805722370911
 20
22.408895353945624
  0
VERTEX
  5
13F0
100
AcDbEntity
  8
0
 62
     2
100
AcDbVertex
100
AcDb2dVertex
 10
11.756369112394228
 20
22.375582956344648
  0
VERTEX
  5
13F1
100
AcDbEntity
  8
0
 62
     2
100
AcDbVertex
100
AcDb2dVertex
 10
11.72841334759492
 20
22.328813718516116
  0
VERTEX
  5
13F2
100
AcDbEntity
  8
0
 62
     2
100
AcDbVertex
100
AcDb2dVertex
 10
11.711640057205091
 20
22.268455519664524
  0
VERTEX
  5
13F3
100
AcDbEntity
  8
0
 62
     2
100
AcDbVertex
100
AcDb2dVertex
 10
11.706048912302389
 20
22.194508586344867
  0
SEQEND
  5
13F4
100
AcDbEntity
  8
0
  0
POLYLINE
  5
13F5
100
AcDbEntity
  8
0
 62
     2
100
AcDb2dPolyline
 66
     1
 10
0.0
 20
0.0
 30
0.0
 40
0.000000247740786108
 41
0.000000247740786108
  0
VERTEX
  5
13F6
100
AcDbEntity
  8
0
 62
     2
100
AcDbVertex
100
AcDb2dVertex
 10
12.672875228673721
 20
21.879261076607548
  0
VERTEX
  5
13F7
100
AcDbEntity
  8
0
 62
     2
100
AcDbVertex
100
AcDb2dVertex
 10
12.672875228673721
 20
21.958815062115647
  0
VERTEX
  5
13F8
100
AcDbEntity
  8
0
 62
     2
100
AcDbVertex
100
AcDb2dVertex
 10
12.628837023975667
 20
21.906702683063081
  0
VERTEX
  5
13F9
100
AcDbEntity
  8
0
 62
     2
100
AcDbVertex
100
AcDb2dVertex
 10
12.572863063560785
 20
21.875435082384623
  0
VERTEX
  5
13FA
100
AcDbEntity
  8
0
 62
     2
100
AcDbVertex
100
AcDb2dVertex
 10
12.504952763198698
 20
21.865012601591172
  0
VERTEX
  5
13FB
100
AcDbEntity
  8
0
 62
     2
100
AcDbVertex
100
AcDb2dVertex
 10
12.458370293620735
 20
21.869630268374369
  0
VERTEX
  5
13FC
100
AcDbEntity
  8
0
 62
     2
100
AcDbVertex
100
AcDb2dVertex
 10
12.414363855995095
 20
21.883482834780992
  0
VERTEX
  5
13FD
100
AcDbEntity
  8
0
 62
     2
100
AcDbVertex
100
AcDb2dVertex
 10
12.37293291239595
 20
21.90657065372227
  0
VERTEX
  5
13FE
100
AcDbEntity
  8
0
 62
     2
100
AcDbVertex
100
AcDb2dVertex
 10
12.335805123328004
 20
21.937937189548109
  0
VERTEX
  5
13FF
100
AcDbEntity
  8
0
 62
     2
100
AcDbVertex
100
AcDb2dVertex
 10
12.3047085382894
 20
21.976625646243306
  0
VERTEX
  5
1400
100
AcDbEntity
  8
0
 62
     2
100
AcDbVertex
100
AcDb2dVertex
 10
12.279642653798714
 20
22.022636356459831
  0
VERTEX
  5
1401
100
AcDbEntity
  8
0
 62
     2
100
AcDbVertex
100
AcDb2dVertex
 10
12.261267156655112
 20
22.07478190789665
  0
VERTEX
  5
1402
100
AcDbEntity
  8
0
 62
     2
100
AcDbVertex
100
AcDb2dVertex
 10
12.250242105206677
 20
22.131874658094372
  0
VERTEX
  5
1403
100
AcDbEntity
  8
0
 62
     2
100
AcDbVertex
100
AcDb2dVertex
 10
12.246567016659693
 20
22.193914899885851
  0
VERTEX
  5
1404
100
AcDbEntity
  8
0
 62
     2
100
AcDbVertex
100
AcDb2dVertex
 10
12.24989642713852
 20
22.254899767911034
  0
VERTEX
  5
1405
100
AcDbEntity
  8
0
 62
     2
100
AcDbVertex
100
AcDb2dVertex
 10
12.259885241111594
 20
22.311992534958446
  0
VERTEX
  5
1406
100
AcDbEntity
  8
0
 62
     2
100
AcDbVertex
100
AcDb2dVertex
 10
12.27653297851214
 20
22.365193443311874
  0
VERTEX
  5
1407
100
AcDbEntity
  8
0
 62
     2
100
AcDbVertex
100
AcDb2dVertex
 10
12.299839693899198
 20
22.412457543125672
  0
VERTEX
  5
1408
100
AcDbEntity
  8
0
 62
     2
100
AcDbVertex
100
AcDb2dVertex
 10
12.32980582081802
 20
22.451739731170406
  0
VERTEX
  5
1409
100
AcDbEntity
  8
0
 62
     2
100
AcDbVertex
100
AcDb2dVertex
 10
12.366430864069475
 20
22.483040205426484
  0
VERTEX
  5
140A
100
AcDbEntity
  8
0
 62
     2
100
AcDbVertex
100
AcDb2dVertex
 10
12.407955870916435
 20
22.505798237924644
  0
VERTEX
  5
140B
100
AcDbEntity
  8
0
 62
     2
100
AcDbVertex
100
AcDb2dVertex
 10
12.452622291394992
 20
22.519452969151338
  0
VERTEX
  5
140C
100
AcDbEntity
  8
0
 62
     2
100
AcDbVertex
100
AcDb2dVertex
 10
12.500429599145502
 20
22.524004571098565
  0
VERTEX
  5
140D
100
AcDbEntity
  8
0
 62
     2
100
AcDbVertex
100
AcDb2dVertex
 10
12.535295491847787
 20
22.521333030769828
  0
VERTEX
  5
140E
100
AcDbEntity
  8
0
 62
     2
100
AcDbVertex
100
AcDb2dVertex
 10
12.567523222984153
 20
22.513318207736052
  0
VERTEX
  5
140F
100
AcDbEntity
  8
0
 62
     2
100
AcDbVertex
100
AcDb2dVertex
 10
12.597112230782631
 20
22.499960269508428
  0
VERTEX
  5
1410
100
AcDbEntity
  8
0
 62
     2
100
AcDbVertex
100
AcDb2dVertex
 10
12.623622826211214
 20
22.482314639829116
  0
VERTEX
  5
1411
100
AcDbEntity
  8
0
 62
     2
100
AcDbVertex
100
AcDb2dVertex
 10
12.646615772446804
 20
22.461436606403371
  0
VERTEX
  5
1412
100
AcDbEntity
  8
0
 62
     2
100
AcDbVertex
100
AcDb2dVertex
 10
12.666090482593926
 20
22.437326348082276
  0
VERTEX
  5
1413
100
AcDbEntity
  8
0
 62
     2
100
AcDbVertex
100
AcDb2dVertex
 10
12.666090482593926
 20
22.749605425524518
  0
VERTEX
  5
1414
100
AcDbEntity
  8
0
 62
     2
100
AcDbVertex
100
AcDb2dVertex
 10
12.767296278284253
 20
22.749605425524518
  0
VERTEX
  5
1415
100
AcDbEntity
  8
0
 62
     2
100
AcDbVertex
100
AcDb2dVertex
 10
12.767296278284253
 20
21.879261076607548
  0
VERTEX
  5
1416
100
AcDbEntity
  8
0
 62
     2
100
AcDbVertex
100
AcDb2dVertex
 10
12.672875228673721
 20
21.879261076607548
  0
SEQEND
  5
1417
100
AcDbEntity
  8
0
  0
POLYLINE
  5
1418
100
AcDbEntity
  8
0
 62
     2
100
AcDb2dPolyline
 66
     1
 10
0.0
 20
0.0
 30
0.0
 40
0.000000247740786108
 41
0.000000247740786108
  0
VERTEX
  5
1419
100
AcDbEntity
  8
0
 62
     2
100
AcDbVertex
100
AcDb2dVertex
 10
12.351165185389927
 20
22.193914899885851
  0
VERTEX
  5
141A
100
AcDbEntity
  8
0
 62
     2
100
AcDbVertex
100
AcDb2dVertex
 10
12.356567703871423
 20
22.119968032292302
  0
VERTEX
  5
141B
100
AcDbEntity
  8
0
 62
     2
100
AcDbVertex
100
AcDb2dVertex
 10
12.372775879045069
 20
22.059609814949972
  0
VERTEX
  5
141C
100
AcDbEntity
  8
0
 62
     2
100
AcDbVertex
100
AcDb2dVertex
 10
12.399789198961816
 20
22.012840529886073
  0
VERTEX
  5
141D
100
AcDbEntity
  8
0
 62
     2
100
AcDbVertex
100
AcDb2dVertex
 10
12.434152526716726
 20
21.979528216760464
  0
VERTEX
  5
141E
100
AcDbEntity
  8
0
 62
     2
100
AcDbVertex
100
AcDb2dVertex
 10
12.472411133959238
 20
21.959540665496593
  0
VERTEX
  5
141F
100
AcDbEntity
  8
0
 62
     2
100
AcDbVertex
100
AcDb2dVertex
 10
12.514564486811746
 20
21.952878197525489
  0
VERTEX
  5
1420
100
AcDbEntity
  8
0
 62
     2
100
AcDbVertex
100
AcDb2dVertex
 10
12.556811930533602
 20
21.959243933666475
  0
VERTEX
  5
1421
100
AcDbEntity
  8
0
 62
     2
100
AcDbVertex
100
AcDb2dVertex
 10
12.594599386178881
 20
21.978340739390092
  0
VERTEX
  5
1422
100
AcDbEntity
  8
0
 62
     2
100
AcDbVertex
100
AcDb2dVertex
 10
12.627926285895054
 20
22.010168940820503
  0
VERTEX
  5
1423
100
AcDbEntity
  8
0
 62
     2
100
AcDbVertex
100
AcDb2dVertex
 10
12.653840072105648
 20
22.055058325927192
  0
VERTEX
  5
1424
100
AcDbEntity
  8
0
 62
     2
100
AcDbVertex
100
AcDb2dVertex
 10
12.669388646583347
 20
22.11333844767303
  0
VERTEX
  5
1425
100
AcDbEntity
  8
0
 62
     2
100
AcDbVertex
100
AcDb2dVertex
 10
12.674571415193672
 20
22.185009603000616
  0
VERTEX
  5
1426
100
AcDbEntity
  8
0
 62
     2
100
AcDbVertex
100
AcDb2dVertex
 10
12.669294212628994
 20
22.263640151895078
  0
VERTEX
  5
1427
100
AcDbEntity
  8
0
 62
     2
100
AcDbVertex
100
AcDb2dVertex
 10
12.653463337622195
 20
22.326966626969728
  0
VERTEX
  5
1428
100
AcDbEntity
  8
0
 62
     2
100
AcDbVertex
100
AcDb2dVertex
 10
12.627078192635079
 20
22.374989269885631
  0
VERTEX
  5
1429
100
AcDbEntity
  8
0
 62
     2
100
AcDbVertex
100
AcDb2dVertex
 10
12.592965824101871
 20
22.408631562997051
  0
VERTEX
  5
142A
100
AcDbEntity
  8
0
 62
     2
100
AcDbVertex
100
AcDb2dVertex
 10
12.553953726044124
 20
22.428816835691375
  0
VERTEX
  5
142B
100
AcDbEntity
  8
0
 62
     2
100
AcDbVertex
100
AcDb2dVertex
 10
12.51004132275855
 20
22.435545288705228
  0
VERTEX
  5
142C
100
AcDbEntity
  8
0
 62
     2
100
AcDbVertex
100
AcDb2dVertex
 10
12.467290977842477
 20
22.429080758952576
  0
VERTEX
  5
142D
100
AcDbEntity
  8
0
 62
     2
100
AcDbVertex
100
AcDb2dVertex
 10
12.429503891867771
 20
22.409686935949956
  0
VERTEX
  5
142E
100
AcDbEntity
  8
0
 62
     2
100
AcDbVertex
100
AcDb2dVertex
 10
12.396679523675243
 20
22.377364015721692
  0
VERTEX
  5
142F
100
AcDbEntity
  8
0
 62
     2
100
AcDbVertex
100
AcDb2dVertex
 10
12.371393627234429
 20
22.331122498982662
  0
VERTEX
  5
1430
100
AcDbEntity
  8
0
 62
     2
100
AcDbVertex
100
AcDb2dVertex
 10
12.356222352831846
 20
22.269972718318417
  0
VERTEX
  5
1431
100
AcDbEntity
  8
0
 62
     2
100
AcDbVertex
100
AcDb2dVertex
 10
12.351165185389927
 20
22.193914899885851
  0
SEQEND
  5
1432
100
AcDbEntity
  8
0
  0
POLYLINE
  5
1433
100
AcDbEntity
  8
0
 62
     2
100
AcDb2dPolyline
 66
     1
 10
0.0
 20
0.0
 30
0.0
 40
0.000000247740786108
 41
0.000000247740786108
  0
VERTEX
  5
1434
100
AcDbEntity
  8
0
 62
     2
100
AcDbVertex
100
AcDb2dVertex
 10
12.956138377505322
 20
21.879261076607548
  0
VERTEX
  5
1435
100
AcDbEntity
  8
0
 62
     2
100
AcDbVertex
100
AcDb2dVertex
 10
12.956138377505322
 20
22.000966800705761
  0
VERTEX
  5
1436
100
AcDbEntity
  8
0
 62
     2
100
AcDbVertex
100
AcDb2dVertex
 10
13.072044456368548
 20
22.000966800705761
  0
VERTEX
  5
1437
100
AcDbEntity
  8
0
 62
     2
100
AcDbVertex
100
AcDb2dVertex
 10
13.072044456368548
 20
21.879261076607548
  0
VERTEX
  5
1438
100
AcDbEntity
  8
0
 62
     2
100
AcDbVertex
100
AcDb2dVertex
 10
12.956138377505322
 20
21.879261076607548
  0
SEQEND
  5
1439
100
AcDbEntity
  8
0
  0
POLYLINE
  5
143A
100
AcDbEntity
  8
0
 62
     2
100
AcDb2dPolyline
 66
     1
 10
0.0
 20
0.0
 30
0.0
 40
0.000000247740786108
 41
0.000000247740786108
  0
VERTEX
  5
143B
100
AcDbEntity
  8
0
 62
     2
100
AcDbVertex
100
AcDb2dVertex
 10
13.755607623908286
 20
21.981968834017259
  0
VERTEX
  5
143C
100
AcDbEntity
  8
0
 62
     2
100
AcDbVertex
100
AcDb2dVertex
 10
13.755607623908286
 20
21.879261076607548
  0
VERTEX
  5
143D
100
AcDbEntity
  8
0
 62
     2
100
AcDbVertex
100
AcDb2dVertex
 10
13.207739377964533
 20
21.879261076607548
  0
VERTEX
  5
143E
100
AcDbEntity
  8
0
 62
     2
100
AcDbVertex
100
AcDb2dVertex
 10
13.208555837240258
 20
21.904657767462524
  0
VERTEX
  5
143F
100
AcDbEntity
  8
0
 62
     2
100
AcDbVertex
100
AcDb2dVertex
 10
13.212513858113919
 20
21.929394588509304
  0
VERTEX
  5
1440
100
AcDbEntity
  8
0
 62
     2
100
AcDbVertex
100
AcDb2dVertex
 10
13.219612683604179
 20
21.953471883984506
  0
VERTEX
  5
1441
100
AcDbEntity
  8
0
 62
     2
100
AcDbVertex
100
AcDb2dVertex
 10
13.236354448373209
 20
21.99245739160272
  0
VERTEX
  5
1442
100
AcDbEntity
  8
0
 62
     2
100
AcDbVertex
100
AcDb2dVertex
 10
13.258687826252089
 20
22.031046905342237
  0
VERTEX
  5
1443
100
AcDbEntity
  8
0
 62
     2
100
AcDbVertex
100
AcDb2dVertex
 10
13.286612051142196
 20
22.069240743492561
  0
VERTEX
  5
1444
100
AcDbEntity
  8
0
 62
     2
100
AcDbVertex
100
AcDb2dVertex
 10
13.321886218170985
 20
22.109215718762041
  0
VERTEX
  5
1445
100
AcDbEntity
  8
0
 62
     2
100
AcDbVertex
100
AcDb2dVertex
 10
13.366270029530849
 20
22.153148422237496
  0
VERTEX
  5
1446
100
AcDbEntity
  8
0
 62
     2
100
AcDbVertex
100
AcDb2dVertex
 10
13.419762692958248
 20
22.201039137394041
  0
VERTEX
  5
1447
100
AcDbEntity
  8
0
 62
     2
100
AcDbVertex
100
AcDb2dVertex
 10
13.500111432904728
 20
22.273238081900431
  0
VERTEX
  5
1448
100
AcDbEntity
  8
0
 62
     2
100
AcDbVertex
100
AcDb2dVertex
 10
13.560985962170353
 20
22.334684551042432
  0
VERTEX
  5
1449
100
AcDbEntity
  8
0
 62
     2
100
AcDbVertex
100
AcDb2dVertex
 10
13.602385441606163
 20
22.385378782918405
  0
VERTEX
  5
144A
100
AcDbEntity
  8
0
 62
     2
100
AcDbVertex
100
AcDb2dVertex
 10
13.628770307363748
 20
22.429872344466069
  0
VERTEX
  5
144B
100
AcDbEntity
  8
0
 62
     2
100
AcDbVertex
100
AcDb2dVertex
 10
13.644601673746568
 20
22.472716653377599
  0
VERTEX
  5
144C
100
AcDbEntity
  8
0
 62
     2
100
AcDbVertex
100
AcDb2dVertex
 10
13.649878664164756
 20
22.513911901295298
  0
VERTEX
  5
144D
100
AcDbEntity
  8
0
 62
     2
100
AcDbVertex
100
AcDb2dVertex
 10
13.645072541111961
 20
22.554051751150279
  0
VERTEX
  5
144E
100
AcDbEntity
  8
0
 62
     2
100
AcDbVertex
100
AcDb2dVertex
 10
13.630655249187871
 20
22.589771834297178
  0
VERTEX
  5
144F
100
AcDbEntity
  8
0
 62
     2
100
AcDbVertex
100
AcDb2dVertex
 10
13.606625907906032
 20
22.621072307147625
  0
VERTEX
  5
1450
100
AcDbEntity
  8
0
 62
     2
100
AcDbVertex
100
AcDb2dVertex
 10
13.574869270107829
 20
22.645314543933942
  0
VERTEX
  5
1451
100
AcDbEntity
  8
0
 62
     2
100
AcDbVertex
100
AcDb2dVertex
 10
13.537270755607867
 20
22.659859818297001
  0
VERTEX
  5
1452
100
AcDbEntity
  8
0
 62
     2
100
AcDbVertex
100
AcDb2dVertex
 10
13.49382950432938
 20
22.664708261885277
  0
VERTEX
  5
1453
100
AcDbEntity
  8
0
 62
     2
100
AcDbVertex
100
AcDb2dVertex
 10
13.448095043532017
 20
22.659563015830415
  0
VERTEX
  5
1454
100
AcDbEntity
  8
0
 62
     2
100
AcDbVertex
100
AcDb2dVertex
 10
13.408894563599791
 20
22.64412712502169
  0
VERTEX
  5
1455
100
AcDbEntity
  8
0
 62
     2
100
AcDbVertex
100
AcDb2dVertex
 10
13.376227238946196
 20
22.618400718082054
  0
VERTEX
  5
1456
100
AcDbEntity
  8
0
 62
     2
100
AcDbVertex
100
AcDb2dVertex
 10
13.351663708495192
 20
22.583571153755287
  0
VERTEX
  5
1457
100
AcDbEntity
  8
0
 62
     2
100
AcDbVertex
100
AcDb2dVertex
 10
13.336775226497931
 20
22.540825678337779
  0
VERTEX
  5
1458
100
AcDbEntity
  8
0
 62
     2
100
AcDbVertex
100
AcDb2dVertex
 10
13.331560993920863
 20
22.49016444293467
  0
VERTEX
  5
1459
100
AcDbEntity
  8
0
 62
     2
100
AcDbVertex
100
AcDb2dVertex
 10
13.226962825190629
 20
22.50144448565597
  0
VERTEX
  5
145A
100
AcDbEntity
  8
0
 62
     2
100
AcDbVertex
100
AcDb2dVertex
 10
13.240720557806196
 20
22.576875697264263
  0
VERTEX
  5
145B
100
AcDbEntity
  8
0
 62
     2
100
AcDbVertex
100
AcDb2dVertex
 10
13.267671333265223
 20
22.639311673036058
  0
VERTEX
  5
145C
100
AcDbEntity
  8
0
 62
     2
100
AcDbVertex
100
AcDb2dVertex
 10
13.307814382641563
 20
22.688752563475411
  0
VERTEX
  5
145D
100
AcDbEntity
  8
0
 62
     2
100
AcDbVertex
100
AcDb2dVertex
 10
13.359893358439027
 20
22.724538697440487
  0
VERTEX
  5
145E
100
AcDbEntity
  8
0
 62
     2
100
AcDbVertex
100
AcDb2dVertex
 10
13.42265252773571
 20
22.746010321268017
  0
VERTEX
  5
145F
100
AcDbEntity
  8
0
 62
     2
100
AcDbVertex
100
AcDb2dVertex
 10
13.496091086355978
 20
22.753167544278611
  0
VERTEX
  5
1460
100
AcDbEntity
  8
0
 62
     2
100
AcDbVertex
100
AcDb2dVertex
 10
13.570094826169306
 20
22.745449649219204
  0
VERTEX
  5
1461
100
AcDbEntity
  8
0
 62
     2
100
AcDbVertex
100
AcDb2dVertex
 10
13.63304247959498
 20
22.722295842335122
  0
VERTEX
  5
1462
100
AcDbEntity
  8
0
 62
     2
100
AcDbVertex
100
AcDb2dVertex
 10
13.684933185577048
 20
22.683706228573779
  0
VERTEX
  5
1463
100
AcDbEntity
  8
0
 62
     2
100
AcDbVertex
100
AcDb2dVertex
 10
13.723568279824672
 20
22.633704671718611
  0
VERTEX
  5
1464
100
AcDbEntity
  8
0
 62
     2
100
AcDbVertex
100
AcDb2dVertex
 10
13.746749796727922
 20
22.576314935025003
  0
VERTEX
  5
1465
100
AcDbEntity
  8
0
 62
     2
100
AcDbVertex
100
AcDb2dVertex
 10
13.754476832894984
 20
22.511537155459234
  0
VERTEX
  5
1466
100
AcDbEntity
  8
0
 62
     2
100
AcDbVertex
100
AcDb2dVertex
 10
13.752214980788143
 20
22.476905496031275
  0
VERTEX
  5
1467
100
AcDbEntity
  8
0
 62
     2
100
AcDbVertex
100
AcDb2dVertex
 10
13.745430538950604
 20
22.442669516832069
  0
VERTEX
  5
1468
100
AcDbEntity
  8
0
 62
     2
100
AcDbVertex
100
AcDb2dVertex
 10
13.734122594655592
 20
22.408829398049523
  0
VERTEX
  5
1469
100
AcDbEntity
  8
0
 62
     2
100
AcDbVertex
100
AcDb2dVertex
 10
13.717568802576043
 20
22.374593538319299
  0
VERTEX
  5
146A
100
AcDbEntity
  8
0
 62
     2
100
AcDbVertex
100
AcDb2dVertex
 10
13.695047515527552
 20
22.339170176209649
  0
VERTEX
  5
146B
100
AcDbEntity
  8
0
 62
     2
100
AcDbVertex
100
AcDb2dVertex
 10
13.666557831610927
 20
22.302559521885719
  0
VERTEX
  5
146C
100
AcDbEntity
  8
0
 62
     2
100
AcDbVertex
100
AcDb2dVertex
 10
13.628142085929102
 20
22.260737677500025
  0
VERTEX
  5
146D
100
AcDbEntity
  8
0
 62
     2
100
AcDbVertex
100
AcDb2dVertex
 10
13.57584329274211
 20
22.209680560303234
  0
VERTEX
  5
146E
100
AcDbEntity
  8
0
 62
     2
100
AcDbVertex
100
AcDb2dVertex
 10
13.509660578515582
 20
22.149388415459676
  0
VERTEX
  5
146F
100
AcDbEntity
  8
0
 62
     2
100
AcDbVertex
100
AcDb2dVertex
 10
13.455884936264294
 20
22.101332877179388
  0
VERTEX
  5
1470
100
AcDbEntity
  8
0
 62
     2
100
AcDbVertex
100
AcDb2dVertex
 10
13.416684457581471
 20
22.064821064277851
  0
VERTEX
  5
1471
100
AcDbEntity
  8
0
 62
     2
100
AcDbVertex
100
AcDb2dVertex
 10
13.392058313132399
 20
22.039853263771285
  0
VERTEX
  5
1472
100
AcDbEntity
  8
0
 62
     2
100
AcDbVertex
100
AcDb2dVertex
 10
13.375724426604119
 20
22.020624509699442
  0
VERTEX
  5
1473
100
AcDbEntity
  8
0
 62
     2
100
AcDbVertex
100
AcDb2dVertex
 10
13.361401341969827
 20
22.001329595786824
  0
VERTEX
  5
1474
100
AcDbEntity
  8
0
 62
     2
100
AcDbVertex
100
AcDb2dVertex
 10
13.349088254627009
 20
21.981968834017259
  0
VERTEX
  5
1475
100
AcDbEntity
  8
0
 62
     2
100
AcDbVertex
100
AcDb2dVertex
 10
13.755607623908286
 20
21.981968834017259
  0
SEQEND
  5
1476
100
AcDbEntity
  8
0
  0
POLYLINE
  5
1477
100
AcDbEntity
  8
0
 62
     2
100
AcDb2dPolyline
 66
     1
 10
0.0
 20
0.0
 30
0.0
 40
0.000000247740786108
 41
0.000000247740786108
  0
VERTEX
  5
1478
100
AcDbEntity
  8
0
 62
     2
100
AcDbVertex
100
AcDb2dVertex
 10
11.029835886349101
 20
20.392816306941768
  0
VERTEX
  5
1479
100
AcDbEntity
  8
0
 62
     2
100
AcDbVertex
100
AcDb2dVertex
 10
10.92806469515212
 20
20.392816306941768
  0
VERTEX
  5
147A
100
AcDbEntity
  8
0
 62
     2
100
AcDbVertex
100
AcDb2dVertex
 10
10.92806469515212
 20
21.073774675432741
  0
VERTEX
  5
147B
100
AcDbEntity
  8
0
 62
     2
100
AcDbVertex
100
AcDb2dVertex
 10
10.901019915633572
 20
21.049235681413244
  0
VERTEX
  5
147C
100
AcDbEntity
  8
0
 62
     2
100
AcDbVertex
100
AcDb2dVertex
 10
10.868886632893496
 20
21.024696586803774
  0
VERTEX
  5
147D
100
AcDbEntity
  8
0
 62
     2
100
AcDbVertex
100
AcDb2dVertex
 10
10.831664761268311
 20
21.000157554514796
  0
VERTEX
  5
147E
100
AcDbEntity
  8
0
 62
     2
100
AcDbVertex
100
AcDb2dVertex
 10
10.793249258642913
 20
20.977663486909695
  0
VERTEX
  5
147F
100
AcDbEntity
  8
0
 62
     2
100
AcDbVertex
100
AcDb2dVertex
 10
10.757535127727369
 20
20.959259145784682
  0
VERTEX
  5
1480
100
AcDbEntity
  8
0
 62
     2
100
AcDbVertex
100
AcDb2dVertex
 10
10.72452231275815
 20
20.944944713826338
  0
VERTEX
  5
1481
100
AcDbEntity
  8
0
 62
     2
100
AcDbVertex
100
AcDb2dVertex
 10
10.72452231275815
 20
21.048246157695065
  0
VERTEX
  5
1482
100
AcDbEntity
  8
0
 62
     2
100
AcDbVertex
100
AcDb2dVertex
 10
10.77905155617098
 20
21.078326319044258
  0
VERTEX
  5
1483
100
AcDbEntity
  8
0
 62
     2
100
AcDbVertex
100
AcDb2dVertex
 10
10.828806378454079
 20
21.11236429209184
  0
VERTEX
  5
1484
100
AcDbEntity
  8
0
 62
     2
100
AcDbVertex
100
AcDb2dVertex
 10
10.873786726513725
 20
21.150360228645759
  0
VERTEX
  5
1485
100
AcDbEntity
  8
0
 62
     2
100
AcDbVertex
100
AcDb2dVertex
 10
10.912233596309544
 20
21.18993936424226
  0
VERTEX
  5
1486
100
AcDbEntity
  8
0
 62
     2
100
AcDbVertex
100
AcDb2dVertex
 10
10.942388053457908
 20
21.228726839500581
  0
VERTEX
  5
1487
100
AcDbEntity
  8
0
 62
     2
100
AcDbVertex
100
AcDb2dVertex
 10
10.964250007577707
 20
21.26672277461283
  0
VERTEX
  5
1488
100
AcDbEntity
  8
0
 62
     2
100
AcDbVertex
100
AcDb2dVertex
 10
11.029835886349101
 20
21.26672277461283
  0
VERTEX
  5
1489
100
AcDbEntity
  8
0
 62
     2
100
AcDbVertex
100
AcDb2dVertex
 10
11.029835886349101
 20
20.392816306941768
  0
SEQEND
  5
148A
100
AcDbEntity
  8
0
  0
POLYLINE
  5
148B
100
AcDbEntity
  8
0
 62
     2
100
AcDb2dPolyline
 66
     1
 10
0.0
 20
0.0
 30
0.0
 40
0.000000247740786108
 41
0.000000247740786108
  0
VERTEX
  5
148C
100
AcDbEntity
  8
0
 62
     2
100
AcDbVertex
100
AcDb2dVertex
 10
11.242424596849464
 20
20.377974145466375
  0
VERTEX
  5
148D
100
AcDbEntity
  8
0
 62
     2
100
AcDbVertex
100
AcDb2dVertex
 10
11.482717687175668
 20
21.27800281733413
  0
VERTEX
  5
148E
100
AcDbEntity
  8
0
 62
     2
100
AcDbVertex
100
AcDb2dVertex
 10
11.564134640133258
 20
21.27800281733413
  0
VERTEX
  5
148F
100
AcDbEntity
  8
0
 62
     2
100
AcDbVertex
100
AcDb2dVertex
 10
11.324406945313701
 20
20.377974145466375
  0
VERTEX
  5
1490
100
AcDbEntity
  8
0
 62
     2
100
AcDbVertex
100
AcDb2dVertex
 10
11.242424596849464
 20
20.377974145466375
  0
SEQEND
  5
1491
100
AcDbEntity
  8
0
  0
POLYLINE
  5
1492
100
AcDbEntity
  8
0
 62
     2
100
AcDb2dPolyline
 66
     1
 10
0.0
 20
0.0
 30
0.0
 40
0.000000247740786108
 41
0.000000247740786108
  0
VERTEX
  5
1493
100
AcDbEntity
  8
0
 62
     2
100
AcDbVertex
100
AcDb2dVertex
 10
12.14705740748931
 20
20.495524064351478
  0
VERTEX
  5
1494
100
AcDbEntity
  8
0
 62
     2
100
AcDbVertex
100
AcDb2dVertex
 10
12.14705740748931
 20
20.392816306941768
  0
VERTEX
  5
1495
100
AcDbEntity
  8
0
 62
     2
100
AcDbVertex
100
AcDb2dVertex
 10
11.599189161545556
 20
20.392816306941768
  0
VERTEX
  5
1496
100
AcDbEntity
  8
0
 62
     2
100
AcDbVertex
100
AcDb2dVertex
 10
11.600005758422615
 20
20.418212997796743
  0
VERTEX
  5
1497
100
AcDbEntity
  8
0
 62
     2
100
AcDbVertex
100
AcDb2dVertex
 10
11.603963623939929
 20
20.442949818843523
  0
VERTEX
  5
1498
100
AcDbEntity
  8
0
 62
     2
100
AcDbVertex
100
AcDb2dVertex
 10
11.611062467185203
 20
20.467027114318725
  0
VERTEX
  5
1499
100
AcDbEntity
  8
0
 62
     2
100
AcDbVertex
100
AcDb2dVertex
 10
11.627804369555573
 20
20.506012621936939
  0
VERTEX
  5
149A
100
AcDbEntity
  8
0
 62
     2
100
AcDbVertex
100
AcDb2dVertex
 10
11.650137592078107
 20
20.544602135676456
  0
VERTEX
  5
149B
100
AcDbEntity
  8
0
 62
     2
100
AcDbVertex
100
AcDb2dVertex
 10
11.67806183472322
 20
20.58279597382678
  0
VERTEX
  5
149C
100
AcDbEntity
  8
0
 62
     2
100
AcDbVertex
100
AcDb2dVertex
 10
11.713336139353348
 20
20.62277094909626
  0
VERTEX
  5
149D
100
AcDbEntity
  8
0
 62
     2
100
AcDbVertex
100
AcDb2dVertex
 10
11.757719795356859
 20
20.666703652571719
  0
VERTEX
  5
149E
100
AcDbEntity
  8
0
 62
     2
100
AcDbVertex
100
AcDb2dVertex
 10
11.811212476539271
 20
20.71459436772826
  0
VERTEX
  5
149F
100
AcDbEntity
  8
0
 62
     2
100
AcDbVertex
100
AcDb2dVertex
 10
11.891561354087084
 20
20.78679331223465
  0
VERTEX
  5
14A0
100
AcDbEntity
  8
0
 62
     2
100
AcDbVertex
100
AcDb2dVertex
 10
11.952435727996363
 20
20.848239781376652
  0
VERTEX
  5
14A1
100
AcDbEntity
  8
0
 62
     2
100
AcDbVertex
100
AcDb2dVertex
 10
11.993835225187187
 20
20.898934013252624
  0
VERTEX
  5
14A2
100
AcDbEntity
  8
0
 62
     2
100
AcDbVertex
100
AcDb2dVertex
 10
12.020220228546105
 20
20.943427574800289
  0
VERTEX
  5
14A3
100
AcDbEntity
  8
0
 62
     2
100
AcDbVertex
100
AcDb2dVertex
 10
12.036051439572578
 20
20.986271883711819
  0
VERTEX
  5
14A4
100
AcDbEntity
  8
0
 62
     2
100
AcDbVertex
100
AcDb2dVertex
 10
12.04132844774578
 20
21.027467131629518
  0
VERTEX
  5
14A5
100
AcDbEntity
  8
0
 62
     2
100
AcDbVertex
100
AcDb2dVertex
 10
12.036522462294325
 20
21.067606981484499
  0
VERTEX
  5
14A6
100
AcDbEntity
  8
0
 62
     2
100
AcDbVertex
100
AcDb2dVertex
 10
12.022105015013889
 20
21.103327064631397
  0
VERTEX
  5
14A7
100
AcDbEntity
  8
0
 62
     2
100
AcDbVertex
100
AcDb2dVertex
 10
11.998075691487056
 20
21.134627537481844
  0
VERTEX
  5
14A8
100
AcDbEntity
  8
0
 62
     2
100
AcDbVertex
100
AcDb2dVertex
 10
11.966319191290186
 20
21.158869774268165
  0
VERTEX
  5
14A9
100
AcDbEntity
  8
0
 62
     2
100
AcDbVertex
100
AcDb2dVertex
 10
11.928720521433878
 20
21.17341504863122
  0
VERTEX
  5
14AA
100
AcDbEntity
  8
0
 62
     2
100
AcDbVertex
100
AcDb2dVertex
 10
11.885279287910404
 20
21.178263492219497
  0
VERTEX
  5
14AB
100
AcDbEntity
  8
0
 62
     2
100
AcDbVertex
100
AcDb2dVertex
 10
11.839544964714381
 20
21.173118246164634
  0
VERTEX
  5
14AC
100
AcDbEntity
  8
0
 62
     2
100
AcDbVertex
100
AcDb2dVertex
 10
11.800344329425801
 20
21.157682355355909
  0
VERTEX
  5
14AD
100
AcDbEntity
  8
0
 62
     2
100
AcDbVertex
100
AcDb2dVertex
 10
11.76767702252722
 20
21.131955948416277
  0
VERTEX
  5
14AE
100
AcDbEntity
  8
0
 62
     2
100
AcDbVertex
100
AcDb2dVertex
 10
11.743113629677556
 20
21.097126384089506
  0
VERTEX
  5
14AF
100
AcDbEntity
  8
0
 62
     2
100
AcDbVertex
100
AcDb2dVertex
 10
11.728224992323941
 20
21.054380908671998
  0
VERTEX
  5
14B0
100
AcDbEntity
  8
0
 62
     2
100
AcDbVertex
100
AcDb2dVertex
 10
11.723010777501887
 20
21.00371967326889
  0
VERTEX
  5
14B1
100
AcDbEntity
  8
0
 62
     2
100
AcDbVertex
100
AcDb2dVertex
 10
11.618412608771653
 20
21.014999715990189
  0
VERTEX
  5
14B2
100
AcDbEntity
  8
0
 62
     2
100
AcDbVertex
100
AcDb2dVertex
 10
11.632170478988552
 20
21.090430927598483
  0
VERTEX
  5
14B3
100
AcDbEntity
  8
0
 62
     2
100
AcDbVertex
100
AcDb2dVertex
 10
11.659121099091234
 20
21.152866903370278
  0
VERTEX
  5
14B4
100
AcDbEntity
  8
0
 62
     2
100
AcDbVertex
100
AcDb2dVertex
 10
11.699264166222587
 20
21.202307793809631
  0
VERTEX
  5
14B5
100
AcDbEntity
  8
0
 62
     2
100
AcDbVertex
100
AcDb2dVertex
 10
11.751343279621391
 20
21.238093927774706
  0
VERTEX
  5
14B6
100
AcDbEntity
  8
0
 62
     2
100
AcDbVertex
100
AcDb2dVertex
 10
11.814102293561721
 20
21.259565551602236
  0
VERTEX
  5
14B7
100
AcDbEntity
  8
0
 62
     2
100
AcDbVertex
100
AcDb2dVertex
 10
11.887540869937002
 20
21.26672277461283
  0
VERTEX
  5
14B8
100
AcDbEntity
  8
0
 62
     2
100
AcDbVertex
100
AcDb2dVertex
 10
11.961544747351663
 20
21.259004879553427
  0
VERTEX
  5
14B9
100
AcDbEntity
  8
0
 62
     2
100
AcDbVertex
100
AcDb2dVertex
 10
12.024492245420991
 20
21.235851072669341
  0
VERTEX
  5
14BA
100
AcDbEntity
  8
0
 62
     2
100
AcDbVertex
100
AcDb2dVertex
 10
12.076382969158072
 20
21.197261458907999
  0
VERTEX
  5
14BB
100
AcDbEntity
  8
0
 62
     2
100
AcDbVertex
100
AcDb2dVertex
 10
12.115018201007036
 20
21.147259902052831
  0
VERTEX
  5
14BC
100
AcDbEntity
  8
0
 62
     2
100
AcDbVertex
100
AcDb2dVertex
 10
12.13819956255394
 20
21.089870165359223
  0
VERTEX
  5
14BD
100
AcDbEntity
  8
0
 62
     2
100
AcDbVertex
100
AcDb2dVertex
 10
12.145926616476007
 20
21.025092385793453
  0
VERTEX
  5
14BE
100
AcDbEntity
  8
0
 62
     2
100
AcDbVertex
100
AcDb2dVertex
 10
12.143664901970499
 20
20.990460726365495
  0
VERTEX
  5
14BF
100
AcDbEntity
  8
0
 62
     2
100
AcDbVertex
100
AcDb2dVertex
 10
12.136880304776614
 20
20.956224747166289
  0
VERTEX
  5
14C0
100
AcDbEntity
  8
0
 62
     2
100
AcDbVertex
100
AcDb2dVertex
 10
12.125572378236615
 20
20.922384628383742
  0
VERTEX
  5
14C1
100
AcDbEntity
  8
0
 62
     2
100
AcDbVertex
100
AcDb2dVertex
 10
12.109018723758407
 20
20.888148768653519
  0
VERTEX
  5
14C2
100
AcDbEntity
  8
0
 62
     2
100
AcDbVertex
100
AcDb2dVertex
 10
12.086497281353569
 20
20.852725406543868
  0
VERTEX
  5
14C3
100
AcDbEntity
  8
0
 62
     2
100
AcDbVertex
100
AcDb2dVertex
 10
12.058007615191951
 20
20.816114752219939
  0
VERTEX
  5
14C4
100
AcDbEntity
  8
0
 62
     2
100
AcDbVertex
100
AcDb2dVertex
 10
12.019592007111459
 20
20.774292907834244
  0
VERTEX
  5
14C5
100
AcDbEntity
  8
0
 62
     2
100
AcDbVertex
100
AcDb2dVertex
 10
11.967293058568121
 20
20.723235790637453
  0
VERTEX
  5
14C6
100
AcDbEntity
  8
0
 62
     2
100
AcDbVertex
100
AcDb2dVertex
 10
11.901110362096606
 20
20.662943645793895
  0
VERTEX
  5
14C7
100
AcDbEntity
  8
0
 62
     2
100
AcDbVertex
100
AcDb2dVertex
 10
11.847334857446658
 20
20.614888107513607
  0
VERTEX
  5
14C8
100
AcDbEntity
  8
0
 62
     2
100
AcDbVertex
100
AcDb2dVertex
 10
11.808134223407482
 20
20.57837629461207
  0
VERTEX
  5
14C9
100
AcDbEntity
  8
0
 62
     2
100
AcDbVertex
100
AcDb2dVertex
 10
11.783508096713422
 20
20.553408494105504
  0
VERTEX
  5
14CA
100
AcDbEntity
  8
0
 62
     2
100
AcDbVertex
100
AcDb2dVertex
 10
11.767174347786483
 20
20.534179740033661
  0
VERTEX
  5
14CB
100
AcDbEntity
  8
0
 62
     2
100
AcDbVertex
100
AcDb2dVertex
 10
11.752851107795838
 20
20.514884826121044
  0
VERTEX
  5
14CC
100
AcDbEntity
  8
0
 62
     2
100
AcDbVertex
100
AcDb2dVertex
 10
11.740538038208033
 20
20.495524064351478
  0
VERTEX
  5
14CD
100
AcDbEntity
  8
0
 62
     2
100
AcDbVertex
100
AcDb2dVertex
 10
12.14705740748931
 20
20.495524064351478
  0
SEQEND
  5
14CE
100
AcDbEntity
  8
0
  0
POLYLINE
  5
14CF
100
AcDbEntity
  8
0
 62
     2
100
AcDb2dPolyline
 66
     1
 10
0.0
 20
0.0
 30
0.0
 40
0.000000247740786108
 41
0.000000247740786108
  0
VERTEX
  5
14D0
100
AcDbEntity
  8
0
 62
     2
100
AcDbVertex
100
AcDb2dVertex
 10
12.289537075165082
 20
20.955037383629605
  0
VERTEX
  5
14D1
100
AcDbEntity
  8
0
 62
     2
100
AcDbVertex
100
AcDb2dVertex
 10
12.261267299832593
 20
21.120675905694977
  0
VERTEX
  5
14D2
100
AcDbEntity
  8
0
 62
     2
100
AcDbVertex
100
AcDb2dVertex
 10
12.261267299832593
 20
21.263160655858737
  0
VERTEX
  5
14D3
100
AcDbEntity
  8
0
 62
     2
100
AcDbVertex
100
AcDb2dVertex
 10
12.377173378695819
 20
21.263160655858737
  0
VERTEX
  5
14D4
100
AcDbEntity
  8
0
 62
     2
100
AcDbVertex
100
AcDb2dVertex
 10
12.377173378695819
 20
21.120675905694977
  0
VERTEX
  5
14D5
100
AcDbEntity
  8
0
 62
     2
100
AcDbVertex
100
AcDb2dVertex
 10
12.351730580896575
 20
20.955037383629605
  0
VERTEX
  5
14D6
100
AcDbEntity
  8
0
 62
     2
100
AcDbVertex
100
AcDb2dVertex
 10
12.289537075165082
 20
20.955037383629605
  0
SEQEND
  5
14D7
100
AcDbEntity
  8
0
  0
POLYLINE
  5
14D8
100
AcDbEntity
  8
0
 62
     2
100
AcDb2dPolyline
 66
     1
 10
0.0
 20
0.0
 30
0.0
 40
0.000000247740786108
 41
0.000000247740786108
  0
VERTEX
  5
14D9
100
AcDbEntity
  8
0
 62
     2
100
AcDbVertex
100
AcDb2dVertex
 10
12.44897860804036
 20
21.120675905694977
  0
VERTEX
  5
14DA
100
AcDbEntity
  8
0
 62
     2
100
AcDbVertex
100
AcDb2dVertex
 10
12.44897860804036
 20
21.263160655858737
  0
VERTEX
  5
14DB
100
AcDbEntity
  8
0
 62
     2
100
AcDbVertex
100
AcDb2dVertex
 10
12.564884686903586
 20
21.263160655858737
  0
VERTEX
  5
14DC
100
AcDbEntity
  8
0
 62
     2
100
AcDbVertex
100
AcDb2dVertex
 10
12.564884686903586
 20
21.120675905694977
  0
VERTEX
  5
14DD
100
AcDbEntity
  8
0
 62
     2
100
AcDbVertex
100
AcDb2dVertex
 10
12.537745702584392
 20
20.955037383629605
  0
VERTEX
  5
14DE
100
AcDbEntity
  8
0
 62
     2
100
AcDbVertex
100
AcDb2dVertex
 10
12.476682987866209
 20
20.955037383629605
  0
VERTEX
  5
14DF
100
AcDbEntity
  8
0
 62
     2
100
AcDbVertex
100
AcDb2dVertex
 10
12.44897860804036
 20
21.120675905694977
  0
SEQEND
  5
14E0
100
AcDbEntity
  8
0
  0
ENDSEC
  0
EOF
